-- phpMyAdmin SQL Dump
-- version 4.8.3
-- https://www.phpmyadmin.net/
--
-- Host: 127.0.0.1
-- Generation Time: Dec 30, 2019 at 09:25 AM
-- Server version: 10.1.36-MariaDB
-- PHP Version: 7.2.11

SET SQL_MODE = "NO_AUTO_VALUE_ON_ZERO";
SET AUTOCOMMIT = 0;
START TRANSACTION;
SET time_zone = "+00:00";


/*!40101 SET @OLD_CHARACTER_SET_CLIENT=@@CHARACTER_SET_CLIENT */;
/*!40101 SET @OLD_CHARACTER_SET_RESULTS=@@CHARACTER_SET_RESULTS */;
/*!40101 SET @OLD_COLLATION_CONNECTION=@@COLLATION_CONNECTION */;
/*!40101 SET NAMES utf8mb4 */;

--
-- Database: `ge_rms`
--

DELIMITER $$
--
-- Procedures
--
CREATE DEFINER=`root`@`localhost` PROCEDURE `displaypvstatus` ()  BEGIN
select * from ma_pv_status;
END$$

DELIMITER ;

-- --------------------------------------------------------

--
-- Table structure for table `aging`
--

CREATE TABLE `aging` (
  `pv_id` bigint(20) NOT NULL,
  `result` tinyint(4) NOT NULL,
  `comment` varchar(200) DEFAULT NULL,
  `created_by` tinyint(4) NOT NULL,
  `created_at` timestamp NOT NULL DEFAULT CURRENT_TIMESTAMP,
  `updated_by` tinyint(4) DEFAULT NULL,
  `updated_at` datetime DEFAULT NULL
) ENGINE=InnoDB DEFAULT CHARSET=latin1;

--
-- Dumping data for table `aging`
--

INSERT INTO `aging` (`pv_id`, `result`, `comment`, `created_by`, `created_at`, `updated_by`, `updated_at`) VALUES
(1, 1, '', 1, '2019-12-02 07:50:08', 1, '2019-12-19 13:04:38'),
(2, 1, '', 1, '2019-12-09 05:03:46', NULL, '2019-12-09 10:33:46'),
(3, 1, '', 1, '2019-12-09 05:30:43', NULL, '2019-12-09 11:00:43'),
(4, 1, '', 1, '2019-12-10 09:53:07', NULL, '2019-12-10 15:23:07'),
(5, 1, '', 1, '2019-12-12 04:55:49', NULL, '2019-12-12 10:25:49'),
(6, 1, '', 1, '2019-12-10 14:24:46', 1, '2019-12-12 09:43:58'),
(7, 1, '', 1, '2019-12-19 08:46:36', NULL, '2019-12-19 14:16:36'),
(8, 1, '', 1, '2019-12-16 13:55:26', NULL, '2019-12-16 19:25:26'),
(9, 1, '', 1, '2019-12-16 14:10:32', NULL, '2019-12-16 19:40:32'),
(10, 1, '', 1, '2019-12-19 12:17:14', NULL, '2019-12-19 17:47:14'),
(11, 1, '', 1, '2019-12-23 11:25:17', NULL, '2019-12-23 16:55:17'),
(12, 1, '', 1, '2019-12-23 11:25:17', NULL, '2019-12-23 16:55:17'),
(13, 1, '', 1, '2019-12-23 11:25:17', NULL, '2019-12-23 16:55:17'),
(14, 1, 'Passed', 1, '2019-12-27 08:56:46', NULL, '2019-12-27 14:26:46'),
(16, 1, 'na', 1, '2019-12-27 09:21:13', 1, '2019-12-27 15:33:57'),
(104, 1, 'Changed The card and Passed', 1, '2019-11-09 18:49:50', 1, '2019-11-10 00:20:57'),
(106, 1, '', 1, '2019-11-14 06:52:13', NULL, '2019-11-14 12:22:13'),
(107, 1, '', 1, '2019-11-19 14:12:49', NULL, '2019-11-19 19:42:49'),
(114, 1, '', 1, '2019-11-10 16:13:17', NULL, '2019-11-10 21:43:17'),
(125, 1, '', 1, '2019-11-20 02:51:06', NULL, '2019-11-20 08:21:06'),
(126, 1, '', 1, '2019-11-20 06:12:16', 1, '2019-11-21 08:06:41'),
(132, 1, '', 1, '2019-11-25 11:26:03', NULL, '2019-11-25 16:56:03');

-- --------------------------------------------------------

--
-- Table structure for table `aging_tracking`
--

CREATE TABLE `aging_tracking` (
  `pv_id` bigint(20) NOT NULL,
  `result` tinyint(4) NOT NULL,
  `comment` varchar(200) DEFAULT NULL,
  `created_by` tinyint(4) NOT NULL,
  `created_at` timestamp NOT NULL DEFAULT CURRENT_TIMESTAMP
) ENGINE=InnoDB DEFAULT CHARSET=latin1;

--
-- Dumping data for table `aging_tracking`
--

INSERT INTO `aging_tracking` (`pv_id`, `result`, `comment`, `created_by`, `created_at`) VALUES
(104, 0, 'Error Code 132323', 1, '2019-11-09 18:49:50'),
(104, 1, 'Changed The card and Passed', 1, '2019-11-09 18:50:57'),
(114, 1, '', 1, '2019-11-10 16:13:17'),
(106, 1, '', 1, '2019-11-14 06:52:13'),
(107, 1, '', 1, '2019-11-19 14:12:49'),
(125, 1, '', 1, '2019-11-20 02:51:06'),
(126, 1, '', 1, '2019-11-20 06:12:16'),
(126, 1, '', 1, '2019-11-21 02:30:06'),
(126, 0, '', 1, '2019-11-21 02:32:41'),
(126, 0, '', 1, '2019-11-21 02:36:30'),
(126, 1, '', 1, '2019-11-21 02:36:41'),
(132, 1, '', 1, '2019-11-25 11:26:03'),
(1, 1, '', 1, '2019-12-02 07:50:08'),
(2, 1, '', 1, '2019-12-09 05:03:46'),
(3, 1, '', 1, '2019-12-09 05:30:43'),
(4, 1, '', 1, '2019-12-10 09:53:07'),
(6, 1, '', 1, '2019-12-10 14:24:46'),
(6, 1, '', 1, '2019-12-12 04:13:58'),
(5, 1, '', 1, '2019-12-12 04:55:49'),
(8, 1, '', 1, '2019-12-16 13:55:26'),
(9, 1, '', 1, '2019-12-16 14:10:32'),
(1, 1, '', 1, '2019-12-19 07:34:38'),
(7, 1, '', 1, '2019-12-19 08:46:36'),
(10, 1, '', 1, '2019-12-19 12:17:14'),
(11, 1, '', 1, '2019-12-23 11:25:17'),
(12, 1, '', 1, '2019-12-23 11:25:17'),
(13, 1, '', 1, '2019-12-23 11:25:17'),
(14, 1, 'Passed', 1, '2019-12-27 08:56:46'),
(16, 1, 'NILLL', 1, '2019-12-27 09:21:13'),
(16, 1, 'na', 1, '2019-12-27 10:03:57');

-- --------------------------------------------------------

--
-- Table structure for table `auto_test_bench`
--

CREATE TABLE `auto_test_bench` (
  `pv_id` bigint(20) NOT NULL,
  `result` tinyint(4) NOT NULL,
  `comment` varchar(200) DEFAULT NULL,
  `created_by` tinyint(4) NOT NULL,
  `created_at` timestamp NOT NULL DEFAULT CURRENT_TIMESTAMP,
  `updated_by` tinyint(4) DEFAULT NULL,
  `updated_at` datetime DEFAULT NULL
) ENGINE=InnoDB DEFAULT CHARSET=latin1;

--
-- Dumping data for table `auto_test_bench`
--

INSERT INTO `auto_test_bench` (`pv_id`, `result`, `comment`, `created_by`, `created_at`, `updated_by`, `updated_at`) VALUES
(1, 1, '', 1, '2019-12-02 07:49:50', 1, '2019-12-19 13:04:21'),
(2, 1, '', 1, '2019-12-09 05:03:30', NULL, '2019-12-09 10:33:30'),
(3, 1, '', 1, '2019-12-09 05:30:28', NULL, '2019-12-09 11:00:28'),
(4, 1, '', 1, '2019-12-10 09:51:10', NULL, '2019-12-10 15:21:10'),
(5, 1, '', 1, '2019-12-12 04:55:33', NULL, '2019-12-12 10:25:33'),
(6, 1, '', 1, '2019-12-10 14:24:14', 1, '2019-12-12 09:43:43'),
(7, 1, '', 1, '2019-12-19 08:46:21', NULL, '2019-12-19 14:16:21'),
(8, 1, '', 1, '2019-12-16 13:55:07', NULL, '2019-12-16 19:25:07'),
(9, 1, '', 1, '2019-12-16 14:10:17', NULL, '2019-12-16 19:40:17'),
(10, 1, '', 1, '2019-12-19 12:16:45', NULL, '2019-12-19 17:46:45'),
(11, 1, '', 1, '2019-12-23 11:25:00', NULL, '2019-12-23 16:55:00'),
(12, 1, '', 1, '2019-12-23 11:25:00', NULL, '2019-12-23 16:55:00'),
(13, 1, '', 1, '2019-12-23 11:25:00', NULL, '2019-12-23 16:55:00'),
(14, 1, 'passed', 1, '2019-12-27 08:56:28', NULL, '2019-12-27 14:26:28'),
(16, 1, 'na', 1, '2019-12-27 09:20:56', 1, '2019-12-27 15:33:39'),
(104, 1, 'Passed', 1, '2019-11-09 18:48:30', 1, '2019-11-10 00:18:48'),
(106, 1, '', 1, '2019-11-14 06:51:52', NULL, '2019-11-14 12:21:52'),
(107, 1, '', 1, '2019-11-19 14:12:21', NULL, '2019-11-19 19:42:21'),
(114, 1, '', 1, '2019-11-10 16:12:44', NULL, '2019-11-10 21:42:44'),
(125, 1, '', 1, '2019-11-20 02:50:32', NULL, '2019-11-20 08:20:32'),
(126, 1, '', 1, '2019-11-20 06:02:51', 1, '2019-11-21 07:52:24'),
(132, 1, '', 1, '2019-11-25 11:18:40', NULL, '2019-11-25 16:48:40');

-- --------------------------------------------------------

--
-- Table structure for table `auto_test_bench_tracking`
--

CREATE TABLE `auto_test_bench_tracking` (
  `pv_id` bigint(20) NOT NULL,
  `result` tinyint(4) NOT NULL,
  `comment` varchar(200) DEFAULT NULL,
  `created_by` tinyint(4) NOT NULL,
  `created_at` timestamp NOT NULL DEFAULT CURRENT_TIMESTAMP
) ENGINE=InnoDB DEFAULT CHARSET=latin1;

--
-- Dumping data for table `auto_test_bench_tracking`
--

INSERT INTO `auto_test_bench_tracking` (`pv_id`, `result`, `comment`, `created_by`, `created_at`) VALUES
(104, 0, 'Test Bench Error', 1, '2019-11-09 18:48:30'),
(104, 1, 'Passed', 1, '2019-11-09 18:48:48'),
(114, 1, '', 1, '2019-11-10 16:12:44'),
(106, 1, '', 1, '2019-11-14 06:51:52'),
(107, 1, '', 1, '2019-11-19 14:12:21'),
(125, 1, '', 1, '2019-11-20 02:50:32'),
(126, 1, '', 1, '2019-11-20 06:02:51'),
(126, 1, '', 1, '2019-11-21 02:03:13'),
(126, 0, '', 1, '2019-11-21 02:14:51'),
(126, 0, '', 1, '2019-11-21 02:15:07'),
(126, 0, '', 1, '2019-11-21 02:19:21'),
(126, 0, '', 1, '2019-11-21 02:21:55'),
(126, 1, '', 1, '2019-11-21 02:22:25'),
(132, 1, '', 1, '2019-11-25 11:18:40'),
(1, 1, '', 1, '2019-12-02 07:49:50'),
(2, 1, '', 1, '2019-12-09 05:03:30'),
(3, 1, '', 1, '2019-12-09 05:30:28'),
(4, 1, '', 1, '2019-12-10 09:51:11'),
(6, 1, '', 1, '2019-12-10 14:24:14'),
(6, 1, '', 1, '2019-12-12 04:13:43'),
(5, 1, '', 1, '2019-12-12 04:55:33'),
(8, 1, '', 1, '2019-12-16 13:55:07'),
(9, 1, '', 1, '2019-12-16 14:10:17'),
(1, 1, '', 1, '2019-12-19 07:34:21'),
(7, 1, '', 1, '2019-12-19 08:46:21'),
(10, 1, '', 1, '2019-12-19 12:16:45'),
(11, 1, '', 1, '2019-12-23 11:25:00'),
(12, 1, '', 1, '2019-12-23 11:25:00'),
(13, 1, '', 1, '2019-12-23 11:25:00'),
(14, 1, 'passed', 1, '2019-12-27 08:56:28'),
(16, 1, 'NA', 1, '2019-12-27 09:20:56'),
(16, 1, 'na', 1, '2019-12-27 10:03:39');

-- --------------------------------------------------------

--
-- Table structure for table `dispatch`
--

CREATE TABLE `dispatch` (
  `id` bigint(20) NOT NULL,
  `date` date NOT NULL,
  `pv_id` bigint(16) NOT NULL,
  `dc_no` varchar(100) NOT NULL,
  `docket_details` varchar(100) DEFAULT NULL,
  `courier_name` varchar(100) DEFAULT NULL,
  `person_name` varchar(100) DEFAULT NULL,
  `concern_name` varchar(100) NOT NULL,
  `contact` varchar(15) NOT NULL,
  `created_by` tinyint(4) NOT NULL,
  `updated_at` timestamp NOT NULL DEFAULT CURRENT_TIMESTAMP,
  `created_at` timestamp NOT NULL DEFAULT CURRENT_TIMESTAMP
) ENGINE=InnoDB DEFAULT CHARSET=latin1;

--
-- Dumping data for table `dispatch`
--

INSERT INTO `dispatch` (`id`, `date`, `pv_id`, `dc_no`, `docket_details`, `courier_name`, `person_name`, `concern_name`, `contact`, `created_by`, `updated_at`, `created_at`) VALUES
(1, '2019-11-10', 104, 'D1215454', 'NA', 'DHL', 'NA', '', '', 1, '2019-11-09 18:53:02', '2019-11-09 18:53:02'),
(2, '2019-11-10', 114, 'DC45565', 'na', 'DHL', 'na', '', '', 1, '2019-11-10 16:14:41', '2019-11-10 16:14:41'),
(5, '2019-11-14', 106, 'CASDAW', 'VASAS', 'ADCA', 'AFASA', '', '', 1, '2019-11-14 06:59:38', '2019-11-14 06:59:38'),
(6, '2019-12-02', 1, 'ZXCAWD', 'VZAWE', 'CZAWE', 'PRE', '', '', 1, '2019-12-02 07:58:45', '2019-12-02 07:58:45'),
(7, '2019-12-10', 2, 'asdadfaf', 'sdfsafas', 'sdfsagdfsda', NULL, '', '', 1, '2019-12-10 11:17:14', '2019-12-10 11:17:14'),
(8, '2019-12-10', 4, 'asdadfaf', 'sdfsafas', 'sdfsagdfsda', NULL, '', '', 1, '2019-12-10 11:17:14', '2019-12-10 11:17:14'),
(9, '2019-12-10', 3, 'vcd', NULL, NULL, 'Sujan', 'Sujan bhai', '1232423425', 1, '2019-12-10 11:21:08', '2019-12-10 11:21:08'),
(10, '2019-12-23', 13, 'ADFSfa', 'AFqreq', 'XCVEARFeq', NULL, '', '', 1, '2019-12-23 12:28:52', '2019-12-23 12:28:52'),
(11, '2019-12-23', 11, 'asfdaf', 'asdafa', 'asdasfA', NULL, '', '', 1, '2019-12-23 12:29:48', '2019-12-23 12:29:48'),
(12, '2019-12-23', 12, 'asfdaf', 'asdafa', 'asdasfA', NULL, '', '', 1, '2019-12-23 12:29:48', '2019-12-23 12:29:48'),
(13, '2019-12-30', 1, 'D33531', 'AFGA', 'FED', NULL, '', '', 1, '2019-12-30 07:54:24', '2019-12-30 07:54:24');

-- --------------------------------------------------------

--
-- Table structure for table `job_tickets`
--

CREATE TABLE `job_tickets` (
  `id` bigint(20) NOT NULL,
  `pv_id` bigint(20) NOT NULL,
  `nature_of_defect` varchar(100) DEFAULT NULL,
  `comment` varchar(200) DEFAULT NULL,
  `power_on_test` varchar(200) DEFAULT NULL,
  `created_by` tinyint(4) NOT NULL,
  `updated_by` tinyint(4) NOT NULL,
  `created_at` timestamp NOT NULL DEFAULT CURRENT_TIMESTAMP,
  `updated_at` datetime NOT NULL
) ENGINE=InnoDB DEFAULT CHARSET=latin1;

--
-- Dumping data for table `job_tickets`
--

INSERT INTO `job_tickets` (`id`, `pv_id`, `nature_of_defect`, `comment`, `power_on_test`, `created_by`, `updated_by`, `created_at`, `updated_at`) VALUES
(27, 104, '', 'Changed Display cart and updated the Firmware', 'LED Display Broken', 1, 1, '2019-11-09 18:47:37', '2019-11-10 00:17:48'),
(28, 114, '', NULL, NULL, 1, 1, '2019-11-10 16:11:53', '2019-11-10 21:42:22'),
(29, 106, '', NULL, NULL, 1, 1, '2019-11-14 06:50:08', '2019-11-14 12:20:08'),
(30, 107, '', NULL, NULL, 1, 1, '2019-11-19 14:12:03', '2019-11-19 19:42:03'),
(31, 125, '', NULL, NULL, 1, 1, '2019-11-20 01:19:52', '2019-11-20 06:57:04'),
(32, 126, '', NULL, NULL, 1, 1, '2019-11-20 02:00:35', '2019-11-21 07:32:42'),
(33, 132, '', NULL, NULL, 1, 1, '2019-11-21 08:20:00', '2019-11-21 13:50:00'),
(34, 127, '', NULL, '23', 1, 1, '2019-11-25 11:22:59', '2019-11-25 16:52:59'),
(35, 1, '', 'CVdfaw', NULL, 1, 1, '2019-12-02 07:48:01', '2019-12-19 12:58:12'),
(36, 2, '', NULL, NULL, 1, 1, '2019-12-06 07:10:22', '2019-12-06 13:44:02'),
(37, 3, '', NULL, 'ADSAD', 1, 1, '2019-12-09 05:30:01', '2019-12-09 11:00:01'),
(38, 4, '', 'AFaef', NULL, 1, 1, '2019-12-10 09:38:35', '2019-12-10 15:08:35'),
(39, 6, '', 'ASDfsgfadga', NULL, 1, 1, '2019-12-10 09:49:57', '2019-12-12 09:41:37'),
(40, 5, '', 'ZXCAS', NULL, 1, 1, '2019-12-12 04:55:15', '2019-12-12 10:25:15'),
(41, 8, '', 'cmbLKDFHLUIW', NULL, 1, 1, '2019-12-16 12:04:58', '2019-12-16 19:24:42'),
(42, 9, '', 'sdvsdbvsc', NULL, 1, 1, '2019-12-16 14:09:44', '2019-12-16 19:39:44'),
(43, 7, '', 'Adsfds', NULL, 1, 1, '2019-12-19 08:23:10', '2019-12-19 14:14:56'),
(44, 10, '', 'ADASF', NULL, 1, 1, '2019-12-19 12:15:50', '2019-12-19 17:45:50'),
(45, 11, '', 'Dess', NULL, 1, 1, '2019-12-23 11:23:51', '2019-12-23 16:53:51'),
(46, 12, '', 'sdfasdfas', NULL, 1, 1, '2019-12-23 11:24:10', '2019-12-23 16:54:10'),
(47, 13, '', 'sdfsdfasf', NULL, 1, 1, '2019-12-23 11:24:23', '2019-12-23 16:54:23'),
(48, 14, '', 'NA', 'NA', 1, 1, '2019-12-27 08:55:24', '2019-12-27 14:25:24'),
(49, 16, '', 'NA', 'No display', 1, 1, '2019-12-27 09:20:30', '2019-12-27 15:20:20');

-- --------------------------------------------------------

--
-- Table structure for table `job_ticket_materials`
--

CREATE TABLE `job_ticket_materials` (
  `id` bigint(20) NOT NULL,
  `jt_id` bigint(20) NOT NULL,
  `part_no` varchar(50) DEFAULT NULL,
  `value` varchar(25) DEFAULT NULL,
  `quantity` int(11) DEFAULT NULL,
  `old_pcp` varchar(100) DEFAULT NULL,
  `new_pcp` varchar(100) DEFAULT NULL,
  `comment` varchar(200) DEFAULT NULL,
  `created_by` tinyint(4) NOT NULL,
  `updated_by` tinyint(4) NOT NULL,
  `created_at` timestamp NOT NULL DEFAULT CURRENT_TIMESTAMP,
  `updated_at` datetime NOT NULL
) ENGINE=InnoDB DEFAULT CHARSET=latin1;

--
-- Dumping data for table `job_ticket_materials`
--

INSERT INTO `job_ticket_materials` (`id`, `jt_id`, `part_no`, `value`, `quantity`, `old_pcp`, `new_pcp`, `comment`, `created_by`, `updated_by`, `created_at`, `updated_at`) VALUES
(48, 27, 'EZN0069101', NULL, NULL, 'EZN0069101.A.4566564', 'EZN0069101.B.456646.PCB', 'Display card changed', 1, 1, '2019-11-09 18:47:48', '2019-11-10 00:17:48'),
(50, 28, 'NA', NULL, NULL, 'NA', 'NA', 'NA', 1, 1, '2019-11-10 16:12:22', '2019-11-10 21:42:22'),
(51, 29, 'ASAFA', NULL, NULL, 'ZXVASDA', 'AFAFAF', 'ZXAFDAD', 1, 1, '2019-11-14 06:50:08', '2019-11-14 12:20:08'),
(52, 30, 'AFSDad', NULL, NULL, 'ASfasf', 'asfasdfa', NULL, 1, 1, '2019-11-19 14:12:03', '2019-11-19 19:42:03'),
(58, 31, 'ASDAFAFQFASCAS', NULL, 12345, 'ADAFAFSA', 'ZXVCAFDAFWe', NULL, 1, 1, '2019-11-20 01:27:04', '2019-11-20 06:57:04'),
(65, 32, 'ASDAFAFQFASCAS', NULL, 123, 'sdfasd', 'sdfsad', NULL, 1, 1, '2019-11-21 02:02:42', '2019-11-21 07:32:42'),
(66, 33, 'AFSDad', NULL, 2, 'ZCASDAWD', 'ZXASDADW1', NULL, 1, 1, '2019-11-21 08:20:00', '2019-11-21 15:53:50'),
(67, 34, 'DKJSGJ', NULL, 0, 'DFGDSF', 'DFGDSFGSD', NULL, 1, 1, '2019-11-25 11:22:59', '2019-11-25 16:52:59'),
(70, 36, 'ASDAFAFQFASCAS', NULL, 2, 'VCXSARWQE', 'CXVAFEFREQ', NULL, 1, 1, '2019-12-06 08:14:02', '2019-12-27 14:23:36'),
(71, 36, 'ZXVAWREWQR', NULL, 3, 'CVSDGFEAGF', 'CVERETQ', NULL, 1, 1, '2019-12-06 08:14:02', '2019-12-27 14:23:36'),
(72, 37, 'KJHIOHIOH', NULL, 2, 'cvsa', 'xcvafa', NULL, 1, 1, '2019-12-09 05:30:01', '2019-12-09 11:00:01'),
(75, 39, 'zxvsadf', NULL, 2, 'dvsvsv', 'xcvvasfd', 'sdfadsfwafabfsvd', 1, 1, '2019-12-12 04:11:37', '2019-12-12 09:41:37'),
(76, 40, 'cvsfasdfad', NULL, 2, 'xcvxcvzx', 'xcvcvsf', NULL, 1, 1, '2019-12-12 04:55:15', '2019-12-12 10:25:15'),
(77, 41, 'MXNVCSJHOSIA', NULL, 1, 'SDFSFDASD', 'SDFSDGSAD', NULL, 1, 1, '2019-12-16 13:54:42', '2019-12-16 19:24:42'),
(78, 42, 'SDFD', NULL, 2, 'sdfsdag', 'sgsaga', NULL, 1, 1, '2019-12-16 14:09:44', '2019-12-16 19:39:44'),
(80, 35, 'ASDAFAFQFASCAS', NULL, 12, 'ZXCVAFQEF', 'VCVSFEGEW', NULL, 1, 1, '2019-12-19 07:28:12', '2019-12-19 12:58:12'),
(81, 44, 'CXVSV', NULL, 3, 'DSFSGFSFA', 'SGSGSFS', NULL, 1, 1, '2019-12-19 12:15:50', '2019-12-19 17:45:50'),
(82, 45, 'MXNVCSJHOSIA', NULL, 2, 'ASDASFAF', 'sdfsadfadsfdsa', NULL, 1, 1, '2019-12-23 11:23:51', '2019-12-23 16:53:51'),
(83, 46, 'Zxcafas', NULL, 4, 'sdfsdfsadf', 'sadfasdfsdf', NULL, 1, 1, '2019-12-23 11:24:10', '2019-12-23 16:54:10'),
(84, 47, 'sdfsfasfas', NULL, 3, 'sfsdfsafsadf', 'sdfsdfasfas', NULL, 1, 1, '2019-12-23 11:24:23', '2019-12-23 16:54:23'),
(85, 48, '212', NULL, 3, '121', '1321', '121', 1, 1, '2019-12-27 08:55:24', '2019-12-27 14:25:24'),
(86, 49, 'EZN0069101', NULL, 1, 'EZN0069101.NA.12132424', 'EZN0069101/VA.54656575', 'Display burnt', 1, 1, '2019-12-27 09:50:20', '2019-12-27 15:20:20'),
(87, 49, 'EZN0070101', NULL, 1, 'EZN0070101.BA.45464', 'EZN0070101.AD.54564342', 'Display fault', 1, 1, '2019-12-27 09:50:20', '2019-12-27 15:20:20');

-- --------------------------------------------------------

--
-- Table structure for table `ma_customer`
--

CREATE TABLE `ma_customer` (
  `id` bigint(20) UNSIGNED NOT NULL,
  `code` varchar(25) COLLATE utf8mb4_unicode_ci DEFAULT NULL,
  `name` varchar(100) COLLATE utf8mb4_unicode_ci NOT NULL,
  `address` varchar(200) COLLATE utf8mb4_unicode_ci NOT NULL,
  `pincode` varchar(20) COLLATE utf8mb4_unicode_ci NOT NULL,
  `contact_person` varchar(25) COLLATE utf8mb4_unicode_ci NOT NULL,
  `email` varchar(100) COLLATE utf8mb4_unicode_ci NOT NULL,
  `gst` varchar(15) COLLATE utf8mb4_unicode_ci DEFAULT NULL,
  `contact` varchar(20) COLLATE utf8mb4_unicode_ci NOT NULL,
  `created_by` tinyint(4) NOT NULL,
  `updated_by` tinyint(4) NOT NULL,
  `created_at` timestamp NULL DEFAULT NULL,
  `updated_at` timestamp NULL DEFAULT NULL
) ENGINE=InnoDB DEFAULT CHARSET=utf8mb4 COLLATE=utf8mb4_unicode_ci;

--
-- Dumping data for table `ma_customer`
--

INSERT INTO `ma_customer` (`id`, `code`, `name`, `address`, `pincode`, `contact_person`, `email`, `gst`, `contact`, `created_by`, `updated_by`, `created_at`, `updated_at`) VALUES
(1, 'CS0001', 'APTRANSCO', 'Vidyut Soudha, Gunadala,Eluru Rd, Vijayawada, Andhra Pradesh 520004', '520004', 'Praveen Kumar', 'praveenkumar@aptransco.co.in', '29AADCC9174H1ZA', '87845613366', 1, 1, '2019-11-09 12:51:52', '2019-11-09 12:51:52'),
(2, 'CS0002', 'PGCIL', 'Plot No. 54, Beside Riya-Revti Resort, Opp. Ambe Vidhyalaya, 390008, Sama-Savli Rd, Chanakyapuri Society, Kasturba Nagar, New Sama, Vadodara, Gujarat 391740', '391740', 'NikalKumar', 'nikalkumar.n@pgcil.com', '24AAACP0252G1ZZ', '7463234499', 1, 1, '2019-11-13 11:51:38', '2019-11-13 11:51:38'),
(3, 'CS0003', 'Venus Electricals', '1st Main 3rd Cross Road, Sharadhamba Nagar, Jalahalli Village, Jalahalli, Bengaluru, Karnataka 560013', '560013', 'prabu', 'kumargs@venuselectricals.co.in', '25AABCO6063D1ZQ', '8744662616', 1, 1, '2019-11-13 11:58:28', '2019-11-13 11:58:28'),
(4, NULL, 'csg', 'fgsfg', '2341252', 'vbdsfgsdf', 'sfs@dgsd.bcn', '', '123242354', 1, 1, '2019-12-10 14:04:15', '2019-12-10 14:04:15'),
(5, NULL, 'fsadfasf', 'sdfsafas', '23425325', 'fssfs', 'sfs@dsf.nvc', '', '23545353', 1, 1, '2019-12-10 14:05:33', '2019-12-10 14:05:33');

-- --------------------------------------------------------

--
-- Table structure for table `ma_customer_location_trans`
--

CREATE TABLE `ma_customer_location_trans` (
  `customer_id` bigint(20) NOT NULL,
  `location_id` bigint(20) NOT NULL,
  `created_by` tinyint(4) NOT NULL,
  `updated_by` tinyint(4) NOT NULL,
  `created_at` timestamp NULL DEFAULT NULL,
  `updated_at` timestamp NULL DEFAULT NULL
) ENGINE=InnoDB DEFAULT CHARSET=utf8mb4 COLLATE=utf8mb4_unicode_ci;

--
-- Dumping data for table `ma_customer_location_trans`
--

INSERT INTO `ma_customer_location_trans` (`customer_id`, `location_id`, `created_by`, `updated_by`, `created_at`, `updated_at`) VALUES
(1, 1, 1, 1, '2019-11-09 12:51:53', '2019-11-09 12:51:53'),
(2, 217, 1, 1, '2019-11-13 11:51:38', '2019-11-13 11:51:38'),
(3, 303, 1, 1, '2019-11-13 11:58:28', '2019-11-13 11:58:28'),
(4, 46, 1, 1, '2019-12-10 14:04:15', '2019-12-10 14:04:15'),
(5, 47, 1, 1, '2019-12-10 14:05:33', '2019-12-10 14:05:33');

-- --------------------------------------------------------

--
-- Table structure for table `ma_customer_site_trans`
--

CREATE TABLE `ma_customer_site_trans` (
  `customer_id` bigint(20) NOT NULL,
  `site_id` bigint(20) NOT NULL,
  `created_by` tinyint(4) NOT NULL,
  `updated_by` tinyint(4) NOT NULL,
  `created_at` timestamp NULL DEFAULT NULL,
  `updated_at` timestamp NULL DEFAULT NULL
) ENGINE=InnoDB DEFAULT CHARSET=utf8mb4 COLLATE=utf8mb4_unicode_ci;

--
-- Dumping data for table `ma_customer_site_trans`
--

INSERT INTO `ma_customer_site_trans` (`customer_id`, `site_id`, `created_by`, `updated_by`, `created_at`, `updated_at`) VALUES
(1, 1, 1, 1, '2019-11-09 12:51:53', '2019-11-09 12:51:53'),
(4, 1, 1, 1, '2019-12-10 14:04:15', '2019-12-10 14:04:15'),
(5, 1, 1, 1, '2019-12-10 14:05:33', '2019-12-10 14:05:33');

-- --------------------------------------------------------

--
-- Table structure for table `ma_location`
--

CREATE TABLE `ma_location` (
  `id` bigint(20) UNSIGNED NOT NULL,
  `code` varchar(20) COLLATE utf8mb4_unicode_ci NOT NULL,
  `name` varchar(50) COLLATE utf8mb4_unicode_ci NOT NULL,
  `created_by` tinyint(4) NOT NULL,
  `updated_by` tinyint(4) NOT NULL,
  `created_at` timestamp NULL DEFAULT NULL,
  `updated_at` timestamp NULL DEFAULT NULL
) ENGINE=InnoDB DEFAULT CHARSET=utf8mb4 COLLATE=utf8mb4_unicode_ci;

--
-- Dumping data for table `ma_location`
--

INSERT INTO `ma_location` (`id`, `code`, `name`, `created_by`, `updated_by`, `created_at`, `updated_at`) VALUES
(41, '603', 'NICOBARS', 1, 1, '0000-00-00 00:00:00', '0000-00-00 00:00:00'),
(42, '632', 'NORTH AND MIDDLE ANDAMAN', 1, 1, '0000-00-00 00:00:00', '0000-00-00 00:00:00'),
(43, '602', 'SOUTH ANDAMANS', 1, 1, '0000-00-00 00:00:00', '0000-00-00 00:00:00'),
(44, '502', 'ANANTAPUR', 1, 1, '0000-00-00 00:00:00', '0000-00-00 00:00:00'),
(45, '503', 'CHITTOOR', 1, 1, '0000-00-00 00:00:00', '0000-00-00 00:00:00'),
(46, '505', 'EAST GODAVARI', 1, 1, '0000-00-00 00:00:00', '0000-00-00 00:00:00'),
(47, '506', 'GUNTUR', 1, 1, '0000-00-00 00:00:00', '0000-00-00 00:00:00'),
(48, '510', 'KRISHNA', 1, 1, '0000-00-00 00:00:00', '0000-00-00 00:00:00'),
(49, '511', 'KURNOOL', 1, 1, '0000-00-00 00:00:00', '0000-00-00 00:00:00'),
(50, '517', 'PRAKASAM', 1, 1, '0000-00-00 00:00:00', '0000-00-00 00:00:00'),
(51, '515', 'SPSR NELLORE', 1, 1, '0000-00-00 00:00:00', '0000-00-00 00:00:00'),
(52, '519', 'SRIKAKULAM', 1, 1, '0000-00-00 00:00:00', '0000-00-00 00:00:00'),
(53, '520', 'VISAKHAPATANAM', 1, 1, '0000-00-00 00:00:00', '0000-00-00 00:00:00'),
(54, '521', 'VIZIANAGARAM', 1, 1, '0000-00-00 00:00:00', '0000-00-00 00:00:00'),
(55, '523', 'WEST GODAVARI', 1, 1, '0000-00-00 00:00:00', '0000-00-00 00:00:00'),
(56, '504', 'Y.S.R.', 1, 1, '0000-00-00 00:00:00', '0000-00-00 00:00:00'),
(57, '628', 'ANJAW', 1, 1, '0000-00-00 00:00:00', '0000-00-00 00:00:00'),
(58, '229', 'CHANGLANG', 1, 1, '0000-00-00 00:00:00', '0000-00-00 00:00:00'),
(59, '230', 'DIBANG VALLEY', 1, 1, '0000-00-00 00:00:00', '0000-00-00 00:00:00'),
(60, '231', 'EAST KAMENG', 1, 1, '0000-00-00 00:00:00', '0000-00-00 00:00:00'),
(61, '232', 'EAST SIANG', 1, 1, '0000-00-00 00:00:00', '0000-00-00 00:00:00'),
(62, '677', 'Kra Daadi', 1, 1, '0000-00-00 00:00:00', '0000-00-00 00:00:00'),
(63, '233', 'KURUNG KUMEY', 1, 1, '0000-00-00 00:00:00', '0000-00-00 00:00:00'),
(64, '234', 'LOHIT', 1, 1, '0000-00-00 00:00:00', '0000-00-00 00:00:00'),
(65, '666', 'LONGDING', 1, 1, '0000-00-00 00:00:00', '0000-00-00 00:00:00'),
(66, '235', 'LOWER DIBANG VALLEY', 0, 0, '0000-00-00 00:00:00', '0000-00-00 00:00:00'),
(67, '236', 'LOWER SUBANSIRI', 0, 0, '0000-00-00 00:00:00', '0000-00-00 00:00:00'),
(68, '678', 'NAMSAI', 0, 0, '0000-00-00 00:00:00', '0000-00-00 00:00:00'),
(69, '237', 'PAPUM PARE', 0, 0, '0000-00-00 00:00:00', '0000-00-00 00:00:00'),
(70, '679', 'SIANG', 0, 0, '0000-00-00 00:00:00', '0000-00-00 00:00:00'),
(71, '238', 'TAWANG', 0, 0, '0000-00-00 00:00:00', '0000-00-00 00:00:00'),
(72, '239', 'TIRAP', 0, 0, '0000-00-00 00:00:00', '0000-00-00 00:00:00'),
(73, '240', 'UPPER SIANG', 0, 0, '0000-00-00 00:00:00', '0000-00-00 00:00:00'),
(74, '241', 'UPPER SUBANSIRI', 0, 0, '0000-00-00 00:00:00', '0000-00-00 00:00:00'),
(75, '242', 'WEST KAMENG', 0, 0, '0000-00-00 00:00:00', '0000-00-00 00:00:00'),
(76, '243', 'WEST SIANG', 0, 0, '0000-00-00 00:00:00', '0000-00-00 00:00:00'),
(77, '616', 'BAKSA', 0, 0, '0000-00-00 00:00:00', '0000-00-00 00:00:00'),
(78, '280', 'BARPETA', 0, 0, '0000-00-00 00:00:00', '0000-00-00 00:00:00'),
(79, '281', 'BONGAIGAON', 0, 0, '0000-00-00 00:00:00', '0000-00-00 00:00:00'),
(80, '282', 'CACHAR', 0, 0, '0000-00-00 00:00:00', '0000-00-00 00:00:00'),
(81, '612', 'CHIRANG', 0, 0, '0000-00-00 00:00:00', '0000-00-00 00:00:00'),
(82, '283', 'DARRANG', 0, 0, '0000-00-00 00:00:00', '0000-00-00 00:00:00'),
(83, '284', 'DHEMAJI', 0, 0, '0000-00-00 00:00:00', '0000-00-00 00:00:00'),
(84, '285', 'DHUBRI', 0, 0, '0000-00-00 00:00:00', '0000-00-00 00:00:00'),
(85, '286', 'DIBRUGARH', 0, 0, '0000-00-00 00:00:00', '0000-00-00 00:00:00'),
(86, '299', 'DIMA HASAO', 0, 0, '0000-00-00 00:00:00', '0000-00-00 00:00:00'),
(87, '287', 'GOALPARA', 0, 0, '0000-00-00 00:00:00', '0000-00-00 00:00:00'),
(88, '288', 'GOLAGHAT', 0, 0, '0000-00-00 00:00:00', '0000-00-00 00:00:00'),
(89, '289', 'HAILAKANDI', 0, 0, '0000-00-00 00:00:00', '0000-00-00 00:00:00'),
(90, '290', 'JORHAT', 0, 0, '0000-00-00 00:00:00', '0000-00-00 00:00:00'),
(91, '291', 'KAMRUP', 0, 0, '0000-00-00 00:00:00', '0000-00-00 00:00:00'),
(92, '618', 'KAMRUP METRO', 0, 0, '0000-00-00 00:00:00', '0000-00-00 00:00:00'),
(93, '292', 'KARBI ANGLONG', 0, 0, '0000-00-00 00:00:00', '0000-00-00 00:00:00'),
(94, '293', 'KARIMGANJ', 0, 0, '0000-00-00 00:00:00', '0000-00-00 00:00:00'),
(95, '294', 'KOKRAJHAR', 0, 0, '0000-00-00 00:00:00', '0000-00-00 00:00:00'),
(96, '295', 'LAKHIMPUR', 0, 0, '0000-00-00 00:00:00', '0000-00-00 00:00:00'),
(97, '296', 'MARIGAON', 0, 0, '0000-00-00 00:00:00', '0000-00-00 00:00:00'),
(98, '297', 'NAGAON', 0, 0, '0000-00-00 00:00:00', '0000-00-00 00:00:00'),
(99, '298', 'NALBARI', 0, 0, '0000-00-00 00:00:00', '0000-00-00 00:00:00'),
(100, '300', 'SIVASAGAR', 0, 0, '0000-00-00 00:00:00', '0000-00-00 00:00:00'),
(101, '301', 'SONITPUR', 0, 0, '0000-00-00 00:00:00', '0000-00-00 00:00:00'),
(102, '302', 'TINSUKIA', 0, 0, '0000-00-00 00:00:00', '0000-00-00 00:00:00'),
(103, '617', 'UDALGURI', 0, 0, '0000-00-00 00:00:00', '0000-00-00 00:00:00'),
(104, '188', 'ARARIA', 0, 0, '0000-00-00 00:00:00', '0000-00-00 00:00:00'),
(105, '611', 'ARWAL', 0, 0, '0000-00-00 00:00:00', '0000-00-00 00:00:00'),
(106, '189', 'AURANGABAD', 0, 0, '0000-00-00 00:00:00', '0000-00-00 00:00:00'),
(107, '190', 'BANKA', 0, 0, '0000-00-00 00:00:00', '0000-00-00 00:00:00'),
(108, '191', 'BEGUSARAI', 0, 0, '0000-00-00 00:00:00', '0000-00-00 00:00:00'),
(109, '192', 'BHAGALPUR', 0, 0, '0000-00-00 00:00:00', '0000-00-00 00:00:00'),
(110, '193', 'BHOJPUR', 0, 0, '0000-00-00 00:00:00', '0000-00-00 00:00:00'),
(111, '194', 'BUXAR', 0, 0, '0000-00-00 00:00:00', '0000-00-00 00:00:00'),
(112, '195', 'DARBHANGA', 0, 0, '0000-00-00 00:00:00', '0000-00-00 00:00:00'),
(113, '196', 'GAYA', 0, 0, '0000-00-00 00:00:00', '0000-00-00 00:00:00'),
(114, '197', 'GOPALGANJ', 0, 0, '0000-00-00 00:00:00', '0000-00-00 00:00:00'),
(115, '198', 'JAMUI', 0, 0, '0000-00-00 00:00:00', '0000-00-00 00:00:00'),
(116, '199', 'JEHANABAD', 0, 0, '0000-00-00 00:00:00', '0000-00-00 00:00:00'),
(117, '200', 'KAIMUR (BHABUA)', 0, 0, '0000-00-00 00:00:00', '0000-00-00 00:00:00'),
(118, '201', 'KATIHAR', 0, 0, '0000-00-00 00:00:00', '0000-00-00 00:00:00'),
(119, '202', 'KHAGARIA', 0, 0, '0000-00-00 00:00:00', '0000-00-00 00:00:00'),
(120, '203', 'KISHANGANJ', 0, 0, '0000-00-00 00:00:00', '0000-00-00 00:00:00'),
(121, '204', 'LAKHISARAI', 0, 0, '0000-00-00 00:00:00', '0000-00-00 00:00:00'),
(122, '205', 'MADHEPURA', 0, 0, '0000-00-00 00:00:00', '0000-00-00 00:00:00'),
(123, '206', 'MADHUBANI', 0, 0, '0000-00-00 00:00:00', '0000-00-00 00:00:00'),
(124, '207', 'MUNGER', 0, 0, '0000-00-00 00:00:00', '0000-00-00 00:00:00'),
(125, '208', 'MUZAFFARPUR', 0, 0, '0000-00-00 00:00:00', '0000-00-00 00:00:00'),
(126, '209', 'NALANDA', 0, 0, '0000-00-00 00:00:00', '0000-00-00 00:00:00'),
(127, '210', 'NAWADA', 0, 0, '0000-00-00 00:00:00', '0000-00-00 00:00:00'),
(128, '211', 'PASHCHIM CHAMPARAN', 0, 0, '0000-00-00 00:00:00', '0000-00-00 00:00:00'),
(129, '212', 'PATNA', 0, 0, '0000-00-00 00:00:00', '0000-00-00 00:00:00'),
(130, '213', 'PURBI CHAMPARAN', 0, 0, '0000-00-00 00:00:00', '0000-00-00 00:00:00'),
(131, '214', 'PURNIA', 0, 0, '0000-00-00 00:00:00', '0000-00-00 00:00:00'),
(132, '215', 'ROHTAS', 0, 0, '0000-00-00 00:00:00', '0000-00-00 00:00:00'),
(133, '216', 'SAHARSA', 0, 0, '0000-00-00 00:00:00', '0000-00-00 00:00:00'),
(134, '217', 'SAMASTIPUR', 0, 0, '0000-00-00 00:00:00', '0000-00-00 00:00:00'),
(135, '218', 'SARAN', 0, 0, '0000-00-00 00:00:00', '0000-00-00 00:00:00'),
(136, '219', 'SHEIKHPURA', 0, 0, '0000-00-00 00:00:00', '0000-00-00 00:00:00'),
(137, '220', 'SHEOHAR', 0, 0, '0000-00-00 00:00:00', '0000-00-00 00:00:00'),
(138, '221', 'SITAMARHI', 0, 0, '0000-00-00 00:00:00', '0000-00-00 00:00:00'),
(139, '222', 'SIWAN', 0, 0, '0000-00-00 00:00:00', '0000-00-00 00:00:00'),
(140, '223', 'SUPAUL', 0, 0, '0000-00-00 00:00:00', '0000-00-00 00:00:00'),
(141, '224', 'VAISHALI', 0, 0, '0000-00-00 00:00:00', '0000-00-00 00:00:00'),
(142, '44', 'CHANDIGARH', 0, 0, '0000-00-00 00:00:00', '0000-00-00 00:00:00'),
(143, '646', 'BALOD', 0, 0, '0000-00-00 00:00:00', '0000-00-00 00:00:00'),
(144, '644', 'BALODA BAZAR', 0, 0, '0000-00-00 00:00:00', '0000-00-00 00:00:00'),
(145, '649', 'BALRAMPUR', 0, 0, '0000-00-00 00:00:00', '0000-00-00 00:00:00'),
(146, '374', 'BASTAR', 0, 0, '0000-00-00 00:00:00', '0000-00-00 00:00:00'),
(147, '650', 'BEMETARA', 0, 0, '0000-00-00 00:00:00', '0000-00-00 00:00:00'),
(148, '636', 'BIJAPUR', 0, 0, '0000-00-00 00:00:00', '0000-00-00 00:00:00'),
(149, '375', 'BILASPUR', 0, 0, '0000-00-00 00:00:00', '0000-00-00 00:00:00'),
(150, '376', 'DANTEWADA', 0, 0, '0000-00-00 00:00:00', '0000-00-00 00:00:00'),
(151, '377', 'DHAMTARI', 0, 0, '0000-00-00 00:00:00', '0000-00-00 00:00:00'),
(152, '378', 'DURG', 0, 0, '0000-00-00 00:00:00', '0000-00-00 00:00:00'),
(153, '645', 'GARIYABAND', 0, 0, '0000-00-00 00:00:00', '0000-00-00 00:00:00'),
(154, '379', 'JANJGIR-CHAMPA', 0, 0, '0000-00-00 00:00:00', '0000-00-00 00:00:00'),
(155, '380', 'JASHPUR', 0, 0, '0000-00-00 00:00:00', '0000-00-00 00:00:00'),
(156, '382', 'KABIRDHAM', 0, 0, '0000-00-00 00:00:00', '0000-00-00 00:00:00'),
(157, '381', 'KANKER', 0, 0, '0000-00-00 00:00:00', '0000-00-00 00:00:00'),
(158, '643', 'KONDAGAON', 0, 0, '0000-00-00 00:00:00', '0000-00-00 00:00:00'),
(159, '383', 'KORBA', 0, 0, '0000-00-00 00:00:00', '0000-00-00 00:00:00'),
(160, '384', 'KOREA', 0, 0, '0000-00-00 00:00:00', '0000-00-00 00:00:00'),
(161, '385', 'MAHASAMUND', 0, 0, '0000-00-00 00:00:00', '0000-00-00 00:00:00'),
(162, '647', 'MUNGELI', 0, 0, '0000-00-00 00:00:00', '0000-00-00 00:00:00'),
(163, '637', 'NARAYANPUR', 0, 0, '0000-00-00 00:00:00', '0000-00-00 00:00:00'),
(164, '386', 'RAIGARH', 0, 0, '0000-00-00 00:00:00', '0000-00-00 00:00:00'),
(165, '387', 'RAIPUR', 0, 0, '0000-00-00 00:00:00', '0000-00-00 00:00:00'),
(166, '388', 'RAJNANDGAON', 0, 0, '0000-00-00 00:00:00', '0000-00-00 00:00:00'),
(167, '642', 'SUKMA', 0, 0, '0000-00-00 00:00:00', '0000-00-00 00:00:00'),
(168, '648', 'SURAJPUR', 0, 0, '0000-00-00 00:00:00', '0000-00-00 00:00:00'),
(169, '389', 'SURGUJA', 0, 0, '0000-00-00 00:00:00', '0000-00-00 00:00:00'),
(170, '465', 'DADRA AND NAGAR HAVELI', 0, 0, '0000-00-00 00:00:00', '0000-00-00 00:00:00'),
(171, '463', 'DAMAN', 0, 0, '0000-00-00 00:00:00', '0000-00-00 00:00:00'),
(172, '464', 'DIU', 0, 0, '0000-00-00 00:00:00', '0000-00-00 00:00:00'),
(173, '77', 'CENTRAL', 0, 0, '0000-00-00 00:00:00', '0000-00-00 00:00:00'),
(174, '78', 'EAST', 0, 0, '0000-00-00 00:00:00', '0000-00-00 00:00:00'),
(175, '79', 'NEW DELHI', 0, 0, '0000-00-00 00:00:00', '0000-00-00 00:00:00'),
(176, '80', 'NORTH', 0, 0, '0000-00-00 00:00:00', '0000-00-00 00:00:00'),
(177, '81', 'NORTH EAST', 0, 0, '0000-00-00 00:00:00', '0000-00-00 00:00:00'),
(178, '82', 'NORTH WEST', 0, 0, '0000-00-00 00:00:00', '0000-00-00 00:00:00'),
(179, '671', 'SHAHDARA', 0, 0, '0000-00-00 00:00:00', '0000-00-00 00:00:00'),
(180, '83', 'SOUTH', 0, 0, '0000-00-00 00:00:00', '0000-00-00 00:00:00'),
(181, '670', 'South East', 0, 0, '0000-00-00 00:00:00', '0000-00-00 00:00:00'),
(182, '84', 'SOUTH WEST', 0, 0, '0000-00-00 00:00:00', '0000-00-00 00:00:00'),
(183, '85', 'WEST', 0, 0, '0000-00-00 00:00:00', '0000-00-00 00:00:00'),
(184, '551', 'NORTH GOA', 0, 0, '0000-00-00 00:00:00', '0000-00-00 00:00:00'),
(185, '552', 'SOUTH GOA', 0, 0, '0000-00-00 00:00:00', '0000-00-00 00:00:00'),
(186, '438', 'AHMADABAD', 0, 0, '0000-00-00 00:00:00', '0000-00-00 00:00:00'),
(187, '439', 'AMRELI', 0, 0, '0000-00-00 00:00:00', '0000-00-00 00:00:00'),
(188, '440', 'ANAND', 0, 0, '0000-00-00 00:00:00', '0000-00-00 00:00:00'),
(189, '672', 'ARVALLI', 0, 0, '0000-00-00 00:00:00', '0000-00-00 00:00:00'),
(190, '441', 'BANAS KANTHA', 0, 0, '0000-00-00 00:00:00', '0000-00-00 00:00:00'),
(191, '442', 'BHARUCH', 0, 0, '0000-00-00 00:00:00', '0000-00-00 00:00:00'),
(192, '443', 'BHAVNAGAR', 0, 0, '0000-00-00 00:00:00', '0000-00-00 00:00:00'),
(193, '676', 'BOTAD', 0, 0, '0000-00-00 00:00:00', '0000-00-00 00:00:00'),
(194, '668', 'CHHOTAUDEPUR', 0, 0, '0000-00-00 00:00:00', '0000-00-00 00:00:00'),
(195, '444', 'DANG', 0, 0, '0000-00-00 00:00:00', '0000-00-00 00:00:00'),
(196, '674', 'DEVBHUMI DWARKA', 0, 0, '0000-00-00 00:00:00', '0000-00-00 00:00:00'),
(197, '445', 'DOHAD', 0, 0, '0000-00-00 00:00:00', '0000-00-00 00:00:00'),
(198, '446', 'GANDHINAGAR', 0, 0, '0000-00-00 00:00:00', '0000-00-00 00:00:00'),
(199, '675', 'GIR SOMNATH', 0, 0, '0000-00-00 00:00:00', '0000-00-00 00:00:00'),
(200, '447', 'JAMNAGAR', 0, 0, '0000-00-00 00:00:00', '0000-00-00 00:00:00'),
(201, '448', 'JUNAGADH', 0, 0, '0000-00-00 00:00:00', '0000-00-00 00:00:00'),
(202, '449', 'KACHCHH', 0, 0, '0000-00-00 00:00:00', '0000-00-00 00:00:00'),
(203, '450', 'KHEDA', 0, 0, '0000-00-00 00:00:00', '0000-00-00 00:00:00'),
(204, '451', 'MAHESANA', 0, 0, '0000-00-00 00:00:00', '0000-00-00 00:00:00'),
(205, '669', 'Mahisagar', 0, 0, '0000-00-00 00:00:00', '0000-00-00 00:00:00'),
(206, '673', 'MORBI', 0, 0, '0000-00-00 00:00:00', '0000-00-00 00:00:00'),
(207, '452', 'NARMADA', 0, 0, '0000-00-00 00:00:00', '0000-00-00 00:00:00'),
(208, '453', 'NAVSARI', 0, 0, '0000-00-00 00:00:00', '0000-00-00 00:00:00'),
(209, '454', 'PANCH MAHALS', 0, 0, '0000-00-00 00:00:00', '0000-00-00 00:00:00'),
(210, '455', 'PATAN', 0, 0, '0000-00-00 00:00:00', '0000-00-00 00:00:00'),
(211, '456', 'PORBANDAR', 0, 0, '0000-00-00 00:00:00', '0000-00-00 00:00:00'),
(212, '457', 'RAJKOT', 0, 0, '0000-00-00 00:00:00', '0000-00-00 00:00:00'),
(213, '458', 'SABAR KANTHA', 0, 0, '0000-00-00 00:00:00', '0000-00-00 00:00:00'),
(214, '459', 'SURAT', 0, 0, '0000-00-00 00:00:00', '0000-00-00 00:00:00'),
(215, '460', 'SURENDRANAGAR', 0, 0, '0000-00-00 00:00:00', '0000-00-00 00:00:00'),
(216, '641', 'TAPI', 0, 0, '0000-00-00 00:00:00', '0000-00-00 00:00:00'),
(217, '461', 'VADODARA', 0, 0, '0000-00-00 00:00:00', '0000-00-00 00:00:00'),
(218, '462', 'VALSAD', 0, 0, '0000-00-00 00:00:00', '0000-00-00 00:00:00'),
(219, '58', 'AMBALA', 0, 0, '0000-00-00 00:00:00', '0000-00-00 00:00:00'),
(220, '59', 'BHIWANI', 0, 0, '0000-00-00 00:00:00', '0000-00-00 00:00:00'),
(221, '701', 'CHARKI DADRI', 0, 0, '0000-00-00 00:00:00', '0000-00-00 00:00:00'),
(222, '60', 'FARIDABAD', 0, 0, '0000-00-00 00:00:00', '0000-00-00 00:00:00'),
(223, '61', 'FATEHABAD', 0, 0, '0000-00-00 00:00:00', '0000-00-00 00:00:00'),
(224, '62', 'GURUGRAM', 0, 0, '0000-00-00 00:00:00', '0000-00-00 00:00:00'),
(225, '63', 'HISAR', 0, 0, '0000-00-00 00:00:00', '0000-00-00 00:00:00'),
(226, '64', 'JHAJJAR', 0, 0, '0000-00-00 00:00:00', '0000-00-00 00:00:00'),
(227, '65', 'JIND', 0, 0, '0000-00-00 00:00:00', '0000-00-00 00:00:00'),
(228, '66', 'KAITHAL', 0, 0, '0000-00-00 00:00:00', '0000-00-00 00:00:00'),
(229, '67', 'KARNAL', 0, 0, '0000-00-00 00:00:00', '0000-00-00 00:00:00'),
(230, '68', 'KURUKSHETRA', 0, 0, '0000-00-00 00:00:00', '0000-00-00 00:00:00'),
(231, '69', 'MAHENDRAGARH', 0, 0, '0000-00-00 00:00:00', '0000-00-00 00:00:00'),
(232, '604', 'MEWAT', 0, 0, '0000-00-00 00:00:00', '0000-00-00 00:00:00'),
(233, '619', 'PALWAL', 0, 0, '0000-00-00 00:00:00', '0000-00-00 00:00:00'),
(234, '70', 'PANCHKULA', 0, 0, '0000-00-00 00:00:00', '0000-00-00 00:00:00'),
(235, '71', 'PANIPAT', 0, 0, '0000-00-00 00:00:00', '0000-00-00 00:00:00'),
(236, '72', 'REWARI', 0, 0, '0000-00-00 00:00:00', '0000-00-00 00:00:00'),
(237, '73', 'ROHTAK', 0, 0, '0000-00-00 00:00:00', '0000-00-00 00:00:00'),
(238, '74', 'SIRSA', 0, 0, '0000-00-00 00:00:00', '0000-00-00 00:00:00'),
(239, '75', 'SONIPAT', 0, 0, '0000-00-00 00:00:00', '0000-00-00 00:00:00'),
(240, '76', 'YAMUNANAGAR', 0, 0, '0000-00-00 00:00:00', '0000-00-00 00:00:00'),
(241, '15', 'BILASPUR', 0, 0, '0000-00-00 00:00:00', '0000-00-00 00:00:00'),
(242, '16', 'CHAMBA', 0, 0, '0000-00-00 00:00:00', '0000-00-00 00:00:00'),
(243, '17', 'HAMIRPUR', 0, 0, '0000-00-00 00:00:00', '0000-00-00 00:00:00'),
(244, '18', 'KANGRA', 0, 0, '0000-00-00 00:00:00', '0000-00-00 00:00:00'),
(245, '19', 'KINNAUR', 0, 0, '0000-00-00 00:00:00', '0000-00-00 00:00:00'),
(246, '20', 'KULLU', 0, 0, '0000-00-00 00:00:00', '0000-00-00 00:00:00'),
(247, '21', 'LAHUL AND SPITI', 0, 0, '0000-00-00 00:00:00', '0000-00-00 00:00:00'),
(248, '22', 'MANDI', 0, 0, '0000-00-00 00:00:00', '0000-00-00 00:00:00'),
(249, '23', 'SHIMLA', 0, 0, '0000-00-00 00:00:00', '0000-00-00 00:00:00'),
(250, '24', 'SIRMAUR', 0, 0, '0000-00-00 00:00:00', '0000-00-00 00:00:00'),
(251, '25', 'SOLAN', 0, 0, '0000-00-00 00:00:00', '0000-00-00 00:00:00'),
(252, '26', 'UNA', 0, 0, '0000-00-00 00:00:00', '0000-00-00 00:00:00'),
(253, '1', 'ANANTNAG', 0, 0, '0000-00-00 00:00:00', '0000-00-00 00:00:00'),
(254, '2', 'BADGAM', 0, 0, '0000-00-00 00:00:00', '0000-00-00 00:00:00'),
(255, '623', 'BANDIPORA', 0, 0, '0000-00-00 00:00:00', '0000-00-00 00:00:00'),
(256, '3', 'BARAMULLA', 0, 0, '0000-00-00 00:00:00', '0000-00-00 00:00:00'),
(257, '4', 'DODA', 0, 0, '0000-00-00 00:00:00', '0000-00-00 00:00:00'),
(258, '626', 'GANDERBAL', 0, 0, '0000-00-00 00:00:00', '0000-00-00 00:00:00'),
(259, '5', 'JAMMU', 0, 0, '0000-00-00 00:00:00', '0000-00-00 00:00:00'),
(260, '6', 'KARGIL', 0, 0, '0000-00-00 00:00:00', '0000-00-00 00:00:00'),
(261, '7', 'KATHUA', 0, 0, '0000-00-00 00:00:00', '0000-00-00 00:00:00'),
(262, '620', 'KISHTWAR', 0, 0, '0000-00-00 00:00:00', '0000-00-00 00:00:00'),
(263, '622', 'KULGAM', 0, 0, '0000-00-00 00:00:00', '0000-00-00 00:00:00'),
(264, '8', 'KUPWARA', 0, 0, '0000-00-00 00:00:00', '0000-00-00 00:00:00'),
(265, '9', 'LEH LADAKH', 0, 0, '0000-00-00 00:00:00', '0000-00-00 00:00:00'),
(266, '10', 'POONCH', 0, 0, '0000-00-00 00:00:00', '0000-00-00 00:00:00'),
(267, '11', 'PULWAMA', 0, 0, '0000-00-00 00:00:00', '0000-00-00 00:00:00'),
(268, '12', 'RAJAURI', 0, 0, '0000-00-00 00:00:00', '0000-00-00 00:00:00'),
(269, '621', 'RAMBAN', 0, 0, '0000-00-00 00:00:00', '0000-00-00 00:00:00'),
(270, '627', 'REASI', 0, 0, '0000-00-00 00:00:00', '0000-00-00 00:00:00'),
(271, '624', 'SAMBA', 0, 0, '0000-00-00 00:00:00', '0000-00-00 00:00:00'),
(272, '625', 'SHOPIAN', 0, 0, '0000-00-00 00:00:00', '0000-00-00 00:00:00'),
(273, '13', 'SRINAGAR', 0, 0, '0000-00-00 00:00:00', '0000-00-00 00:00:00'),
(274, '14', 'UDHAMPUR', 0, 0, '0000-00-00 00:00:00', '0000-00-00 00:00:00'),
(275, '322', 'BOKARO', 0, 0, '0000-00-00 00:00:00', '0000-00-00 00:00:00'),
(276, '323', 'CHATRA', 0, 0, '0000-00-00 00:00:00', '0000-00-00 00:00:00'),
(277, '324', 'DEOGHAR', 0, 0, '0000-00-00 00:00:00', '0000-00-00 00:00:00'),
(278, '325', 'DHANBAD', 0, 0, '0000-00-00 00:00:00', '0000-00-00 00:00:00'),
(279, '326', 'DUMKA', 0, 0, '0000-00-00 00:00:00', '0000-00-00 00:00:00'),
(280, '327', 'EAST SINGHBUM', 0, 0, '0000-00-00 00:00:00', '0000-00-00 00:00:00'),
(281, '328', 'GARHWA', 0, 0, '0000-00-00 00:00:00', '0000-00-00 00:00:00'),
(282, '329', 'GIRIDIH', 0, 0, '0000-00-00 00:00:00', '0000-00-00 00:00:00'),
(283, '330', 'GODDA', 0, 0, '0000-00-00 00:00:00', '0000-00-00 00:00:00'),
(284, '331', 'GUMLA', 0, 0, '0000-00-00 00:00:00', '0000-00-00 00:00:00'),
(285, '332', 'HAZARIBAGH', 0, 0, '0000-00-00 00:00:00', '0000-00-00 00:00:00'),
(286, '333', 'JAMTARA', 0, 0, '0000-00-00 00:00:00', '0000-00-00 00:00:00'),
(287, '606', 'KHUNTI', 0, 0, '0000-00-00 00:00:00', '0000-00-00 00:00:00'),
(288, '334', 'KODERMA', 0, 0, '0000-00-00 00:00:00', '0000-00-00 00:00:00'),
(289, '335', 'LATEHAR', 0, 0, '0000-00-00 00:00:00', '0000-00-00 00:00:00'),
(290, '336', 'LOHARDAGA', 0, 0, '0000-00-00 00:00:00', '0000-00-00 00:00:00'),
(291, '337', 'PAKUR', 0, 0, '0000-00-00 00:00:00', '0000-00-00 00:00:00'),
(292, '338', 'PALAMU', 0, 0, '0000-00-00 00:00:00', '0000-00-00 00:00:00'),
(293, '607', 'RAMGARH', 0, 0, '0000-00-00 00:00:00', '0000-00-00 00:00:00'),
(294, '339', 'RANCHI', 0, 0, '0000-00-00 00:00:00', '0000-00-00 00:00:00'),
(295, '340', 'SAHEBGANJ', 0, 0, '0000-00-00 00:00:00', '0000-00-00 00:00:00'),
(296, '341', 'SARAIKELA KHARSAWAN', 0, 0, '0000-00-00 00:00:00', '0000-00-00 00:00:00'),
(297, '342', 'SIMDEGA', 0, 0, '0000-00-00 00:00:00', '0000-00-00 00:00:00'),
(298, '343', 'WEST SINGHBHUM', 0, 0, '0000-00-00 00:00:00', '0000-00-00 00:00:00'),
(299, '524', 'BAGALKOT', 0, 0, '0000-00-00 00:00:00', '0000-00-00 00:00:00'),
(300, '528', 'BALLARI', 0, 0, '0000-00-00 00:00:00', '0000-00-00 00:00:00'),
(301, '527', 'BELAGAVI', 0, 0, '0000-00-00 00:00:00', '0000-00-00 00:00:00'),
(302, '526', 'BENGALURU RURAL', 0, 0, '0000-00-00 00:00:00', '0000-00-00 00:00:00'),
(303, '525', 'BENGALURU URBAN', 0, 0, '0000-00-00 00:00:00', '0000-00-00 00:00:00'),
(304, '529', 'BIDAR', 0, 0, '0000-00-00 00:00:00', '0000-00-00 00:00:00'),
(305, '531', 'CHAMARAJANAGAR', 0, 0, '0000-00-00 00:00:00', '0000-00-00 00:00:00'),
(306, '630', 'CHIKBALLAPUR', 0, 0, '0000-00-00 00:00:00', '0000-00-00 00:00:00'),
(307, '532', 'CHIKKAMAGALURU', 0, 0, '0000-00-00 00:00:00', '0000-00-00 00:00:00'),
(308, '533', 'CHITRADURGA', 0, 0, '0000-00-00 00:00:00', '0000-00-00 00:00:00'),
(309, '534', 'DAKSHIN KANNAD', 0, 0, '0000-00-00 00:00:00', '0000-00-00 00:00:00'),
(310, '535', 'DAVANGERE', 0, 0, '0000-00-00 00:00:00', '0000-00-00 00:00:00'),
(311, '536', 'DHARWAD', 0, 0, '0000-00-00 00:00:00', '0000-00-00 00:00:00'),
(312, '537', 'GADAG', 0, 0, '0000-00-00 00:00:00', '0000-00-00 00:00:00'),
(313, '539', 'HASSAN', 0, 0, '0000-00-00 00:00:00', '0000-00-00 00:00:00'),
(314, '540', 'HAVERI', 0, 0, '0000-00-00 00:00:00', '0000-00-00 00:00:00'),
(315, '538', 'KALABURAGI', 0, 0, '0000-00-00 00:00:00', '0000-00-00 00:00:00'),
(316, '541', 'KODAGU', 0, 0, '0000-00-00 00:00:00', '0000-00-00 00:00:00'),
(317, '542', 'KOLAR', 0, 0, '0000-00-00 00:00:00', '0000-00-00 00:00:00'),
(318, '543', 'KOPPAL', 0, 0, '0000-00-00 00:00:00', '0000-00-00 00:00:00'),
(319, '544', 'MANDYA', 0, 0, '0000-00-00 00:00:00', '0000-00-00 00:00:00'),
(320, '545', 'MYSURU', 0, 0, '0000-00-00 00:00:00', '0000-00-00 00:00:00'),
(321, '546', 'RAICHUR', 0, 0, '0000-00-00 00:00:00', '0000-00-00 00:00:00'),
(322, '631', 'RAMANAGARA', 0, 0, '0000-00-00 00:00:00', '0000-00-00 00:00:00'),
(323, '547', 'SHIVAMOGGA', 0, 0, '0000-00-00 00:00:00', '0000-00-00 00:00:00'),
(324, '548', 'TUMAKURU', 0, 0, '0000-00-00 00:00:00', '0000-00-00 00:00:00'),
(325, '549', 'UDUPI', 0, 0, '0000-00-00 00:00:00', '0000-00-00 00:00:00'),
(326, '550', 'UTTAR KANNAD', 0, 0, '0000-00-00 00:00:00', '0000-00-00 00:00:00'),
(327, '530', 'VIJAYAPURA', 0, 0, '0000-00-00 00:00:00', '0000-00-00 00:00:00'),
(328, '635', 'YADGIR', 0, 0, '0000-00-00 00:00:00', '0000-00-00 00:00:00'),
(329, '554', 'ALAPPUZHA', 0, 0, '0000-00-00 00:00:00', '0000-00-00 00:00:00'),
(330, '555', 'ERNAKULAM', 0, 0, '0000-00-00 00:00:00', '0000-00-00 00:00:00'),
(331, '556', 'IDUKKI', 0, 0, '0000-00-00 00:00:00', '0000-00-00 00:00:00'),
(332, '557', 'KANNUR', 0, 0, '0000-00-00 00:00:00', '0000-00-00 00:00:00'),
(333, '558', 'KASARAGOD', 0, 0, '0000-00-00 00:00:00', '0000-00-00 00:00:00'),
(334, '559', 'KOLLAM', 0, 0, '0000-00-00 00:00:00', '0000-00-00 00:00:00'),
(335, '560', 'KOTTAYAM', 0, 0, '0000-00-00 00:00:00', '0000-00-00 00:00:00'),
(336, '561', 'KOZHIKODE', 0, 0, '0000-00-00 00:00:00', '0000-00-00 00:00:00'),
(337, '562', 'MALAPPURAM', 0, 0, '0000-00-00 00:00:00', '0000-00-00 00:00:00'),
(338, '563', 'PALAKKAD', 0, 0, '0000-00-00 00:00:00', '0000-00-00 00:00:00'),
(339, '564', 'PATHANAMTHITTA', 0, 0, '0000-00-00 00:00:00', '0000-00-00 00:00:00'),
(340, '565', 'THIRUVANANTHAPURAM', 0, 0, '0000-00-00 00:00:00', '0000-00-00 00:00:00'),
(341, '566', 'THRISSUR', 0, 0, '0000-00-00 00:00:00', '0000-00-00 00:00:00'),
(342, '567', 'WAYANAD', 0, 0, '0000-00-00 00:00:00', '0000-00-00 00:00:00'),
(343, '553', 'LAKSHADWEEP DISTRICT', 0, 0, '0000-00-00 00:00:00', '0000-00-00 00:00:00'),
(344, '667', 'AGAR MALWA', 0, 0, '0000-00-00 00:00:00', '0000-00-00 00:00:00'),
(345, '639', 'ALIRAJPUR', 0, 0, '0000-00-00 00:00:00', '0000-00-00 00:00:00'),
(346, '390', 'ANUPPUR', 0, 0, '0000-00-00 00:00:00', '0000-00-00 00:00:00'),
(347, '391', 'ASHOKNAGAR', 0, 0, '0000-00-00 00:00:00', '0000-00-00 00:00:00'),
(348, '392', 'BALAGHAT', 0, 0, '0000-00-00 00:00:00', '0000-00-00 00:00:00'),
(349, '393', 'BARWANI', 0, 0, '0000-00-00 00:00:00', '0000-00-00 00:00:00'),
(350, '394', 'BETUL', 0, 0, '0000-00-00 00:00:00', '0000-00-00 00:00:00'),
(351, '395', 'BHIND', 0, 0, '0000-00-00 00:00:00', '0000-00-00 00:00:00'),
(352, '396', 'BHOPAL', 0, 0, '0000-00-00 00:00:00', '0000-00-00 00:00:00'),
(353, '397', 'BURHANPUR', 0, 0, '0000-00-00 00:00:00', '0000-00-00 00:00:00'),
(354, '398', 'CHHATARPUR', 0, 0, '0000-00-00 00:00:00', '0000-00-00 00:00:00'),
(355, '399', 'CHHINDWARA', 0, 0, '0000-00-00 00:00:00', '0000-00-00 00:00:00'),
(356, '400', 'DAMOH', 0, 0, '0000-00-00 00:00:00', '0000-00-00 00:00:00'),
(357, '401', 'DATIA', 0, 0, '0000-00-00 00:00:00', '0000-00-00 00:00:00'),
(358, '402', 'DEWAS', 0, 0, '0000-00-00 00:00:00', '0000-00-00 00:00:00'),
(359, '403', 'DHAR', 0, 0, '0000-00-00 00:00:00', '0000-00-00 00:00:00'),
(360, '404', 'DINDORI', 0, 0, '0000-00-00 00:00:00', '0000-00-00 00:00:00'),
(361, '405', 'EAST NIMAR', 0, 0, '0000-00-00 00:00:00', '0000-00-00 00:00:00'),
(362, '406', 'GUNA', 0, 0, '0000-00-00 00:00:00', '0000-00-00 00:00:00'),
(363, '407', 'GWALIOR', 0, 0, '0000-00-00 00:00:00', '0000-00-00 00:00:00'),
(364, '408', 'HARDA', 0, 0, '0000-00-00 00:00:00', '0000-00-00 00:00:00'),
(365, '409', 'HOSHANGABAD', 0, 0, '0000-00-00 00:00:00', '0000-00-00 00:00:00'),
(366, '410', 'INDORE', 0, 0, '0000-00-00 00:00:00', '0000-00-00 00:00:00'),
(367, '411', 'JABALPUR', 0, 0, '0000-00-00 00:00:00', '0000-00-00 00:00:00'),
(368, '412', 'JHABUA', 0, 0, '0000-00-00 00:00:00', '0000-00-00 00:00:00'),
(369, '413', 'KATNI', 0, 0, '0000-00-00 00:00:00', '0000-00-00 00:00:00'),
(370, '414', 'KHARGONE', 0, 0, '0000-00-00 00:00:00', '0000-00-00 00:00:00'),
(371, '415', 'MANDLA', 0, 0, '0000-00-00 00:00:00', '0000-00-00 00:00:00'),
(372, '416', 'MANDSAUR', 0, 0, '0000-00-00 00:00:00', '0000-00-00 00:00:00'),
(373, '417', 'MORENA', 0, 0, '0000-00-00 00:00:00', '0000-00-00 00:00:00'),
(374, '418', 'NARSINGHPUR', 0, 0, '0000-00-00 00:00:00', '0000-00-00 00:00:00'),
(375, '419', 'NEEMUCH', 0, 0, '0000-00-00 00:00:00', '0000-00-00 00:00:00'),
(376, '420', 'PANNA', 0, 0, '0000-00-00 00:00:00', '0000-00-00 00:00:00'),
(377, '421', 'RAISEN', 0, 0, '0000-00-00 00:00:00', '0000-00-00 00:00:00'),
(378, '422', 'RAJGARH', 0, 0, '0000-00-00 00:00:00', '0000-00-00 00:00:00'),
(379, '423', 'RATLAM', 0, 0, '0000-00-00 00:00:00', '0000-00-00 00:00:00'),
(380, '424', 'REWA', 0, 0, '0000-00-00 00:00:00', '0000-00-00 00:00:00'),
(381, '425', 'SAGAR', 0, 0, '0000-00-00 00:00:00', '0000-00-00 00:00:00'),
(382, '426', 'SATNA', 0, 0, '0000-00-00 00:00:00', '0000-00-00 00:00:00'),
(383, '427', 'SEHORE', 0, 0, '0000-00-00 00:00:00', '0000-00-00 00:00:00'),
(384, '428', 'SEONI', 0, 0, '0000-00-00 00:00:00', '0000-00-00 00:00:00'),
(385, '429', 'SHAHDOL', 0, 0, '0000-00-00 00:00:00', '0000-00-00 00:00:00'),
(386, '430', 'SHAJAPUR', 0, 0, '0000-00-00 00:00:00', '0000-00-00 00:00:00'),
(387, '431', 'SHEOPUR', 0, 0, '0000-00-00 00:00:00', '0000-00-00 00:00:00'),
(388, '432', 'SHIVPURI', 0, 0, '0000-00-00 00:00:00', '0000-00-00 00:00:00'),
(389, '433', 'SIDHI', 0, 0, '0000-00-00 00:00:00', '0000-00-00 00:00:00'),
(390, '638', 'SINGRAULI', 0, 0, '0000-00-00 00:00:00', '0000-00-00 00:00:00'),
(391, '434', 'TIKAMGARH', 0, 0, '0000-00-00 00:00:00', '0000-00-00 00:00:00'),
(392, '435', 'UJJAIN', 0, 0, '0000-00-00 00:00:00', '0000-00-00 00:00:00'),
(393, '436', 'UMARIA', 0, 0, '0000-00-00 00:00:00', '0000-00-00 00:00:00'),
(394, '437', 'VIDISHA', 0, 0, '0000-00-00 00:00:00', '0000-00-00 00:00:00'),
(395, '466', 'AHMEDNAGAR', 0, 0, '0000-00-00 00:00:00', '0000-00-00 00:00:00'),
(396, '467', 'AKOLA', 0, 0, '0000-00-00 00:00:00', '0000-00-00 00:00:00'),
(397, '468', 'AMRAVATI', 0, 0, '0000-00-00 00:00:00', '0000-00-00 00:00:00'),
(398, '469', 'AURANGABAD', 0, 0, '0000-00-00 00:00:00', '0000-00-00 00:00:00'),
(399, '470', 'BEED', 0, 0, '0000-00-00 00:00:00', '0000-00-00 00:00:00'),
(400, '471', 'BHANDARA', 0, 0, '0000-00-00 00:00:00', '0000-00-00 00:00:00'),
(401, '472', 'BULDHANA', 0, 0, '0000-00-00 00:00:00', '0000-00-00 00:00:00'),
(402, '473', 'CHANDRAPUR', 0, 0, '0000-00-00 00:00:00', '0000-00-00 00:00:00'),
(403, '474', 'DHULE', 0, 0, '0000-00-00 00:00:00', '0000-00-00 00:00:00'),
(404, '475', 'GADCHIROLI', 0, 0, '0000-00-00 00:00:00', '0000-00-00 00:00:00'),
(405, '476', 'GONDIA', 0, 0, '0000-00-00 00:00:00', '0000-00-00 00:00:00'),
(406, '477', 'HINGOLI', 0, 0, '0000-00-00 00:00:00', '0000-00-00 00:00:00'),
(407, '478', 'JALGAON', 0, 0, '0000-00-00 00:00:00', '0000-00-00 00:00:00'),
(408, '479', 'JALNA', 0, 0, '0000-00-00 00:00:00', '0000-00-00 00:00:00'),
(409, '480', 'KOLHAPUR', 0, 0, '0000-00-00 00:00:00', '0000-00-00 00:00:00'),
(410, '481', 'LATUR', 0, 0, '0000-00-00 00:00:00', '0000-00-00 00:00:00'),
(411, '482', 'MUMBAI', 0, 0, '0000-00-00 00:00:00', '0000-00-00 00:00:00'),
(412, '483', 'MUMBAI SUBURBAN', 0, 0, '0000-00-00 00:00:00', '0000-00-00 00:00:00'),
(413, '484', 'NAGPUR', 0, 0, '0000-00-00 00:00:00', '0000-00-00 00:00:00'),
(414, '485', 'NANDED', 0, 0, '0000-00-00 00:00:00', '0000-00-00 00:00:00'),
(415, '486', 'NANDURBAR', 0, 0, '0000-00-00 00:00:00', '0000-00-00 00:00:00'),
(416, '487', 'NASHIK', 0, 0, '0000-00-00 00:00:00', '0000-00-00 00:00:00'),
(417, '488', 'OSMANABAD', 0, 0, '0000-00-00 00:00:00', '0000-00-00 00:00:00'),
(418, '665', 'PALGHAR', 0, 0, '0000-00-00 00:00:00', '0000-00-00 00:00:00'),
(419, '489', 'PARBHANI', 0, 0, '0000-00-00 00:00:00', '0000-00-00 00:00:00'),
(420, '490', 'PUNE', 0, 0, '0000-00-00 00:00:00', '0000-00-00 00:00:00'),
(421, '491', 'RAIGAD', 0, 0, '0000-00-00 00:00:00', '0000-00-00 00:00:00'),
(422, '492', 'RATNAGIRI', 0, 0, '0000-00-00 00:00:00', '0000-00-00 00:00:00'),
(423, '493', 'SANGLI', 0, 0, '0000-00-00 00:00:00', '0000-00-00 00:00:00'),
(424, '494', 'SATARA', 0, 0, '0000-00-00 00:00:00', '0000-00-00 00:00:00'),
(425, '495', 'SINDHUDURG', 0, 0, '0000-00-00 00:00:00', '0000-00-00 00:00:00'),
(426, '496', 'SOLAPUR', 0, 0, '0000-00-00 00:00:00', '0000-00-00 00:00:00'),
(427, '497', 'THANE', 0, 0, '0000-00-00 00:00:00', '0000-00-00 00:00:00'),
(428, '498', 'WARDHA', 0, 0, '0000-00-00 00:00:00', '0000-00-00 00:00:00'),
(429, '499', 'WASHIM', 0, 0, '0000-00-00 00:00:00', '0000-00-00 00:00:00'),
(430, '500', 'YAVATMAL', 0, 0, '0000-00-00 00:00:00', '0000-00-00 00:00:00'),
(431, '252', 'BISHNUPUR', 0, 0, '0000-00-00 00:00:00', '0000-00-00 00:00:00'),
(432, '253', 'CHANDEL', 0, 0, '0000-00-00 00:00:00', '0000-00-00 00:00:00'),
(433, '254', 'CHURACHANDPUR', 0, 0, '0000-00-00 00:00:00', '0000-00-00 00:00:00'),
(434, '255', 'IMPHAL EAST', 0, 0, '0000-00-00 00:00:00', '0000-00-00 00:00:00'),
(435, '256', 'IMPHAL WEST', 0, 0, '0000-00-00 00:00:00', '0000-00-00 00:00:00'),
(436, '257', 'SENAPATI', 0, 0, '0000-00-00 00:00:00', '0000-00-00 00:00:00'),
(437, '258', 'TAMENGLONG', 0, 0, '0000-00-00 00:00:00', '0000-00-00 00:00:00'),
(438, '259', 'THOUBAL', 0, 0, '0000-00-00 00:00:00', '0000-00-00 00:00:00'),
(439, '260', 'UKHRUL', 0, 0, '0000-00-00 00:00:00', '0000-00-00 00:00:00'),
(440, '273', 'EAST GARO HILLS', 0, 0, '0000-00-00 00:00:00', '0000-00-00 00:00:00'),
(441, '657', 'EAST JAINTIA HILLS', 0, 0, '0000-00-00 00:00:00', '0000-00-00 00:00:00'),
(442, '274', 'EAST KHASI HILLS', 0, 0, '0000-00-00 00:00:00', '0000-00-00 00:00:00'),
(443, '656', 'NORTH GARO HILLS', 0, 0, '0000-00-00 00:00:00', '0000-00-00 00:00:00'),
(444, '276', 'RI BHOI', 0, 0, '0000-00-00 00:00:00', '0000-00-00 00:00:00'),
(445, '277', 'SOUTH GARO HILLS', 0, 0, '0000-00-00 00:00:00', '0000-00-00 00:00:00'),
(446, '663', 'SOUTH WEST GARO HILLS', 0, 0, '0000-00-00 00:00:00', '0000-00-00 00:00:00'),
(447, '658', 'SOUTH WEST KHASI HILLS', 0, 0, '0000-00-00 00:00:00', '0000-00-00 00:00:00'),
(448, '278', 'WEST GARO HILLS', 0, 0, '0000-00-00 00:00:00', '0000-00-00 00:00:00'),
(449, '275', 'WEST JAINTIA HILLS', 0, 0, '0000-00-00 00:00:00', '0000-00-00 00:00:00'),
(450, '279', 'WEST KHASI HILLS', 0, 0, '0000-00-00 00:00:00', '0000-00-00 00:00:00'),
(451, '261', 'AIZAWL', 0, 0, '0000-00-00 00:00:00', '0000-00-00 00:00:00'),
(452, '262', 'CHAMPHAI', 0, 0, '0000-00-00 00:00:00', '0000-00-00 00:00:00'),
(453, '263', 'KOLASIB', 0, 0, '0000-00-00 00:00:00', '0000-00-00 00:00:00'),
(454, '264', 'LAWNGTLAI', 0, 0, '0000-00-00 00:00:00', '0000-00-00 00:00:00'),
(455, '265', 'LUNGLEI', 0, 0, '0000-00-00 00:00:00', '0000-00-00 00:00:00'),
(456, '266', 'MAMIT', 0, 0, '0000-00-00 00:00:00', '0000-00-00 00:00:00'),
(457, '267', 'SAIHA', 0, 0, '0000-00-00 00:00:00', '0000-00-00 00:00:00'),
(458, '268', 'SERCHHIP', 0, 0, '0000-00-00 00:00:00', '0000-00-00 00:00:00'),
(459, '244', 'DIMAPUR', 0, 0, '0000-00-00 00:00:00', '0000-00-00 00:00:00'),
(460, '614', 'KIPHIRE', 0, 0, '0000-00-00 00:00:00', '0000-00-00 00:00:00'),
(461, '245', 'KOHIMA', 0, 0, '0000-00-00 00:00:00', '0000-00-00 00:00:00'),
(462, '615', 'LONGLENG', 0, 0, '0000-00-00 00:00:00', '0000-00-00 00:00:00'),
(463, '246', 'MOKOKCHUNG', 0, 0, '0000-00-00 00:00:00', '0000-00-00 00:00:00'),
(464, '247', 'MON', 0, 0, '0000-00-00 00:00:00', '0000-00-00 00:00:00'),
(465, '613', 'PEREN', 0, 0, '0000-00-00 00:00:00', '0000-00-00 00:00:00'),
(466, '248', 'PHEK', 0, 0, '0000-00-00 00:00:00', '0000-00-00 00:00:00'),
(467, '249', 'TUENSANG', 0, 0, '0000-00-00 00:00:00', '0000-00-00 00:00:00'),
(468, '250', 'WOKHA', 0, 0, '0000-00-00 00:00:00', '0000-00-00 00:00:00'),
(469, '251', 'ZUNHEBOTO', 0, 0, '0000-00-00 00:00:00', '0000-00-00 00:00:00'),
(470, '344', 'ANUGUL', 0, 0, '0000-00-00 00:00:00', '0000-00-00 00:00:00'),
(471, '345', 'BALANGIR', 0, 0, '0000-00-00 00:00:00', '0000-00-00 00:00:00'),
(472, '346', 'BALESHWAR', 0, 0, '0000-00-00 00:00:00', '0000-00-00 00:00:00'),
(473, '347', 'BARGARH', 0, 0, '0000-00-00 00:00:00', '0000-00-00 00:00:00'),
(474, '348', 'BHADRAK', 0, 0, '0000-00-00 00:00:00', '0000-00-00 00:00:00'),
(475, '349', 'BOUDH', 0, 0, '0000-00-00 00:00:00', '0000-00-00 00:00:00'),
(476, '350', 'CUTTACK', 0, 0, '0000-00-00 00:00:00', '0000-00-00 00:00:00'),
(477, '351', 'DEOGARH', 0, 0, '0000-00-00 00:00:00', '0000-00-00 00:00:00'),
(478, '352', 'DHENKANAL', 0, 0, '0000-00-00 00:00:00', '0000-00-00 00:00:00'),
(479, '353', 'GAJAPATI', 0, 0, '0000-00-00 00:00:00', '0000-00-00 00:00:00'),
(480, '354', 'GANJAM', 0, 0, '0000-00-00 00:00:00', '0000-00-00 00:00:00'),
(481, '355', 'JAGATSINGHAPUR', 0, 0, '0000-00-00 00:00:00', '0000-00-00 00:00:00'),
(482, '356', 'JAJAPUR', 0, 0, '0000-00-00 00:00:00', '0000-00-00 00:00:00'),
(483, '357', 'JHARSUGUDA', 0, 0, '0000-00-00 00:00:00', '0000-00-00 00:00:00'),
(484, '358', 'KALAHANDI', 0, 0, '0000-00-00 00:00:00', '0000-00-00 00:00:00'),
(485, '359', 'KANDHAMAL', 0, 0, '0000-00-00 00:00:00', '0000-00-00 00:00:00'),
(486, '360', 'KENDRAPARA', 0, 0, '0000-00-00 00:00:00', '0000-00-00 00:00:00'),
(487, '361', 'KENDUJHAR', 0, 0, '0000-00-00 00:00:00', '0000-00-00 00:00:00'),
(488, '362', 'KHORDHA', 0, 0, '0000-00-00 00:00:00', '0000-00-00 00:00:00'),
(489, '363', 'KORAPUT', 0, 0, '0000-00-00 00:00:00', '0000-00-00 00:00:00'),
(490, '364', 'MALKANGIRI', 0, 0, '0000-00-00 00:00:00', '0000-00-00 00:00:00'),
(491, '365', 'MAYURBHANJ', 0, 0, '0000-00-00 00:00:00', '0000-00-00 00:00:00'),
(492, '366', 'NABARANGPUR', 0, 0, '0000-00-00 00:00:00', '0000-00-00 00:00:00'),
(493, '367', 'NAYAGARH', 0, 0, '0000-00-00 00:00:00', '0000-00-00 00:00:00'),
(494, '368', 'NUAPADA', 0, 0, '0000-00-00 00:00:00', '0000-00-00 00:00:00'),
(495, '369', 'PURI', 0, 0, '0000-00-00 00:00:00', '0000-00-00 00:00:00'),
(496, '370', 'RAYAGADA', 0, 0, '0000-00-00 00:00:00', '0000-00-00 00:00:00'),
(497, '371', 'SAMBALPUR', 0, 0, '0000-00-00 00:00:00', '0000-00-00 00:00:00'),
(498, '372', 'SONEPUR', 0, 0, '0000-00-00 00:00:00', '0000-00-00 00:00:00'),
(499, '373', 'SUNDARGARH', 0, 0, '0000-00-00 00:00:00', '0000-00-00 00:00:00'),
(500, '598', 'KARAIKAL', 0, 0, '0000-00-00 00:00:00', '0000-00-00 00:00:00'),
(501, '599', 'MAHE', 0, 0, '0000-00-00 00:00:00', '0000-00-00 00:00:00'),
(502, '600', 'PONDICHERRY', 0, 0, '0000-00-00 00:00:00', '0000-00-00 00:00:00'),
(503, '601', 'YANAM', 0, 0, '0000-00-00 00:00:00', '0000-00-00 00:00:00'),
(504, '27', 'AMRITSAR', 0, 0, '0000-00-00 00:00:00', '0000-00-00 00:00:00'),
(505, '605', 'BARNALA', 0, 0, '0000-00-00 00:00:00', '0000-00-00 00:00:00'),
(506, '28', 'BATHINDA', 0, 0, '0000-00-00 00:00:00', '0000-00-00 00:00:00'),
(507, '29', 'FARIDKOT', 0, 0, '0000-00-00 00:00:00', '0000-00-00 00:00:00'),
(508, '30', 'FATEHGARH SAHIB', 0, 0, '0000-00-00 00:00:00', '0000-00-00 00:00:00'),
(509, '651', 'FAZILKA', 0, 0, '0000-00-00 00:00:00', '0000-00-00 00:00:00'),
(510, '31', 'FIROZEPUR', 0, 0, '0000-00-00 00:00:00', '0000-00-00 00:00:00'),
(511, '32', 'GURDASPUR', 0, 0, '0000-00-00 00:00:00', '0000-00-00 00:00:00'),
(512, '33', 'HOSHIARPUR', 0, 0, '0000-00-00 00:00:00', '0000-00-00 00:00:00'),
(513, '34', 'JALANDHAR', 0, 0, '0000-00-00 00:00:00', '0000-00-00 00:00:00'),
(514, '35', 'KAPURTHALA', 0, 0, '0000-00-00 00:00:00', '0000-00-00 00:00:00'),
(515, '36', 'LUDHIANA', 0, 0, '0000-00-00 00:00:00', '0000-00-00 00:00:00'),
(516, '37', 'MANSA', 0, 0, '0000-00-00 00:00:00', '0000-00-00 00:00:00'),
(517, '38', 'MOGA', 0, 0, '0000-00-00 00:00:00', '0000-00-00 00:00:00'),
(518, '40', 'NAWANSHAHR', 0, 0, '0000-00-00 00:00:00', '0000-00-00 00:00:00'),
(519, '662', 'PATHANKOT', 0, 0, '0000-00-00 00:00:00', '0000-00-00 00:00:00'),
(520, '41', 'PATIALA', 0, 0, '0000-00-00 00:00:00', '0000-00-00 00:00:00'),
(521, '42', 'RUPNAGAR', 0, 0, '0000-00-00 00:00:00', '0000-00-00 00:00:00'),
(522, '43', 'SANGRUR', 0, 0, '0000-00-00 00:00:00', '0000-00-00 00:00:00'),
(523, '608', 'S.A.S Nagar', 0, 0, '0000-00-00 00:00:00', '0000-00-00 00:00:00'),
(524, '39', 'SRI MUKTSAR SAHIB', 0, 0, '0000-00-00 00:00:00', '0000-00-00 00:00:00'),
(525, '609', 'Tarn Taran', 0, 0, '0000-00-00 00:00:00', '0000-00-00 00:00:00'),
(526, '86', 'AJMER', 0, 0, '0000-00-00 00:00:00', '0000-00-00 00:00:00'),
(527, '87', 'ALWAR', 0, 0, '0000-00-00 00:00:00', '0000-00-00 00:00:00'),
(528, '88', 'BANSWARA', 0, 0, '0000-00-00 00:00:00', '0000-00-00 00:00:00'),
(529, '89', 'BARAN', 0, 0, '0000-00-00 00:00:00', '0000-00-00 00:00:00'),
(530, '90', 'BARMER', 0, 0, '0000-00-00 00:00:00', '0000-00-00 00:00:00'),
(531, '91', 'BHARATPUR', 0, 0, '0000-00-00 00:00:00', '0000-00-00 00:00:00'),
(532, '92', 'BHILWARA', 0, 0, '0000-00-00 00:00:00', '0000-00-00 00:00:00'),
(533, '93', 'BIKANER', 0, 0, '0000-00-00 00:00:00', '0000-00-00 00:00:00'),
(534, '94', 'BUNDI', 0, 0, '0000-00-00 00:00:00', '0000-00-00 00:00:00'),
(535, '95', 'CHITTORGARH', 0, 0, '0000-00-00 00:00:00', '0000-00-00 00:00:00'),
(536, '96', 'CHURU', 0, 0, '0000-00-00 00:00:00', '0000-00-00 00:00:00'),
(537, '97', 'DAUSA', 0, 0, '0000-00-00 00:00:00', '0000-00-00 00:00:00'),
(538, '98', 'DHOLPUR', 0, 0, '0000-00-00 00:00:00', '0000-00-00 00:00:00'),
(539, '99', 'DUNGARPUR', 0, 0, '0000-00-00 00:00:00', '0000-00-00 00:00:00'),
(540, '100', 'GANGANAGAR', 0, 0, '0000-00-00 00:00:00', '0000-00-00 00:00:00'),
(541, '101', 'HANUMANGARH', 0, 0, '0000-00-00 00:00:00', '0000-00-00 00:00:00'),
(542, '102', 'JAIPUR', 0, 0, '0000-00-00 00:00:00', '0000-00-00 00:00:00'),
(543, '103', 'JAISALMER', 0, 0, '0000-00-00 00:00:00', '0000-00-00 00:00:00'),
(544, '104', 'JALORE', 0, 0, '0000-00-00 00:00:00', '0000-00-00 00:00:00'),
(545, '105', 'JHALAWAR', 0, 0, '0000-00-00 00:00:00', '0000-00-00 00:00:00'),
(546, '106', 'JHUNJHUNU', 0, 0, '0000-00-00 00:00:00', '0000-00-00 00:00:00'),
(547, '107', 'JODHPUR', 0, 0, '0000-00-00 00:00:00', '0000-00-00 00:00:00'),
(548, '108', 'KARAULI', 0, 0, '0000-00-00 00:00:00', '0000-00-00 00:00:00'),
(549, '109', 'KOTA', 0, 0, '0000-00-00 00:00:00', '0000-00-00 00:00:00'),
(550, '110', 'NAGAUR', 0, 0, '0000-00-00 00:00:00', '0000-00-00 00:00:00'),
(551, '111', 'PALI', 0, 0, '0000-00-00 00:00:00', '0000-00-00 00:00:00'),
(552, '629', 'PRATAPGARH', 0, 0, '0000-00-00 00:00:00', '0000-00-00 00:00:00'),
(553, '112', 'RAJSAMAND', 0, 0, '0000-00-00 00:00:00', '0000-00-00 00:00:00'),
(554, '113', 'SAWAI MADHOPUR', 0, 0, '0000-00-00 00:00:00', '0000-00-00 00:00:00'),
(555, '114', 'SIKAR', 0, 0, '0000-00-00 00:00:00', '0000-00-00 00:00:00'),
(556, '115', 'SIROHI', 0, 0, '0000-00-00 00:00:00', '0000-00-00 00:00:00'),
(557, '116', 'TONK', 0, 0, '0000-00-00 00:00:00', '0000-00-00 00:00:00'),
(558, '117', 'UDAIPUR', 0, 0, '0000-00-00 00:00:00', '0000-00-00 00:00:00'),
(559, '225', 'EAST DISTRICT', 0, 0, '0000-00-00 00:00:00', '0000-00-00 00:00:00'),
(560, '226', 'NORTH DISTRICT', 0, 0, '0000-00-00 00:00:00', '0000-00-00 00:00:00'),
(561, '227', 'SOUTH DISTRICT', 0, 0, '0000-00-00 00:00:00', '0000-00-00 00:00:00'),
(562, '228', 'WEST DISTRICT', 0, 0, '0000-00-00 00:00:00', '0000-00-00 00:00:00'),
(563, '610', 'Ariyalur', 0, 0, '0000-00-00 00:00:00', '0000-00-00 00:00:00'),
(564, '568', 'CHENNAI', 0, 0, '0000-00-00 00:00:00', '0000-00-00 00:00:00'),
(565, '569', 'COIMBATORE', 0, 0, '0000-00-00 00:00:00', '0000-00-00 00:00:00'),
(566, '570', 'CUDDALORE', 0, 0, '0000-00-00 00:00:00', '0000-00-00 00:00:00'),
(567, '571', 'DHARMAPURI', 0, 0, '0000-00-00 00:00:00', '0000-00-00 00:00:00'),
(568, '572', 'DINDIGUL', 0, 0, '0000-00-00 00:00:00', '0000-00-00 00:00:00'),
(569, '573', 'ERODE', 0, 0, '0000-00-00 00:00:00', '0000-00-00 00:00:00'),
(570, '574', 'KANCHIPURAM', 0, 0, '0000-00-00 00:00:00', '0000-00-00 00:00:00'),
(571, '575', 'KANNIYAKUMARI', 0, 0, '0000-00-00 00:00:00', '0000-00-00 00:00:00'),
(572, '576', 'KARUR', 0, 0, '0000-00-00 00:00:00', '0000-00-00 00:00:00'),
(573, '577', 'KRISHNAGIRI', 0, 0, '0000-00-00 00:00:00', '0000-00-00 00:00:00'),
(574, '578', 'MADURAI', 0, 0, '0000-00-00 00:00:00', '0000-00-00 00:00:00'),
(575, '579', 'NAGAPATTINAM', 0, 0, '0000-00-00 00:00:00', '0000-00-00 00:00:00'),
(576, '580', 'NAMAKKAL', 0, 0, '0000-00-00 00:00:00', '0000-00-00 00:00:00'),
(577, '581', 'PERAMBALUR', 0, 0, '0000-00-00 00:00:00', '0000-00-00 00:00:00'),
(578, '582', 'PUDUKKOTTAI', 0, 0, '0000-00-00 00:00:00', '0000-00-00 00:00:00'),
(579, '583', 'RAMANATHAPURAM', 0, 0, '0000-00-00 00:00:00', '0000-00-00 00:00:00'),
(580, '584', 'SALEM', 0, 0, '0000-00-00 00:00:00', '0000-00-00 00:00:00'),
(581, '585', 'SIVAGANGA', 0, 0, '0000-00-00 00:00:00', '0000-00-00 00:00:00'),
(582, '586', 'THANJAVUR', 0, 0, '0000-00-00 00:00:00', '0000-00-00 00:00:00'),
(583, '588', 'THENI', 0, 0, '0000-00-00 00:00:00', '0000-00-00 00:00:00'),
(584, '587', 'THE NILGIRIS', 0, 0, '0000-00-00 00:00:00', '0000-00-00 00:00:00'),
(585, '589', 'THIRUVALLUR', 0, 0, '0000-00-00 00:00:00', '0000-00-00 00:00:00'),
(586, '590', 'THIRUVARUR', 0, 0, '0000-00-00 00:00:00', '0000-00-00 00:00:00'),
(587, '591', 'TIRUCHIRAPPALLI', 0, 0, '0000-00-00 00:00:00', '0000-00-00 00:00:00'),
(588, '592', 'TIRUNELVELI', 0, 0, '0000-00-00 00:00:00', '0000-00-00 00:00:00'),
(589, '634', 'TIRUPPUR', 0, 0, '0000-00-00 00:00:00', '0000-00-00 00:00:00'),
(590, '593', 'TIRUVANNAMALAI', 0, 0, '0000-00-00 00:00:00', '0000-00-00 00:00:00'),
(591, '594', 'TUTICORIN', 0, 0, '0000-00-00 00:00:00', '0000-00-00 00:00:00'),
(592, '595', 'VELLORE', 0, 0, '0000-00-00 00:00:00', '0000-00-00 00:00:00'),
(593, '596', 'VILLUPURAM', 0, 0, '0000-00-00 00:00:00', '0000-00-00 00:00:00'),
(594, '597', 'VIRUDHUNAGAR', 0, 0, '0000-00-00 00:00:00', '0000-00-00 00:00:00'),
(595, '501', 'ADILABAD', 0, 0, '0000-00-00 00:00:00', '0000-00-00 00:00:00'),
(596, '690', 'BHADRADRI', 0, 0, '0000-00-00 00:00:00', '0000-00-00 00:00:00'),
(597, '507', 'HYDERABAD', 0, 0, '0000-00-00 00:00:00', '0000-00-00 00:00:00'),
(598, '681', 'Jagitial', 0, 0, '0000-00-00 00:00:00', '0000-00-00 00:00:00'),
(599, '689', 'JANGOAN', 0, 0, '0000-00-00 00:00:00', '0000-00-00 00:00:00'),
(600, '687', 'JAYASHANKAR', 0, 0, '0000-00-00 00:00:00', '0000-00-00 00:00:00'),
(601, '695', 'JOGULAMBA', 0, 0, '0000-00-00 00:00:00', '0000-00-00 00:00:00'),
(602, '685', 'KAMAREDDY', 0, 0, '0000-00-00 00:00:00', '0000-00-00 00:00:00'),
(603, '508', 'KARIMNAGAR', 0, 0, '0000-00-00 00:00:00', '0000-00-00 00:00:00'),
(604, '509', 'KHAMMAM', 0, 0, '0000-00-00 00:00:00', '0000-00-00 00:00:00'),
(605, '699', 'KOMARAM BHEEM ASIFABAD', 0, 0, '0000-00-00 00:00:00', '0000-00-00 00:00:00'),
(606, '688', 'MAHABUBABAD', 0, 0, '0000-00-00 00:00:00', '0000-00-00 00:00:00'),
(607, '512', 'MAHBUBNAGAR', 0, 0, '0000-00-00 00:00:00', '0000-00-00 00:00:00'),
(608, '684', 'MANCHERIAL', 0, 0, '0000-00-00 00:00:00', '0000-00-00 00:00:00'),
(609, '513', 'MEDAK', 0, 0, '0000-00-00 00:00:00', '0000-00-00 00:00:00'),
(610, '700', 'MEDCHAL', 0, 0, '0000-00-00 00:00:00', '0000-00-00 00:00:00'),
(611, '694', 'NAGARKURNOOL', 0, 0, '0000-00-00 00:00:00', '0000-00-00 00:00:00'),
(612, '514', 'NALGONDA', 0, 0, '0000-00-00 00:00:00', '0000-00-00 00:00:00'),
(613, '680', 'Nirmal', 0, 0, '0000-00-00 00:00:00', '0000-00-00 00:00:00'),
(614, '516', 'NIZAMABAD', 0, 0, '0000-00-00 00:00:00', '0000-00-00 00:00:00'),
(615, '682', 'PEDDAPALLI', 0, 0, '0000-00-00 00:00:00', '0000-00-00 00:00:00'),
(616, '683', 'RAJANNA', 0, 0, '0000-00-00 00:00:00', '0000-00-00 00:00:00'),
(617, '518', 'RANGAREDDI', 0, 0, '0000-00-00 00:00:00', '0000-00-00 00:00:00'),
(618, '691', 'SANGAREDDY', 0, 0, '0000-00-00 00:00:00', '0000-00-00 00:00:00'),
(619, '692', 'SIDDIPET', 0, 0, '0000-00-00 00:00:00', '0000-00-00 00:00:00'),
(620, '696', 'SURYAPET', 0, 0, '0000-00-00 00:00:00', '0000-00-00 00:00:00'),
(621, '698', 'VIKARABAD', 0, 0, '0000-00-00 00:00:00', '0000-00-00 00:00:00'),
(622, '693', 'WANAPARTHY', 0, 0, '0000-00-00 00:00:00', '0000-00-00 00:00:00'),
(623, '522', 'WARANGAL', 0, 0, '0000-00-00 00:00:00', '0000-00-00 00:00:00'),
(624, '686', 'WARANGAL URBAN', 0, 0, '0000-00-00 00:00:00', '0000-00-00 00:00:00'),
(625, '697', 'YADADRI', 0, 0, '0000-00-00 00:00:00', '0000-00-00 00:00:00'),
(626, '269', 'Dhalai', 0, 0, '0000-00-00 00:00:00', '0000-00-00 00:00:00'),
(627, '654', 'Gomati', 0, 0, '0000-00-00 00:00:00', '0000-00-00 00:00:00'),
(628, '652', 'Khowai', 0, 0, '0000-00-00 00:00:00', '0000-00-00 00:00:00'),
(629, '270', 'North Tripura', 0, 0, '0000-00-00 00:00:00', '0000-00-00 00:00:00'),
(630, '653', 'Sepahijala', 0, 0, '0000-00-00 00:00:00', '0000-00-00 00:00:00'),
(631, '271', 'South Tripura', 0, 0, '0000-00-00 00:00:00', '0000-00-00 00:00:00'),
(632, '655', 'Unakoti', 0, 0, '0000-00-00 00:00:00', '0000-00-00 00:00:00'),
(633, '272', 'West Tripura', 0, 0, '0000-00-00 00:00:00', '0000-00-00 00:00:00'),
(634, '45', 'ALMORA', 0, 0, '0000-00-00 00:00:00', '0000-00-00 00:00:00'),
(635, '46', 'BAGESHWAR', 0, 0, '0000-00-00 00:00:00', '0000-00-00 00:00:00'),
(636, '47', 'CHAMOLI', 0, 0, '0000-00-00 00:00:00', '0000-00-00 00:00:00'),
(637, '48', 'CHAMPAWAT', 0, 0, '0000-00-00 00:00:00', '0000-00-00 00:00:00'),
(638, '49', 'DEHRADUN', 0, 0, '0000-00-00 00:00:00', '0000-00-00 00:00:00'),
(639, '50', 'HARIDWAR', 0, 0, '0000-00-00 00:00:00', '0000-00-00 00:00:00'),
(640, '51', 'NAINITAL', 0, 0, '0000-00-00 00:00:00', '0000-00-00 00:00:00'),
(641, '52', 'PAURI GARHWAL', 0, 0, '0000-00-00 00:00:00', '0000-00-00 00:00:00'),
(642, '53', 'PITHORAGARH', 0, 0, '0000-00-00 00:00:00', '0000-00-00 00:00:00'),
(643, '54', 'RUDRA PRAYAG', 0, 0, '0000-00-00 00:00:00', '0000-00-00 00:00:00'),
(644, '55', 'TEHRI GARHWAL', 0, 0, '0000-00-00 00:00:00', '0000-00-00 00:00:00'),
(645, '56', 'UDAM SINGH NAGAR', 0, 0, '0000-00-00 00:00:00', '0000-00-00 00:00:00'),
(646, '57', 'UTTAR KASHI', 0, 0, '0000-00-00 00:00:00', '0000-00-00 00:00:00'),
(647, '118', 'AGRA', 0, 0, '0000-00-00 00:00:00', '0000-00-00 00:00:00'),
(648, '119', 'ALIGARH', 0, 0, '0000-00-00 00:00:00', '0000-00-00 00:00:00'),
(649, '120', 'ALLAHABAD', 0, 0, '0000-00-00 00:00:00', '0000-00-00 00:00:00'),
(650, '121', 'AMBEDKAR NAGAR', 0, 0, '0000-00-00 00:00:00', '0000-00-00 00:00:00'),
(651, '640', 'Amethi', 0, 0, '0000-00-00 00:00:00', '0000-00-00 00:00:00'),
(652, '154', 'AMROHA', 0, 0, '0000-00-00 00:00:00', '0000-00-00 00:00:00'),
(653, '122', 'AURAIYA', 0, 0, '0000-00-00 00:00:00', '0000-00-00 00:00:00'),
(654, '123', 'AZAMGARH', 0, 0, '0000-00-00 00:00:00', '0000-00-00 00:00:00'),
(655, '124', 'BAGHPAT', 0, 0, '0000-00-00 00:00:00', '0000-00-00 00:00:00'),
(656, '125', 'BAHRAICH', 0, 0, '0000-00-00 00:00:00', '0000-00-00 00:00:00'),
(657, '126', 'BALLIA', 0, 0, '0000-00-00 00:00:00', '0000-00-00 00:00:00'),
(658, '127', 'BALRAMPUR', 0, 0, '0000-00-00 00:00:00', '0000-00-00 00:00:00'),
(659, '128', 'BANDA', 0, 0, '0000-00-00 00:00:00', '0000-00-00 00:00:00'),
(660, '129', 'BARABANKI', 0, 0, '0000-00-00 00:00:00', '0000-00-00 00:00:00'),
(661, '130', 'BAREILLY', 0, 0, '0000-00-00 00:00:00', '0000-00-00 00:00:00'),
(662, '131', 'BASTI', 0, 0, '0000-00-00 00:00:00', '0000-00-00 00:00:00'),
(663, '179', 'BHADOHI', 0, 0, '0000-00-00 00:00:00', '0000-00-00 00:00:00'),
(664, '132', 'BIJNOR', 0, 0, '0000-00-00 00:00:00', '0000-00-00 00:00:00'),
(665, '133', 'BUDAUN', 0, 0, '0000-00-00 00:00:00', '0000-00-00 00:00:00'),
(666, '134', 'BULANDSHAHR', 0, 0, '0000-00-00 00:00:00', '0000-00-00 00:00:00'),
(667, '135', 'CHANDAULI', 0, 0, '0000-00-00 00:00:00', '0000-00-00 00:00:00'),
(668, '136', 'CHITRAKOOT', 0, 0, '0000-00-00 00:00:00', '0000-00-00 00:00:00'),
(669, '137', 'DEORIA', 0, 0, '0000-00-00 00:00:00', '0000-00-00 00:00:00'),
(670, '138', 'ETAH', 0, 0, '0000-00-00 00:00:00', '0000-00-00 00:00:00'),
(671, '139', 'ETAWAH', 0, 0, '0000-00-00 00:00:00', '0000-00-00 00:00:00'),
(672, '140', 'FAIZABAD', 0, 0, '0000-00-00 00:00:00', '0000-00-00 00:00:00'),
(673, '141', 'FARRUKHABAD', 0, 0, '0000-00-00 00:00:00', '0000-00-00 00:00:00'),
(674, '142', 'FATEHPUR', 0, 0, '0000-00-00 00:00:00', '0000-00-00 00:00:00'),
(675, '143', 'FIROZABAD', 0, 0, '0000-00-00 00:00:00', '0000-00-00 00:00:00'),
(676, '144', 'GAUTAM BUDDHA NAGAR', 0, 0, '0000-00-00 00:00:00', '0000-00-00 00:00:00'),
(677, '145', 'GHAZIABAD', 0, 0, '0000-00-00 00:00:00', '0000-00-00 00:00:00'),
(678, '146', 'GHAZIPUR', 0, 0, '0000-00-00 00:00:00', '0000-00-00 00:00:00'),
(679, '147', 'GONDA', 0, 0, '0000-00-00 00:00:00', '0000-00-00 00:00:00'),
(680, '148', 'GORAKHPUR', 0, 0, '0000-00-00 00:00:00', '0000-00-00 00:00:00'),
(681, '149', 'HAMIRPUR', 0, 0, '0000-00-00 00:00:00', '0000-00-00 00:00:00'),
(682, '661', 'HAPUR', 0, 0, '0000-00-00 00:00:00', '0000-00-00 00:00:00'),
(683, '150', 'HARDOI', 0, 0, '0000-00-00 00:00:00', '0000-00-00 00:00:00'),
(684, '163', 'HATHRAS', 0, 0, '0000-00-00 00:00:00', '0000-00-00 00:00:00'),
(685, '151', 'JALAUN', 0, 0, '0000-00-00 00:00:00', '0000-00-00 00:00:00'),
(686, '152', 'JAUNPUR', 0, 0, '0000-00-00 00:00:00', '0000-00-00 00:00:00'),
(687, '153', 'JHANSI', 0, 0, '0000-00-00 00:00:00', '0000-00-00 00:00:00'),
(688, '155', 'KANNAUJ', 0, 0, '0000-00-00 00:00:00', '0000-00-00 00:00:00'),
(689, '156', 'KANPUR DEHAT', 0, 0, '0000-00-00 00:00:00', '0000-00-00 00:00:00'),
(690, '157', 'KANPUR NAGAR', 0, 0, '0000-00-00 00:00:00', '0000-00-00 00:00:00'),
(691, '633', 'Kasganj', 0, 0, '0000-00-00 00:00:00', '0000-00-00 00:00:00'),
(692, '158', 'KAUSHAMBI', 0, 0, '0000-00-00 00:00:00', '0000-00-00 00:00:00'),
(693, '159', 'KHERI', 0, 0, '0000-00-00 00:00:00', '0000-00-00 00:00:00'),
(694, '160', 'KUSHI NAGAR', 0, 0, '0000-00-00 00:00:00', '0000-00-00 00:00:00'),
(695, '161', 'LALITPUR', 0, 0, '0000-00-00 00:00:00', '0000-00-00 00:00:00');
INSERT INTO `ma_location` (`id`, `code`, `name`, `created_by`, `updated_by`, `created_at`, `updated_at`) VALUES
(696, '162', 'LUCKNOW', 0, 0, '0000-00-00 00:00:00', '0000-00-00 00:00:00'),
(697, '164', 'MAHARAJGANJ', 0, 0, '0000-00-00 00:00:00', '0000-00-00 00:00:00'),
(698, '165', 'MAHOBA', 0, 0, '0000-00-00 00:00:00', '0000-00-00 00:00:00'),
(699, '166', 'MAINPURI', 0, 0, '0000-00-00 00:00:00', '0000-00-00 00:00:00'),
(700, '167', 'MATHURA', 0, 0, '0000-00-00 00:00:00', '0000-00-00 00:00:00'),
(701, '168', 'MAU', 0, 0, '0000-00-00 00:00:00', '0000-00-00 00:00:00'),
(702, '169', 'MEERUT', 0, 0, '0000-00-00 00:00:00', '0000-00-00 00:00:00'),
(703, '170', 'MIRZAPUR', 0, 0, '0000-00-00 00:00:00', '0000-00-00 00:00:00'),
(704, '171', 'MORADABAD', 0, 0, '0000-00-00 00:00:00', '0000-00-00 00:00:00'),
(705, '172', 'MUZAFFARNAGAR', 0, 0, '0000-00-00 00:00:00', '0000-00-00 00:00:00'),
(706, '173', 'PILIBHIT', 0, 0, '0000-00-00 00:00:00', '0000-00-00 00:00:00'),
(707, '174', 'PRATAPGARH', 0, 0, '0000-00-00 00:00:00', '0000-00-00 00:00:00'),
(708, '175', 'RAE BARELI', 0, 0, '0000-00-00 00:00:00', '0000-00-00 00:00:00'),
(709, '176', 'RAMPUR', 0, 0, '0000-00-00 00:00:00', '0000-00-00 00:00:00'),
(710, '177', 'SAHARANPUR', 0, 0, '0000-00-00 00:00:00', '0000-00-00 00:00:00'),
(711, '659', 'SAMBHAL', 0, 0, '0000-00-00 00:00:00', '0000-00-00 00:00:00'),
(712, '178', 'SANT KABEER NAGAR', 0, 0, '0000-00-00 00:00:00', '0000-00-00 00:00:00'),
(713, '180', 'SHAHJAHANPUR', 0, 0, '0000-00-00 00:00:00', '0000-00-00 00:00:00'),
(714, '660', 'SHAMLI', 0, 0, '0000-00-00 00:00:00', '0000-00-00 00:00:00'),
(715, '181', 'SHRAVASTI', 0, 0, '0000-00-00 00:00:00', '0000-00-00 00:00:00'),
(716, '182', 'SIDDHARTH NAGAR', 0, 0, '0000-00-00 00:00:00', '0000-00-00 00:00:00'),
(717, '183', 'SITAPUR', 0, 0, '0000-00-00 00:00:00', '0000-00-00 00:00:00'),
(718, '184', 'SONBHADRA', 0, 0, '0000-00-00 00:00:00', '0000-00-00 00:00:00'),
(719, '185', 'SULTANPUR', 0, 0, '0000-00-00 00:00:00', '0000-00-00 00:00:00'),
(720, '186', 'UNNAO', 0, 0, '0000-00-00 00:00:00', '0000-00-00 00:00:00'),
(721, '187', 'VARANASI', 0, 0, '0000-00-00 00:00:00', '0000-00-00 00:00:00'),
(722, '303', '24 PARAGANAS NORTH', 0, 0, '0000-00-00 00:00:00', '0000-00-00 00:00:00'),
(723, '304', '24 PARAGANAS SOUTH', 0, 0, '0000-00-00 00:00:00', '0000-00-00 00:00:00'),
(724, '664', 'Alipurduar', 0, 0, '0000-00-00 00:00:00', '0000-00-00 00:00:00'),
(725, '305', 'BANKURA', 0, 0, '0000-00-00 00:00:00', '0000-00-00 00:00:00'),
(726, '306', 'BARDHAMAN', 0, 0, '0000-00-00 00:00:00', '0000-00-00 00:00:00'),
(727, '307', 'BIRBHUM', 0, 0, '0000-00-00 00:00:00', '0000-00-00 00:00:00'),
(728, '308', 'COOCHBEHAR', 0, 0, '0000-00-00 00:00:00', '0000-00-00 00:00:00'),
(729, '309', 'DARJEELING', 0, 0, '0000-00-00 00:00:00', '0000-00-00 00:00:00'),
(730, '310', 'DINAJPUR DAKSHIN', 0, 0, '0000-00-00 00:00:00', '0000-00-00 00:00:00'),
(731, '311', 'DINAJPUR UTTAR', 0, 0, '0000-00-00 00:00:00', '0000-00-00 00:00:00'),
(732, '312', 'HOOGHLY', 0, 0, '0000-00-00 00:00:00', '0000-00-00 00:00:00'),
(733, '313', 'HOWRAH', 0, 0, '0000-00-00 00:00:00', '0000-00-00 00:00:00'),
(734, '314', 'JALPAIGURI', 0, 0, '0000-00-00 00:00:00', '0000-00-00 00:00:00'),
(735, '315', 'KOLKATA', 0, 0, '0000-00-00 00:00:00', '0000-00-00 00:00:00'),
(736, '316', 'MALDAH', 0, 0, '0000-00-00 00:00:00', '0000-00-00 00:00:00'),
(737, '317', 'MEDINIPUR EAST', 0, 0, '0000-00-00 00:00:00', '0000-00-00 00:00:00'),
(738, '318', 'MEDINIPUR WEST', 0, 0, '0000-00-00 00:00:00', '0000-00-00 00:00:00'),
(739, '319', 'MURSHIDABAD', 0, 0, '0000-00-00 00:00:00', '0000-00-00 00:00:00'),
(740, '320', 'NADIA', 0, 0, '0000-00-00 00:00:00', '0000-00-00 00:00:00'),
(741, '321', 'PURULIA', 0, 0, '0000-00-00 00:00:00', '0000-00-00 00:00:00');

-- --------------------------------------------------------

--
-- Table structure for table `ma_manufacture`
--

CREATE TABLE `ma_manufacture` (
  `id` bigint(20) UNSIGNED NOT NULL,
  `code` varchar(15) COLLATE utf8mb4_unicode_ci NOT NULL,
  `name` varchar(20) COLLATE utf8mb4_unicode_ci NOT NULL,
  `created_by` tinyint(4) NOT NULL,
  `updated_by` tinyint(4) NOT NULL,
  `created_at` timestamp NULL DEFAULT NULL,
  `updated_at` timestamp NULL DEFAULT NULL
) ENGINE=InnoDB DEFAULT CHARSET=utf8mb4 COLLATE=utf8mb4_unicode_ci;

-- --------------------------------------------------------

--
-- Table structure for table `ma_material`
--

CREATE TABLE `ma_material` (
  `id` bigint(20) UNSIGNED NOT NULL,
  `part_no` varchar(15) COLLATE utf8mb4_unicode_ci NOT NULL,
  `description` varchar(50) COLLATE utf8mb4_unicode_ci NOT NULL,
  `type` int(11) NOT NULL,
  `created_by` tinyint(4) NOT NULL,
  `updated_by` tinyint(4) NOT NULL,
  `created_at` timestamp NULL DEFAULT NULL,
  `updated_at` timestamp NULL DEFAULT NULL
) ENGINE=InnoDB DEFAULT CHARSET=utf8mb4 COLLATE=utf8mb4_unicode_ci;

-- --------------------------------------------------------

--
-- Table structure for table `ma_material_type`
--

CREATE TABLE `ma_material_type` (
  `id` bigint(20) UNSIGNED NOT NULL,
  `code` varchar(15) COLLATE utf8mb4_unicode_ci NOT NULL,
  `name` varchar(25) COLLATE utf8mb4_unicode_ci NOT NULL,
  `created_by` tinyint(4) NOT NULL,
  `updated_by` tinyint(4) NOT NULL,
  `created_at` timestamp NULL DEFAULT NULL,
  `updated_at` timestamp NULL DEFAULT NULL
) ENGINE=InnoDB DEFAULT CHARSET=utf8mb4 COLLATE=utf8mb4_unicode_ci;

--
-- Dumping data for table `ma_material_type`
--

INSERT INTO `ma_material_type` (`id`, `code`, `name`, `created_by`, `updated_by`, `created_at`, `updated_at`) VALUES
(1, 'MT001', 'Mat One', 1, 1, '2019-08-26 13:30:35', '2019-08-26 13:30:35');

-- --------------------------------------------------------

--
-- Table structure for table `ma_packing_style`
--

CREATE TABLE `ma_packing_style` (
  `id` bigint(20) UNSIGNED NOT NULL,
  `code` varchar(15) COLLATE utf8mb4_unicode_ci NOT NULL,
  `name` varchar(20) COLLATE utf8mb4_unicode_ci NOT NULL,
  `created_by` tinyint(4) NOT NULL,
  `updated_by` tinyint(4) NOT NULL,
  `created_at` timestamp NULL DEFAULT NULL,
  `updated_at` timestamp NULL DEFAULT NULL
) ENGINE=InnoDB DEFAULT CHARSET=utf8mb4 COLLATE=utf8mb4_unicode_ci;

-- --------------------------------------------------------

--
-- Table structure for table `ma_product`
--

CREATE TABLE `ma_product` (
  `id` bigint(20) UNSIGNED NOT NULL,
  `part_no` varchar(50) COLLATE utf8mb4_unicode_ci NOT NULL,
  `description` varchar(200) COLLATE utf8mb4_unicode_ci DEFAULT NULL,
  `type` bigint(20) NOT NULL,
  `created_by` tinyint(4) NOT NULL,
  `updated_by` tinyint(4) NOT NULL,
  `created_at` timestamp NULL DEFAULT NULL,
  `updated_at` timestamp NULL DEFAULT NULL
) ENGINE=InnoDB DEFAULT CHARSET=utf8mb4 COLLATE=utf8mb4_unicode_ci;

--
-- Dumping data for table `ma_product`
--

INSERT INTO `ma_product` (`id`, `part_no`, `description`, `type`, `created_by`, `updated_by`, `created_at`, `updated_at`) VALUES
(1, ' C264MB1M6910013044000030111N10', NULL, 1, 1, 1, '2019-11-29 08:03:40', '2019-11-29 08:03:40'),
(2, 'C264CB1D6AB620301100000C000010', NULL, 1, 1, 1, '2019-11-29 08:03:40', '2019-11-29 08:03:40'),
(3, 'C264CB1M6910003302000001111N10', NULL, 1, 1, 1, '2019-11-29 08:03:40', '2019-11-29 08:03:40'),
(4, 'C264LB1M691000340400B000000N0', NULL, 1, 1, 1, '2019-11-29 08:03:40', '2019-11-29 08:03:40'),
(5, 'C264LB1M691001307100D000111N10', NULL, 1, 1, 1, '2019-11-29 08:03:40', '2019-11-29 08:03:40'),
(6, 'C264M11I6910022202000001111N10', NULL, 1, 1, 1, '2019-11-29 08:03:40', '2019-11-29 08:03:40'),
(7, 'C264M11M691002330300A001111N10', NULL, 1, 1, 1, '2019-11-29 08:03:40', '2019-11-29 08:03:40'),
(8, 'C264MA1D6910013022000000C111N10', NULL, 1, 1, 1, '2019-11-29 08:03:40', '2019-11-29 08:03:40'),
(9, 'C264MB116910012502000030111N10', NULL, 1, 1, 1, '2019-11-29 08:03:40', '2019-11-29 08:03:40'),
(10, 'C264MB1I691001220300A001111N10', NULL, 1, 1, 1, '2019-11-29 08:03:40', '2019-11-29 08:03:40'),
(11, 'C264MB1I69100124040000011111N10', NULL, 1, 1, 1, '2019-11-29 08:03:40', '2019-11-29 08:03:40'),
(12, 'C264MB1M691000306000D000111N100', NULL, 1, 1, 1, '2019-11-29 08:03:40', '2019-11-29 08:03:40'),
(13, 'C264MB1M6910013055000030000N10', NULL, 1, 1, 1, '2019-11-29 08:03:40', '2019-11-29 08:03:40'),
(14, 'C264MB1M691001306700A000111N10', NULL, 1, 1, 1, '2019-11-29 08:03:40', '2019-11-29 08:03:40'),
(15, 'C264MB1M6910013303000031111N10', NULL, 1, 1, 1, '2019-11-29 08:03:40', '2019-11-29 08:03:40'),
(16, 'C264MB1M69100134020000301111N10', NULL, 1, 1, 1, '2019-11-29 08:03:40', '2019-11-29 08:03:40'),
(17, 'C264MB1M6910013403000001111N10', NULL, 1, 1, 1, '2019-11-29 08:03:40', '2019-11-29 08:03:40'),
(18, 'C264MB1M6910013403000001111N11', NULL, 1, 1, 1, '2019-11-29 08:03:40', '2019-11-29 08:03:40'),
(19, 'C264MB1M6910013403000001111N11', NULL, 1, 1, 1, '2019-11-29 08:03:40', '2019-11-29 08:03:40'),
(20, 'C264MB1M6910013403000030111N10', NULL, 1, 1, 1, '2019-11-29 08:03:40', '2019-11-29 08:03:40'),
(21, 'C264MB1M6910013403000031111N10', NULL, 1, 1, 1, '2019-11-29 08:03:40', '2019-11-29 08:03:40'),
(22, 'C264MB1M691001340300B001111N10', NULL, 1, 1, 1, '2019-11-29 08:03:40', '2019-11-29 08:03:40'),
(23, 'C264MB1M6910013404000030111N10', NULL, 1, 1, 1, '2019-11-29 08:03:40', '2019-11-29 08:03:40'),
(24, 'C264MB1M691001340400031111N10', NULL, 1, 1, 1, '2019-11-29 08:03:40', '2019-11-29 08:03:40'),
(25, 'C264MB1M691001340500A031111N10', NULL, 1, 1, 1, '2019-11-29 08:03:40', '2019-11-29 08:03:40'),
(26, 'C264MB1M691001350400031111N10', NULL, 1, 1, 1, '2019-11-29 08:03:40', '2019-11-29 08:03:40'),
(27, 'C264MB1M6910013603000001111N10', NULL, 1, 1, 1, '2019-11-29 08:03:40', '2019-11-29 08:03:40'),
(28, 'C264MB1M691001360400030111N10', NULL, 1, 1, 1, '2019-11-29 08:03:40', '2019-11-29 08:03:40'),
(29, 'C264MB1M691001360600A000111N10', NULL, 1, 1, 1, '2019-11-29 08:03:40', '2019-11-29 08:03:40'),
(30, 'C264MB1M6910023043000030000N10', NULL, 1, 1, 1, '2019-11-29 08:03:40', '2019-11-29 08:03:40'),
(31, 'C264MB1M6910023063000030111N10', NULL, 1, 1, 1, '2019-11-29 08:03:40', '2019-11-29 08:03:40'),
(32, 'C264MB1M691002330300001111N10', NULL, 1, 1, 1, '2019-11-29 08:03:40', '2019-11-29 08:03:40'),
(33, 'C264MB1M6910023303000030000N10', NULL, 1, 1, 1, '2019-11-29 08:03:40', '2019-11-29 08:03:40'),
(34, 'C264MB1M6910023303000031111N10', NULL, 1, 1, 1, '2019-11-29 08:03:40', '2019-11-29 08:03:40'),
(35, 'C264MB1S6AB001305500A0000000010', NULL, 1, 1, 1, '2019-11-29 08:03:40', '2019-11-29 08:03:40'),
(36, 'C264SB1M69100132020000111N10', NULL, 1, 1, 1, '2019-11-29 08:03:40', '2019-11-29 08:03:40'),
(37, 'CCUM21PF102A', NULL, 2, 1, 1, '2019-11-29 08:03:40', '2019-11-29 08:03:40'),
(38, 'CTMM509DF115A', NULL, 2, 1, 1, '2019-11-29 08:03:40', '2019-11-29 08:03:40'),
(39, 'CTU12BF8023ACH', NULL, 2, 1, 1, '2019-11-29 08:03:40', '2019-11-29 08:03:40'),
(40, 'CTU12BF8025ACH', NULL, 2, 1, 1, '2019-11-29 08:03:40', '2019-11-29 08:03:40'),
(41, 'CTU12BF8031ACH', NULL, 2, 1, 1, '2019-11-29 08:03:40', '2019-11-29 08:03:40'),
(42, 'CTU12BF8050ACH', NULL, 2, 1, 1, '2019-11-29 08:03:40', '2019-11-29 08:03:40'),
(43, 'CTU12BF8051ACH', NULL, 2, 1, 1, '2019-11-29 08:03:40', '2019-11-29 08:03:40'),
(44, 'CTU12BF8095ACH', NULL, 2, 1, 1, '2019-11-29 08:03:40', '2019-11-29 08:03:40'),
(45, 'CTU62BF8025BCH', NULL, 2, 1, 1, '2019-11-29 08:03:40', '2019-11-29 08:03:40'),
(46, 'CTU62BF8046BCH', NULL, 2, 1, 1, '2019-11-29 08:03:40', '2019-11-29 08:03:40'),
(47, 'CTUM15ZG001A', NULL, 2, 1, 1, '2019-11-29 08:03:40', '2019-11-29 08:03:40'),
(48, 'E14DA11A2B0530A', NULL, 3, 1, 1, '2019-11-29 08:03:40', '2019-11-29 08:03:40'),
(49, 'E14DB11C2C0530A', NULL, 3, 1, 1, '2019-11-29 08:03:40', '2019-11-29 08:03:40'),
(50, 'E14DB16A7C0540A', NULL, 3, 1, 1, '2019-11-29 08:03:40', '2019-11-29 08:03:40'),
(51, 'E14NB11A2B0510A', NULL, 3, 1, 1, '2019-11-29 08:03:40', '2019-11-29 08:03:40'),
(52, 'E14NB16A6C0560A', NULL, 3, 1, 1, '2019-11-29 08:03:40', '2019-11-29 08:03:40'),
(53, 'E14NB1CA6C0570A', NULL, 3, 1, 1, '2019-11-29 08:03:40', '2019-11-29 08:03:40'),
(54, 'EA01004238PFS', NULL, 4, 1, 1, '2019-11-29 08:03:40', '2019-11-29 08:03:40'),
(55, 'EA01004238PFS', NULL, 4, 1, 1, '2019-11-29 08:03:40', '2019-11-29 08:03:40'),
(56, 'EGP0027001PFC', NULL, 4, 1, 1, '2019-11-29 08:03:40', '2019-11-29 08:03:40'),
(57, 'EGP0027001PFC', NULL, 4, 1, 1, '2019-11-29 08:03:40', '2019-11-29 08:03:40'),
(58, 'EGP0027001PFC', NULL, 4, 1, 1, '2019-11-29 08:03:40', '2019-11-29 08:03:40'),
(59, 'EGP0027001PFC', NULL, 4, 1, 1, '2019-11-29 08:03:40', '2019-11-29 08:03:40'),
(60, 'EH49-0005', NULL, 4, 1, 1, '2019-11-29 08:03:40', '2019-11-29 08:03:40'),
(61, 'EH49-0006', NULL, 4, 1, 1, '2019-11-29 08:03:40', '2019-11-29 08:03:40'),
(62, 'EH49-0007', NULL, 4, 1, 1, '2019-11-29 08:03:40', '2019-11-29 08:03:40'),
(63, 'EH49-0007', NULL, 4, 1, 1, '2019-11-29 08:03:40', '2019-11-29 08:03:40'),
(64, 'EH49-0011', NULL, 4, 1, 1, '2019-11-29 08:03:40', '2019-11-29 08:03:40'),
(65, 'EH49-0013', NULL, 4, 1, 1, '2019-11-29 08:03:40', '2019-11-29 08:03:40'),
(66, 'EH49-0013', NULL, 4, 1, 1, '2019-11-29 08:03:40', '2019-11-29 08:03:40'),
(67, 'EH49-0013', NULL, 4, 1, 1, '2019-11-29 08:03:40', '2019-11-29 08:03:40'),
(68, 'EH49-0013', NULL, 4, 1, 1, '2019-11-29 08:03:40', '2019-11-29 08:03:40'),
(69, 'EM870-H12M512E3A10', NULL, 5, 1, 1, '2019-11-29 08:03:40', '2019-11-29 08:03:40'),
(70, 'EM871-087', NULL, 6, 1, 1, '2019-11-29 08:03:40', '2019-11-29 08:03:40'),
(71, 'EMCAG34-035', NULL, 7, 1, 1, '2019-11-29 08:03:40', '2019-11-29 08:03:40'),
(72, 'EMCAG34-035', NULL, 8, 1, 1, '2019-11-29 08:03:40', '2019-11-29 08:03:40'),
(73, 'EMVAJ055-019', NULL, 8, 1, 1, '2019-11-29 08:03:40', '2019-11-29 08:03:40'),
(74, 'EMVAJ055-025', NULL, 8, 1, 1, '2019-11-29 08:03:40', '2019-11-29 08:03:40'),
(75, 'EMVAJ101-003', NULL, 8, 1, 1, '2019-11-29 08:03:40', '2019-11-29 08:03:40'),
(76, 'EMVAJ25-015', NULL, 8, 1, 1, '2019-11-29 08:03:40', '2019-11-29 08:03:40'),
(77, 'EMVAX91-007', NULL, 8, 1, 1, '2019-11-29 08:03:40', '2019-11-29 08:03:40'),
(78, 'ERPV311-0020', NULL, 9, 1, 1, '2019-11-29 08:03:41', '2019-11-29 08:03:41'),
(79, 'ERT412-0003', NULL, 10, 1, 1, '2019-11-29 08:03:41', '2019-11-29 08:03:41'),
(80, 'GBCAEM21AF102A', NULL, 7, 1, 1, '2019-11-29 08:03:41', '2019-11-29 08:03:41'),
(81, 'GBCAEM21AF108A', NULL, 7, 1, 1, '2019-11-29 08:03:41', '2019-11-29 08:03:41'),
(82, 'GBCAG14AF12A', NULL, 7, 1, 1, '2019-11-29 08:03:41', '2019-11-29 08:03:41'),
(83, 'GBCAG14AF14A', NULL, 7, 1, 1, '2019-11-29 08:03:41', '2019-11-29 08:03:41'),
(84, 'GBCAG14AF8002ACH', NULL, 7, 1, 1, '2019-11-29 08:03:41', '2019-11-29 08:03:41'),
(85, 'GBCAG34AF71A', NULL, 7, 1, 1, '2019-11-29 08:03:41', '2019-11-29 08:03:41'),
(86, 'GBCDG11AF002SACH', NULL, 11, 1, 1, '2019-11-29 08:03:41', '2019-11-29 08:03:41'),
(87, 'GBCDG11AF016SCCH', NULL, 11, 1, 1, '2019-11-29 08:03:41', '2019-11-29 08:03:41'),
(88, 'GBCDG21AF101ZMCH', NULL, 11, 1, 1, '2019-11-29 08:03:41', '2019-11-29 08:03:41'),
(89, 'GBCDG31EG001SACH', NULL, 11, 1, 1, '2019-11-29 08:03:41', '2019-11-29 08:03:41'),
(90, 'GBCDG31EG002SACH', NULL, 11, 1, 1, '2019-11-29 08:03:41', '2019-11-29 08:03:41'),
(91, 'GBCDG31EG004SBCH', NULL, 11, 1, 1, '2019-11-29 08:03:41', '2019-11-29 08:03:41'),
(92, 'GBCDG61EG038SGCH', NULL, 11, 1, 1, '2019-11-29 08:03:41', '2019-11-29 08:03:41'),
(93, 'GBCDG61EG101ZRCH', NULL, 11, 1, 1, '2019-11-29 08:03:41', '2019-11-29 08:03:41'),
(94, 'GBCDG61EG102ZMCH', NULL, 11, 1, 1, '2019-11-29 08:03:41', '2019-11-29 08:03:41'),
(95, 'GBCDG61EG102ZSCH', NULL, 11, 1, 1, '2019-11-29 08:03:41', '2019-11-29 08:03:41'),
(96, 'GBCDG61EG104ZRCH', NULL, 11, 1, 1, '2019-11-29 08:03:41', '2019-11-29 08:03:41'),
(97, 'GBVAA11YF0750AA', NULL, 7, 1, 1, '2019-11-29 08:03:41', '2019-11-29 08:03:41'),
(98, 'GBVAA11YF0752BA', NULL, 7, 1, 1, '2019-11-29 08:03:41', '2019-11-29 08:03:41'),
(99, 'GBVAA11YF0753AA', NULL, 7, 1, 1, '2019-11-29 08:03:41', '2019-11-29 08:03:41'),
(100, 'GBVAA11YF0753BA', NULL, 7, 1, 1, '2019-11-29 08:03:41', '2019-11-29 08:03:41'),
(101, 'GBVAA11YF8402ECH', NULL, 7, 1, 1, '2019-11-29 08:03:41', '2019-11-29 08:03:41'),
(102, 'GBVAA11YF8402FCH', NULL, 7, 1, 1, '2019-11-29 08:03:41', '2019-11-29 08:03:41'),
(103, 'GBVAA11YF8752CA', NULL, 7, 1, 1, '2019-11-29 08:03:41', '2019-11-29 08:03:41'),
(104, 'GBVAA11ZG8018ECH', NULL, 7, 1, 1, '2019-11-29 08:03:41', '2019-11-29 08:03:41'),
(105, 'GBVAA13YF8402FCH', NULL, 7, 1, 1, '2019-11-29 08:03:41', '2019-11-29 08:03:41'),
(106, 'GBVAA21ZG0750BA', NULL, 7, 1, 1, '2019-11-29 08:03:41', '2019-11-29 08:03:41'),
(107, 'GBVAA21ZG0800BA', NULL, 7, 1, 1, '2019-11-29 08:03:41', '2019-11-29 08:03:41'),
(108, 'GBVAA21ZG0804BA', NULL, 7, 1, 1, '2019-11-29 08:03:41', '2019-11-29 08:03:41'),
(109, 'GBVAA21ZG1000BA', NULL, 7, 1, 1, '2019-11-29 08:03:41', '2019-11-29 08:03:41'),
(110, 'GBVAA21ZG1002BA', NULL, 7, 1, 1, '2019-11-29 08:03:41', '2019-11-29 08:03:41'),
(111, 'GBVAA21ZG1004AA', NULL, 7, 1, 1, '2019-11-29 08:03:41', '2019-11-29 08:03:41'),
(112, 'GBVAA21ZG3750BA', NULL, 7, 1, 1, '2019-11-29 08:03:41', '2019-11-29 08:03:41'),
(113, 'GBVAA21ZG8502FCH', NULL, 7, 1, 1, '2019-11-29 08:03:41', '2019-11-29 08:03:41'),
(114, 'GBVAA21ZG8507FCH', NULL, 7, 1, 1, '2019-11-29 08:03:41', '2019-11-29 08:03:41'),
(115, 'GBVAA23ZG0750BA', NULL, 7, 1, 1, '2019-11-29 08:03:41', '2019-11-29 08:03:41'),
(116, 'GBVAA23ZG8502FCH', NULL, 7, 1, 1, '2019-11-29 08:03:41', '2019-11-29 08:03:41'),
(117, 'GBVAA31ZG8340FCH', NULL, 7, 1, 1, '2019-11-29 08:03:41', '2019-11-29 08:03:41'),
(118, 'GBVAA32ZG8012BCH', NULL, 7, 1, 1, '2019-11-29 08:03:41', '2019-11-29 08:03:41'),
(119, 'GBVAA33ZG8025FCH', NULL, 7, 1, 1, '2019-11-29 08:03:41', '2019-11-29 08:03:41'),
(120, 'GBVAA33ZG8313FCH', NULL, 7, 1, 1, '2019-11-29 08:03:41', '2019-11-29 08:03:41'),
(121, 'GBVAA33ZG8314FCH', NULL, 7, 1, 1, '2019-11-29 08:03:41', '2019-11-29 08:03:41'),
(122, 'GBVAA33ZG8316BCH', NULL, 7, 1, 1, '2019-11-29 08:03:41', '2019-11-29 08:03:41'),
(123, 'GBVAA33ZG8338BCH', NULL, 7, 1, 1, '2019-11-29 08:03:41', '2019-11-29 08:03:41'),
(124, 'GBVAA33ZG8363BCH', NULL, 7, 1, 1, '2019-11-29 08:03:41', '2019-11-29 08:03:41'),
(125, 'GBVAG11AF8001FCH', NULL, 7, 1, 1, '2019-11-29 08:03:41', '2019-11-29 08:03:41'),
(126, 'GBVAG11YF8002FCH', NULL, 7, 1, 1, '2019-11-29 08:03:41', '2019-11-29 08:03:41'),
(127, 'GBVAG11YF8008CCH', NULL, 7, 1, 1, '2019-11-29 08:03:41', '2019-11-29 08:03:41'),
(128, 'GBVAG11YF8011ADCH', NULL, 7, 1, 1, '2019-11-29 08:03:41', '2019-11-29 08:03:41'),
(129, 'GBVAG11YF8013AGCH', NULL, 7, 1, 1, '2019-11-29 08:03:41', '2019-11-29 08:03:41'),
(130, 'GBVAG21ZG8002ADCH', NULL, 7, 1, 1, '2019-11-29 08:03:41', '2019-11-29 08:03:41'),
(131, 'GBVAG21ZG8034NCH', NULL, 7, 1, 1, '2019-11-29 08:03:41', '2019-11-29 08:03:41'),
(132, 'GBVAG21ZG8068GCH', NULL, 7, 1, 1, '2019-11-29 08:03:41', '2019-11-29 08:03:41'),
(133, 'GBVAG21ZG8079HCH', NULL, 7, 1, 1, '2019-11-29 08:03:41', '2019-11-29 08:03:41'),
(134, 'GBVAG21ZG8193HCH', NULL, 7, 1, 1, '2019-11-29 08:03:41', '2019-11-29 08:03:41'),
(135, 'GBVAG21ZG8303HCH', NULL, 7, 1, 1, '2019-11-29 08:03:41', '2019-11-29 08:03:41'),
(136, 'GBVAG21ZG8312GCH', NULL, 7, 1, 1, '2019-11-29 08:03:41', '2019-11-29 08:03:41'),
(137, 'GBVAG21ZG8715GCH', NULL, 7, 1, 1, '2019-11-29 08:03:41', '2019-11-29 08:03:41'),
(138, 'GBVAGM22AF171G', NULL, 7, 1, 1, '2019-11-29 08:03:41', '2019-11-29 08:03:41'),
(139, 'GBVAGM23AF21G', NULL, 7, 1, 1, '2019-11-29 08:03:41', '2019-11-29 08:03:41'),
(140, 'GBVAGM23AF7G', NULL, 7, 1, 1, '2019-11-29 08:03:41', '2019-11-29 08:03:41'),
(141, 'GBVAGM23AF9G', NULL, 7, 1, 1, '2019-11-29 08:03:41', '2019-11-29 08:03:41'),
(142, 'GBVAJC11BF8305ACH', NULL, 7, 1, 1, '2019-11-29 08:03:41', '2019-11-29 08:03:41'),
(143, 'GBVAJC11ZF0754ABA', NULL, 7, 1, 1, '2019-11-29 08:03:41', '2019-11-29 08:03:41'),
(144, 'GBVAJC11ZF1004ABA', NULL, 7, 1, 1, '2019-11-29 08:03:41', '2019-11-29 08:03:41'),
(145, 'GBVAJC11ZF8303ACH', NULL, 7, 1, 1, '2019-11-29 08:03:41', '2019-11-29 08:03:41'),
(146, 'GBVAJH13YF0001BBA', NULL, 7, 1, 1, '2019-11-29 08:03:41', '2019-11-29 08:03:41'),
(147, 'GBVAJH13YF0002BBA', NULL, 7, 1, 1, '2019-11-29 08:03:41', '2019-11-29 08:03:41'),
(148, 'GBVAJH13YF0251BBA', NULL, 7, 1, 1, '2019-11-29 08:03:41', '2019-11-29 08:03:41'),
(149, 'GBVAJH13YF0252BBA', NULL, 7, 1, 1, '2019-11-29 08:03:41', '2019-11-29 08:03:41'),
(150, 'GBVAJH13YF0501BBA', NULL, 7, 1, 1, '2019-11-29 08:03:41', '2019-11-29 08:03:41'),
(151, 'GBVAJH13YF0751BBA', NULL, 7, 1, 1, '2019-11-29 08:03:41', '2019-11-29 08:03:41'),
(152, 'GBVAJH13YF0752BBA', NULL, 7, 1, 1, '2019-11-29 08:03:41', '2019-11-29 08:03:41'),
(153, 'GBVAJH13YF1001ABA', NULL, 7, 1, 1, '2019-11-29 08:03:41', '2019-11-29 08:03:41'),
(154, 'GBVAJH13YF1001BBA', NULL, 7, 1, 1, '2019-11-29 08:03:41', '2019-11-29 08:03:41'),
(155, 'GBVAJH13YF6001ABA', NULL, 7, 1, 1, '2019-11-29 08:03:41', '2019-11-29 08:03:41'),
(156, 'GBVAJH13YF6002ABA', NULL, 7, 1, 1, '2019-11-29 08:03:41', '2019-11-29 08:03:41'),
(157, 'GBVAJH13YF66B', NULL, 7, 1, 1, '2019-11-29 08:03:41', '2019-11-29 08:03:41'),
(158, 'GBVAJH13YF67B', NULL, 7, 1, 1, '2019-11-29 08:03:41', '2019-11-29 08:03:41'),
(159, 'GBVAJH13YF68B', NULL, 7, 1, 1, '2019-11-29 08:03:41', '2019-11-29 08:03:41'),
(160, 'GBVAJH23ZG0004BBA', NULL, 7, 1, 1, '2019-11-29 08:03:41', '2019-11-29 08:03:41'),
(161, 'GBVAJH23ZG0752BBA', NULL, 7, 1, 1, '2019-11-29 08:03:41', '2019-11-29 08:03:41'),
(162, 'GBVAJHM23ZG0752BBA', NULL, 7, 1, 1, '2019-11-29 08:03:41', '2019-11-29 08:03:41'),
(163, 'GBVAJHM23ZG0754BBA', NULL, 7, 1, 1, '2019-11-29 08:03:41', '2019-11-29 08:03:41'),
(164, 'GBVAJHM23ZG1002BBA', NULL, 7, 1, 1, '2019-11-29 08:03:41', '2019-11-29 08:03:41'),
(165, 'GBVAJHM23ZG1003BBA', NULL, 7, 1, 1, '2019-11-29 08:03:41', '2019-11-29 08:03:41'),
(166, 'GBVAJHM23ZG1004BBA', NULL, 7, 1, 1, '2019-11-29 08:03:41', '2019-11-29 08:03:41'),
(167, 'GBVAJHM23ZG107B', NULL, 7, 1, 1, '2019-11-29 08:03:41', '2019-11-29 08:03:41'),
(168, 'GBVAJHM23ZG41D', NULL, 7, 1, 1, '2019-11-29 08:03:41', '2019-11-29 08:03:41'),
(169, 'GBVAJHM23ZG42D', NULL, 7, 1, 1, '2019-11-29 08:03:41', '2019-11-29 08:03:41'),
(170, 'GBVAJHM53SF0752BBA', NULL, 7, 1, 1, '2019-11-29 08:03:41', '2019-11-29 08:03:41'),
(171, 'GBVAJS13YF0001AAA', NULL, 7, 1, 1, '2019-11-29 08:03:41', '2019-11-29 08:03:41'),
(172, 'GBVAJS13YF0001ABA', NULL, 7, 1, 1, '2019-11-29 08:03:41', '2019-11-29 08:03:41'),
(173, 'GBVAJS13YF0750ABA', NULL, 7, 1, 1, '2019-11-29 08:03:41', '2019-11-29 08:03:41'),
(174, 'GBVAJS13YF0752ABA', NULL, 7, 1, 1, '2019-11-29 08:03:41', '2019-11-29 08:03:41'),
(175, 'GBVAJS23ZG0750ABA', NULL, 7, 1, 1, '2019-11-29 08:03:41', '2019-11-29 08:03:41'),
(176, 'GBVAJSM43SF116B', NULL, 7, 1, 1, '2019-11-29 08:03:41', '2019-11-29 08:03:41'),
(177, 'GBVAPM31AF21A', NULL, 7, 1, 1, '2019-11-29 08:03:41', '2019-11-29 08:03:41'),
(178, 'GBVAWA12YF8001DCH', NULL, 7, 1, 1, '2019-11-29 08:03:41', '2019-11-29 08:03:41'),
(179, 'GBVAX21ZG8044BCH', NULL, 7, 1, 1, '2019-11-29 08:03:41', '2019-11-29 08:03:41'),
(180, 'GBVAX31ZG0250BA', NULL, 7, 1, 1, '2019-11-29 08:03:41', '2019-11-29 08:03:41'),
(181, 'GBVAX31ZG0750BA', NULL, 7, 1, 1, '2019-11-29 08:03:41', '2019-11-29 08:03:41'),
(182, 'GBVAX31ZG8074BCH', NULL, 7, 1, 1, '2019-11-29 08:03:41', '2019-11-29 08:03:41'),
(183, 'GBVAX31ZG8075BCH', NULL, 7, 1, 1, '2019-11-29 08:03:41', '2019-11-29 08:03:41'),
(184, 'GBVDG11AF001SBCH', NULL, 11, 1, 1, '2019-11-29 08:03:41', '2019-11-29 08:03:41'),
(185, 'GBVDG14AF9001ACH', NULL, 11, 1, 1, '2019-11-29 08:03:41', '2019-11-29 08:03:41'),
(186, 'GTTM22AF8003ACH', NULL, 2, 1, 1, '2019-11-29 08:03:41', '2019-11-29 08:03:41'),
(187, 'MCAG14C1BD3002A', NULL, 12, 1, 1, '2019-11-29 08:03:41', '2019-11-29 08:03:41'),
(188, 'MCTGM11D1AA113A', NULL, 2, 1, 1, '2019-11-29 08:03:41', '2019-11-29 08:03:41'),
(189, 'MVAAM11B1AA2030A', NULL, 12, 1, 1, '2019-11-29 08:03:41', '2019-11-29 08:03:41'),
(190, 'MVAAM11B1AA2530A', NULL, 12, 1, 1, '2019-11-29 08:03:41', '2019-11-29 08:03:41'),
(191, 'MVAAM11B1AA8300A', NULL, 12, 1, 1, '2019-11-29 08:03:41', '2019-11-29 08:03:41'),
(192, 'MVAAM11B1AA8302A', NULL, 12, 1, 1, '2019-11-29 08:03:41', '2019-11-29 08:03:41'),
(193, 'MVAAM11B1AA8306A', NULL, 12, 1, 1, '2019-11-29 08:03:41', '2019-11-29 08:03:41'),
(194, 'MVAAM11B1BA2530A', NULL, 12, 1, 1, '2019-11-29 08:03:41', '2019-11-29 08:03:41'),
(195, 'MVAAM11B1BA8006A', NULL, 12, 1, 1, '2019-11-29 08:03:41', '2019-11-29 08:03:41'),
(196, 'MVAAM11B1CA2531A', NULL, 12, 1, 1, '2019-11-29 08:03:41', '2019-11-29 08:03:41'),
(197, 'MVAAM11B1CJ1012A', NULL, 12, 1, 1, '2019-11-29 08:03:41', '2019-11-29 08:03:41'),
(198, 'MVAAM11B1CJ1015A', NULL, 12, 1, 1, '2019-11-29 08:03:41', '2019-11-29 08:03:41'),
(199, 'MVAAM11B1CJ5516A', NULL, 12, 1, 1, '2019-11-29 08:03:41', '2019-11-29 08:03:41'),
(200, 'MVAAM11B1JA2652A', NULL, 12, 1, 1, '2019-11-29 08:03:41', '2019-11-29 08:03:41'),
(201, 'MVAAM21B1AA2516A', NULL, 12, 1, 1, '2019-11-29 08:03:41', '2019-11-29 08:03:41'),
(202, 'MVAAM21B1BA2516A', NULL, 12, 1, 1, '2019-11-29 08:03:41', '2019-11-29 08:03:41'),
(203, 'MVAAM21B1BA2520A', NULL, 12, 1, 1, '2019-11-29 08:03:41', '2019-11-29 08:03:41'),
(204, 'MVAAM21B1CJ2525A', NULL, 12, 1, 1, '2019-11-29 08:03:41', '2019-11-29 08:03:41'),
(205, 'MVAAM21C1AA2532A', NULL, 12, 1, 1, '2019-11-29 08:03:41', '2019-11-29 08:03:41'),
(206, 'MVAAM21C1AA2580A', NULL, 12, 1, 1, '2019-11-29 08:03:41', '2019-11-29 08:03:41'),
(207, 'MVAAM21D1BA2541A', NULL, 12, 1, 1, '2019-11-29 08:03:41', '2019-11-29 08:03:41'),
(208, 'MVAAM23D1BA2541A', NULL, 12, 1, 1, '2019-11-29 08:03:41', '2019-11-29 08:03:41'),
(209, 'MVAAM31D1BA2570A', NULL, 12, 1, 1, '2019-11-29 08:03:41', '2019-11-29 08:03:41'),
(210, 'MVAGM21-003', NULL, 12, 1, 1, '2019-11-29 08:03:41', '2019-11-29 08:03:41'),
(211, 'MVAGM21D1AS0752A', NULL, 12, 1, 1, '2019-11-29 08:03:41', '2019-11-29 08:03:41'),
(212, 'MVAGM21D1AS0757A', NULL, 12, 1, 1, '2019-11-29 08:03:41', '2019-11-29 08:03:41'),
(213, 'MVAJ055JA0801A', NULL, 12, 1, 1, '2019-11-29 08:03:41', '2019-11-29 08:03:41'),
(214, 'MVAJ055JA1001A', NULL, 12, 1, 1, '2019-11-29 08:03:41', '2019-11-29 08:03:41'),
(215, 'MVAJ101JA1000A', NULL, 12, 1, 1, '2019-11-29 08:03:41', '2019-11-29 08:03:41'),
(216, 'MVAJ104JB1002A', NULL, 12, 1, 1, '2019-11-29 08:03:41', '2019-11-29 08:03:41'),
(217, 'MVAJ104JB1004A', NULL, 12, 1, 1, '2019-11-29 08:03:41', '2019-11-29 08:03:41'),
(218, 'MVAJ105JA0802A', NULL, 12, 1, 1, '2019-11-29 08:03:41', '2019-11-29 08:03:41'),
(219, 'MVAJ105JA1002A', NULL, 12, 1, 1, '2019-11-29 08:03:41', '2019-11-29 08:03:41'),
(220, 'MVAJ105JA1004A', NULL, 12, 1, 1, '2019-11-29 08:03:41', '2019-11-29 08:03:41'),
(221, 'MVAJ203LA1000A', NULL, 12, 1, 1, '2019-11-29 08:03:41', '2019-11-29 08:03:41'),
(222, 'MVAJ203LA1004A', NULL, 12, 1, 1, '2019-11-29 08:03:41', '2019-11-29 08:03:41'),
(223, 'MVAJ203LA1006A', NULL, 12, 1, 1, '2019-11-29 08:03:41', '2019-11-29 08:03:41'),
(224, 'MVAJ205LA0806A', NULL, 12, 1, 1, '2019-11-29 08:03:41', '2019-11-29 08:03:41'),
(225, 'MVAJ205LA1000A', NULL, 12, 1, 1, '2019-11-29 08:03:41', '2019-11-29 08:03:41'),
(226, 'MVAJ205LA1002A', NULL, 12, 1, 1, '2019-11-29 08:03:41', '2019-11-29 08:03:41'),
(227, 'MVAJ205LA1004A', NULL, 12, 1, 1, '2019-11-29 08:03:41', '2019-11-29 08:03:41'),
(228, 'MVAJ205LA1006A', NULL, 12, 1, 1, '2019-11-29 08:03:41', '2019-11-29 08:03:41'),
(229, 'MVAJ205LA1008A', NULL, 12, 1, 1, '2019-11-29 08:03:41', '2019-11-29 08:03:41'),
(230, 'MVAJ205LA1012A', NULL, 12, 1, 1, '2019-11-29 08:03:41', '2019-11-29 08:03:41'),
(231, 'MVAJM11B1AB1003A', NULL, 12, 1, 1, '2019-11-29 08:03:41', '2019-11-29 08:03:41'),
(232, 'MVAJM11JA1000A', NULL, 12, 1, 1, '2019-11-29 08:03:41', '2019-11-29 08:03:41'),
(233, 'MVAJM13JA0754A', NULL, 12, 1, 1, '2019-11-29 08:03:41', '2019-11-29 08:03:41'),
(234, 'MVAJM14D1EB0282A', NULL, 12, 1, 1, '2019-11-29 08:03:41', '2019-11-29 08:03:41'),
(235, 'MVAJM14D1EB1026A', NULL, 12, 1, 1, '2019-11-29 08:03:41', '2019-11-29 08:03:41'),
(236, 'MVAJM14D1EB1032A', NULL, 12, 1, 1, '2019-11-29 08:03:41', '2019-11-29 08:03:41'),
(237, 'MVAJM14D1EB1038A', NULL, 12, 1, 1, '2019-11-29 08:03:41', '2019-11-29 08:03:41'),
(238, 'MVAJM14JB0754A', NULL, 12, 1, 1, '2019-11-29 08:03:41', '2019-11-29 08:03:41'),
(239, 'MVAJM14JB0756A', NULL, 12, 1, 1, '2019-11-29 08:03:41', '2019-11-29 08:03:41'),
(240, 'MVAJM14JB1000A', NULL, 12, 1, 1, '2019-11-29 08:03:41', '2019-11-29 08:03:41'),
(241, 'MVAJM14JB1000A1', NULL, 12, 1, 1, '2019-11-29 08:03:41', '2019-11-29 08:03:41'),
(242, 'MVAJM14JB1002A1', NULL, 12, 1, 1, '2019-11-29 08:03:41', '2019-11-29 08:03:41'),
(243, 'MVAJM14JB1004A', NULL, 12, 1, 1, '2019-11-29 08:03:41', '2019-11-29 08:03:41'),
(244, 'MVAJM14JB1004A1', NULL, 12, 1, 1, '2019-11-29 08:03:41', '2019-11-29 08:03:41'),
(245, 'MVAJM14JB6004A', NULL, 12, 1, 1, '2019-11-29 08:03:41', '2019-11-29 08:03:41'),
(246, 'MVAJM14JB6004A1', NULL, 12, 1, 1, '2019-11-29 08:03:41', '2019-11-29 08:03:41'),
(247, 'MVAJM15JA0004A', NULL, 12, 1, 1, '2019-11-29 08:03:41', '2019-11-29 08:03:41'),
(248, 'MVAJM15JA0204A', NULL, 12, 1, 1, '2019-11-29 08:03:41', '2019-11-29 08:03:41'),
(249, 'MVAJM15JA0504A', NULL, 12, 1, 1, '2019-11-29 08:03:41', '2019-11-29 08:03:41'),
(250, 'MVAJM15JA0752A', NULL, 12, 1, 1, '2019-11-29 08:03:41', '2019-11-29 08:03:41'),
(251, 'MVAJM15JA0754A', NULL, 12, 1, 1, '2019-11-29 08:03:41', '2019-11-29 08:03:41'),
(252, 'MVAJM15JA1000A', NULL, 12, 1, 1, '2019-11-29 08:03:41', '2019-11-29 08:03:41'),
(253, 'MVAJM15JA1002A', NULL, 12, 1, 1, '2019-11-29 08:03:41', '2019-11-29 08:03:41'),
(254, 'MVAJM25LA0802A', NULL, 12, 1, 1, '2019-11-29 08:03:41', '2019-11-29 08:03:41'),
(255, 'MVAJM25LA0804A', NULL, 12, 1, 1, '2019-11-29 08:03:41', '2019-11-29 08:03:41'),
(256, 'MVAJM25LA1002A', NULL, 12, 1, 1, '2019-11-29 08:03:41', '2019-11-29 08:03:41'),
(257, 'MVAJM25LA1004A', NULL, 12, 1, 1, '2019-11-29 08:03:41', '2019-11-29 08:03:41'),
(258, 'MVAPM32D1AA2001A', NULL, 12, 1, 1, '2019-11-29 08:03:41', '2019-11-29 08:03:41'),
(259, 'MVAXM21C1CE3005A', NULL, 12, 1, 1, '2019-11-29 08:03:41', '2019-11-29 08:03:41'),
(260, 'MVAXM31D1CE2754A', NULL, 12, 1, 1, '2019-11-29 08:03:41', '2019-11-29 08:03:41'),
(261, 'MVAXM31D1CE3005A', NULL, 12, 1, 1, '2019-11-29 08:03:41', '2019-11-29 08:03:41'),
(262, 'MVAXM31D1CE3007A', NULL, 12, 1, 1, '2019-11-29 08:03:41', '2019-11-29 08:03:41'),
(263, 'MVTTM14C1BA1002A', NULL, 2, 1, 1, '2019-11-29 08:03:41', '2019-11-29 08:03:41'),
(264, 'P14111JA6M0460J', NULL, 13, 1, 1, '2019-11-29 08:03:41', '2019-11-29 08:03:41'),
(265, 'P141216A6M0400J', NULL, 13, 1, 1, '2019-11-29 08:03:41', '2019-11-29 08:03:41'),
(266, 'P141216A6M0430J', NULL, 13, 1, 1, '2019-11-29 08:03:41', '2019-11-29 08:03:41'),
(267, 'P141311A2M0460J', NULL, 13, 1, 1, '2019-11-29 08:03:41', '2019-11-29 08:03:41'),
(268, 'P141311A3M0460J', NULL, 13, 1, 1, '2019-11-29 08:03:41', '2019-11-29 08:03:41'),
(269, 'P141316A6M0440J', NULL, 13, 1, 1, '2019-11-29 08:03:41', '2019-11-29 08:03:41'),
(270, 'P141316A6M0460J', NULL, 13, 1, 1, '2019-11-29 08:03:41', '2019-11-29 08:03:41'),
(271, 'P141316A6M0500J', NULL, 13, 1, 1, '2019-11-29 08:03:41', '2019-11-29 08:03:41'),
(272, 'P141316N6M0460J', NULL, 13, 1, 1, '2019-11-29 08:03:41', '2019-11-29 08:03:41'),
(273, 'P141317A3M0440J', NULL, 13, 1, 1, '2019-11-29 08:03:41', '2019-11-29 08:03:41'),
(274, 'P14131AA6M0460J', NULL, 13, 1, 1, '2019-11-29 08:03:41', '2019-11-29 08:03:41'),
(275, 'P14131AA6M0500J', NULL, 13, 1, 1, '2019-11-29 08:03:41', '2019-11-29 08:03:41'),
(276, 'P141711A2M0510J', NULL, 13, 1, 1, '2019-11-29 08:03:41', '2019-11-29 08:03:41'),
(277, 'P141716A6M0500J', NULL, 13, 1, 1, '2019-11-29 08:03:41', '2019-11-29 08:03:41'),
(278, 'P141716N6M0500J', NULL, 13, 1, 1, '2019-11-29 08:03:41', '2019-11-29 08:03:41'),
(279, 'P14171JA6M0500J', NULL, 13, 1, 1, '2019-11-29 08:03:41', '2019-11-29 08:03:41'),
(280, 'P14171JN6M0510J', NULL, 13, 1, 1, '2019-11-29 08:03:41', '2019-11-29 08:03:41'),
(281, 'P141812A3M0500J', NULL, 13, 1, 1, '2019-11-29 08:03:41', '2019-11-29 08:03:41'),
(282, 'P141817A3M0510J', NULL, 13, 1, 1, '2019-11-29 08:03:41', '2019-11-29 08:03:41'),
(283, 'P141916A6M0460J', NULL, 13, 1, 1, '2019-11-29 08:03:41', '2019-11-29 08:03:41'),
(284, 'P141916A6M0500J', NULL, 13, 1, 1, '2019-11-29 08:03:41', '2019-11-29 08:03:41'),
(285, 'P141916A6M0500J', NULL, 13, 1, 1, '2019-11-29 08:03:41', '2019-11-29 08:03:41'),
(286, 'P141916A6M0510J', NULL, 13, 1, 1, '2019-11-29 08:03:41', '2019-11-29 08:03:41'),
(287, 'P141916AM0500J', NULL, 13, 1, 1, '2019-11-29 08:03:41', '2019-11-29 08:03:41'),
(288, 'P141916N6M0510J', NULL, 13, 1, 1, '2019-11-29 08:03:41', '2019-11-29 08:03:41'),
(289, 'P141916N6M0610P', NULL, 13, 1, 1, '2019-11-29 08:03:41', '2019-11-29 08:03:41'),
(290, 'P14191AA6M0460J', NULL, 13, 1, 1, '2019-11-29 08:03:41', '2019-11-29 08:03:41'),
(291, 'P14191AA6M0500J', NULL, 13, 1, 1, '2019-11-29 08:03:41', '2019-11-29 08:03:41'),
(292, 'P14191AA6M0510J', NULL, 13, 1, 1, '2019-11-29 08:03:41', '2019-11-29 08:03:41'),
(293, 'P14191AAM0460J', NULL, 13, 1, 1, '2019-11-29 08:03:41', '2019-11-29 08:03:41'),
(294, 'P14191JN6M0510J', NULL, 13, 1, 1, '2019-11-29 08:03:41', '2019-11-29 08:03:41'),
(295, 'P14191NA6M0610P', NULL, 13, 1, 1, '2019-11-29 08:03:41', '2019-11-29 08:03:41'),
(296, 'P14191PA6M0500J', NULL, 13, 1, 1, '2019-11-29 08:03:41', '2019-11-29 08:03:41'),
(297, 'P1419JN6M0510J', NULL, 13, 1, 1, '2019-11-29 08:03:41', '2019-11-29 08:03:41'),
(298, 'P142316D6M0460J', NULL, 13, 1, 1, '2019-11-29 08:03:41', '2019-11-29 08:03:41'),
(299, 'P142816D6M0510J', NULL, 13, 1, 1, '2019-11-29 08:03:41', '2019-11-29 08:03:41'),
(300, 'P142916A7M0500J', NULL, 13, 1, 1, '2019-11-29 08:03:41', '2019-11-29 08:03:41'),
(301, 'P142916B6M0500J', NULL, 13, 1, 1, '2019-11-29 08:03:41', '2019-11-29 08:03:41'),
(302, 'P142916C6M0500J', NULL, 13, 1, 1, '2019-11-29 08:03:41', '2019-11-29 08:03:41'),
(303, 'P142916C7M0510J', NULL, 13, 1, 1, '2019-11-29 08:03:41', '2019-11-29 08:03:41'),
(304, 'P142916D7M0500J', NULL, 13, 1, 1, '2019-11-29 08:03:41', '2019-11-29 08:03:41'),
(305, 'P143311A2M0460J', NULL, 13, 1, 1, '2019-11-29 08:03:41', '2019-11-29 08:03:41'),
(306, 'P143311A3M0460J', NULL, 13, 1, 1, '2019-11-29 08:03:41', '2019-11-29 08:03:41'),
(307, 'P143311C2M0440J', NULL, 13, 1, 1, '2019-11-29 08:03:41', '2019-11-29 08:03:41'),
(308, 'P143311C2M04440J', NULL, 13, 1, 1, '2019-11-29 08:03:41', '2019-11-29 08:03:41'),
(309, 'P143316J6M0440J', NULL, 13, 1, 1, '2019-11-29 08:03:41', '2019-11-29 08:03:41'),
(310, 'P143316J6M0460J', NULL, 13, 1, 1, '2019-11-29 08:03:41', '2019-11-29 08:03:41'),
(311, 'P143911A2M0500J', NULL, 13, 1, 1, '2019-11-29 08:03:41', '2019-11-29 08:03:41'),
(312, 'P143911C2M0500J', NULL, 13, 1, 1, '2019-11-29 08:03:41', '2019-11-29 08:03:41'),
(313, 'P143916A6M0500J', NULL, 13, 1, 1, '2019-11-29 08:03:41', '2019-11-29 08:03:41'),
(314, 'P143916C6M0500J', NULL, 13, 1, 1, '2019-11-29 08:03:41', '2019-11-29 08:03:41'),
(315, 'P14391AA6M0510J', NULL, 13, 1, 1, '2019-11-29 08:03:41', '2019-11-29 08:03:41'),
(316, 'P14B16A6C0530A', NULL, 3, 1, 1, '2019-11-29 08:03:41', '2019-11-29 08:03:41'),
(317, 'P14DA11A20540A', NULL, 3, 1, 1, '2019-11-29 08:03:41', '2019-11-29 08:03:41'),
(318, 'P14DA11A2B0530A', NULL, 3, 1, 1, '2019-11-29 08:03:41', '2019-11-29 08:03:41'),
(319, 'P14DA11A2B0540A', NULL, 3, 1, 1, '2019-11-29 08:03:41', '2019-11-29 08:03:41'),
(320, 'P14DA11E2B0540A', NULL, 3, 1, 1, '2019-11-29 08:03:41', '2019-11-29 08:03:41'),
(321, 'P14DB11A2C00540A', NULL, 3, 1, 1, '2019-11-29 08:03:41', '2019-11-29 08:03:41'),
(322, 'P14DB11A2C00560A', NULL, 3, 1, 1, '2019-11-29 08:03:41', '2019-11-29 08:03:41'),
(323, 'P14DB11A2C0500A', NULL, 3, 1, 1, '2019-11-29 08:03:41', '2019-11-29 08:03:41'),
(324, 'P14DB11A2C0510A', NULL, 3, 1, 1, '2019-11-29 08:03:41', '2019-11-29 08:03:41'),
(325, 'P14DB11A2C0530A', NULL, 3, 1, 1, '2019-11-29 08:03:41', '2019-11-29 08:03:41'),
(326, 'P14DB11A2C0540A', NULL, 3, 1, 1, '2019-11-29 08:03:41', '2019-11-29 08:03:41'),
(327, 'P14DB11A2C0610A', NULL, 3, 1, 1, '2019-11-29 08:03:41', '2019-11-29 08:03:41'),
(328, 'P14DB11C2C0530A', NULL, 3, 1, 1, '2019-11-29 08:03:41', '2019-11-29 08:03:41'),
(329, 'P14DB11C2C0610A', NULL, 3, 1, 1, '2019-11-29 08:03:41', '2019-11-29 08:03:41'),
(330, 'P14DB11F2C0560A', NULL, 3, 1, 1, '2019-11-29 08:03:41', '2019-11-29 08:03:41'),
(331, 'P14DB16A60570A', NULL, 3, 1, 1, '2019-11-29 08:03:41', '2019-11-29 08:03:41'),
(332, 'P14DB16A6C0500A', NULL, 3, 1, 1, '2019-11-29 08:03:41', '2019-11-29 08:03:41'),
(333, 'P14DB16A6C0510A', NULL, 3, 1, 1, '2019-11-29 08:03:41', '2019-11-29 08:03:41'),
(334, 'P14DB16A6C0530A', NULL, 3, 1, 1, '2019-11-29 08:03:41', '2019-11-29 08:03:41'),
(335, 'P14DB16A6C0540A', NULL, 3, 1, 1, '2019-11-29 08:03:41', '2019-11-29 08:03:41'),
(336, 'P14DB16A6C0550A', NULL, 3, 1, 1, '2019-11-29 08:03:41', '2019-11-29 08:03:41'),
(337, 'P14DB16A6C0560A', NULL, 3, 1, 1, '2019-11-29 08:03:41', '2019-11-29 08:03:41'),
(338, 'P14DB16A6C05640A', NULL, 3, 1, 1, '2019-11-29 08:03:41', '2019-11-29 08:03:41'),
(339, 'P14DB16A6C0570A', NULL, 3, 1, 1, '2019-11-29 08:03:41', '2019-11-29 08:03:41'),
(340, 'P14DB16A6C0600A', NULL, 3, 1, 1, '2019-11-29 08:03:41', '2019-11-29 08:03:41'),
(341, 'P14DB16A6C0610A', NULL, 3, 1, 1, '2019-11-29 08:03:41', '2019-11-29 08:03:41'),
(342, 'P14DB16A7C0540A', NULL, 3, 1, 1, '2019-11-29 08:03:41', '2019-11-29 08:03:41'),
(343, 'P14DB16A7C05610A', NULL, 3, 1, 1, '2019-11-29 08:03:41', '2019-11-29 08:03:41'),
(344, 'P14DB16A7C0610A', NULL, 3, 1, 1, '2019-11-29 08:03:41', '2019-11-29 08:03:41'),
(345, 'P14DB1A6C0540A', NULL, 3, 1, 1, '2019-11-29 08:03:41', '2019-11-29 08:03:41'),
(346, 'P14DB1BD6D0610A', NULL, 3, 1, 1, '2019-11-29 08:03:41', '2019-11-29 08:03:41'),
(347, 'P14DB1FA6C0570A', NULL, 3, 1, 1, '2019-11-29 08:03:41', '2019-11-29 08:03:41'),
(348, 'P14DG11A2C0540A', NULL, 3, 1, 1, '2019-11-29 08:03:41', '2019-11-29 08:03:41'),
(349, 'P14DG11F2C0540A', NULL, 3, 1, 1, '2019-11-29 08:03:41', '2019-11-29 08:03:41'),
(350, 'P14DG16A6C0530A', NULL, 3, 1, 1, '2019-11-29 08:03:41', '2019-11-29 08:03:41'),
(351, 'P14DL11A2C0500A', NULL, 3, 1, 1, '2019-11-29 08:03:41', '2019-11-29 08:03:41'),
(352, 'P14DL16A6C0500A', NULL, 3, 1, 1, '2019-11-29 08:03:41', '2019-11-29 08:03:41'),
(353, 'P14DL16A6C0540A', NULL, 3, 1, 1, '2019-11-29 08:03:41', '2019-11-29 08:03:41'),
(354, 'P14DL16A6C0570A', NULL, 3, 1, 1, '2019-11-29 08:03:41', '2019-11-29 08:03:41'),
(355, 'P14DL21A2C0540A', NULL, 3, 1, 1, '2019-11-29 08:03:41', '2019-11-29 08:03:41'),
(356, 'P14DL26A7C0570A', NULL, 3, 1, 1, '2019-11-29 08:03:41', '2019-11-29 08:03:41'),
(357, 'P14DL26A7C0610A', NULL, 3, 1, 1, '2019-11-29 08:03:41', '2019-11-29 08:03:41'),
(358, 'P14DZ21A1C0540A', NULL, 3, 1, 1, '2019-11-29 08:03:41', '2019-11-29 08:03:41'),
(359, 'P14N616A6C0540A', NULL, 3, 1, 1, '2019-11-29 08:03:41', '2019-11-29 08:03:41'),
(360, 'P14NB11A2B0500A', NULL, 3, 1, 1, '2019-11-29 08:03:41', '2019-11-29 08:03:41'),
(361, 'P14NB11A2B0510A', NULL, 3, 1, 1, '2019-11-29 08:03:41', '2019-11-29 08:03:41'),
(362, 'P14NB11A2B0530A', NULL, 3, 1, 1, '2019-11-29 08:03:42', '2019-11-29 08:03:42'),
(363, 'P14NB11A2B0540A', NULL, 3, 1, 1, '2019-11-29 08:03:42', '2019-11-29 08:03:42'),
(364, 'P14NB11A3B050A', NULL, 3, 1, 1, '2019-11-29 08:03:42', '2019-11-29 08:03:42'),
(365, 'P14NB11A3B0530A', NULL, 3, 1, 1, '2019-11-29 08:03:42', '2019-11-29 08:03:42'),
(366, 'P14NB11C2C0530A', NULL, 3, 1, 1, '2019-11-29 08:03:42', '2019-11-29 08:03:42'),
(367, 'P14NB11E2B0540A', NULL, 3, 1, 1, '2019-11-29 08:03:42', '2019-11-29 08:03:42'),
(368, 'P14NB16A6C0530A', NULL, 3, 1, 1, '2019-11-29 08:03:42', '2019-11-29 08:03:42'),
(369, 'P14NB16A6C0540A', NULL, 3, 1, 1, '2019-11-29 08:03:42', '2019-11-29 08:03:42'),
(370, 'P14NB16A6C0550A', NULL, 3, 1, 1, '2019-11-29 08:03:42', '2019-11-29 08:03:42'),
(371, 'P14NB16A6C0560A', NULL, 3, 1, 1, '2019-11-29 08:03:42', '2019-11-29 08:03:42'),
(372, 'P14NB16A6C0610A', NULL, 3, 1, 1, '2019-11-29 08:03:42', '2019-11-29 08:03:42'),
(373, 'P14NB16A6C0610A ', NULL, 3, 1, 1, '2019-11-29 08:03:42', '2019-11-29 08:03:42'),
(374, 'P14NB1CA6C0560A', NULL, 3, 1, 1, '2019-11-29 08:03:42', '2019-11-29 08:03:42'),
(375, 'P14NB1CA6C0570A', NULL, 3, 1, 1, '2019-11-29 08:03:42', '2019-11-29 08:03:42'),
(376, 'P14NB1FA6C0610A', NULL, 3, 1, 1, '2019-11-29 08:03:42', '2019-11-29 08:03:42'),
(377, 'P14NB21E2B0540A', NULL, 3, 1, 1, '2019-11-29 08:03:42', '2019-11-29 08:03:42'),
(378, 'P241312A3M0600J', NULL, 13, 1, 1, '2019-11-29 08:03:42', '2019-11-29 08:03:42'),
(379, 'P241916E6M0600J', NULL, 13, 1, 1, '2019-11-29 08:03:42', '2019-11-29 08:03:42'),
(380, 'P242311A2M0600K', NULL, 13, 1, 1, '2019-11-29 08:03:42', '2019-11-29 08:03:42'),
(381, 'P242911A2M0600K', NULL, 13, 1, 1, '2019-11-29 08:03:42', '2019-11-29 08:03:42'),
(382, 'P242916B6M0600K', NULL, 13, 1, 1, '2019-11-29 08:03:42', '2019-11-29 08:03:42'),
(383, 'P243311A2M0570K', NULL, 13, 1, 1, '2019-11-29 08:03:42', '2019-11-29 08:03:42'),
(384, 'P342311A2M0320J', NULL, 13, 1, 1, '2019-11-29 08:03:42', '2019-11-29 08:03:42'),
(385, 'P342911A2M0360J', NULL, 13, 1, 1, '2019-11-29 08:03:42', '2019-11-29 08:03:42'),
(386, 'P343121A2M0360J', NULL, 13, 1, 1, '2019-11-29 08:03:42', '2019-11-29 08:03:42'),
(387, 'P343121A2M0360K', NULL, 13, 1, 1, '2019-11-29 08:03:42', '2019-11-29 08:03:42'),
(388, 'P343211E2M0350J', NULL, 13, 1, 1, '2019-11-29 08:03:42', '2019-11-29 08:03:42'),
(389, 'P343311E1M0330J', NULL, 13, 1, 1, '2019-11-29 08:03:42', '2019-11-29 08:03:42'),
(390, 'P343316A6M0360K', NULL, 13, 1, 1, '2019-11-29 08:03:42', '2019-11-29 08:03:42'),
(391, 'P343316J6M0360K', NULL, 13, 1, 1, '2019-11-29 08:03:42', '2019-11-29 08:03:42'),
(392, 'P343318F3A0070C', NULL, 13, 1, 1, '2019-11-29 08:03:42', '2019-11-29 08:03:42'),
(393, 'P34331AF6M0360K', NULL, 13, 1, 1, '2019-11-29 08:03:42', '2019-11-29 08:03:42'),
(394, 'P3435317C3M0350K', NULL, 13, 1, 1, '2019-11-29 08:03:42', '2019-11-29 08:03:42'),
(395, 'P345311A1M0330K', NULL, 13, 1, 1, '2019-11-29 08:03:42', '2019-11-29 08:03:42'),
(396, 'P345311C1M0330K', NULL, 13, 1, 1, '2019-11-29 08:03:42', '2019-11-29 08:03:42'),
(397, 'P345317C3M0350K', NULL, 13, 1, 1, '2019-11-29 08:03:42', '2019-11-29 08:03:42'),
(398, 'P345916E6M0380M', NULL, 13, 1, 1, '2019-11-29 08:03:42', '2019-11-29 08:03:42'),
(399, 'P441211B3M0360J', NULL, 13, 1, 1, '2019-11-29 08:03:42', '2019-11-29 08:03:42'),
(400, 'P442212B3M0550K', NULL, 13, 1, 1, '2019-11-29 08:03:42', '2019-11-29 08:03:42'),
(401, 'P442311B2M0500K', NULL, 13, 1, 1, '2019-11-29 08:03:42', '2019-11-29 08:03:42'),
(402, 'P442311B3A0300G', NULL, 13, 1, 1, '2019-11-29 08:03:42', '2019-11-29 08:03:42'),
(403, 'P442311E2M0550K', NULL, 13, 1, 1, '2019-11-29 08:03:42', '2019-11-29 08:03:42'),
(404, 'P442312B2M0300A', NULL, 13, 1, 1, '2019-11-29 08:03:42', '2019-11-29 08:03:42'),
(405, 'P442316A6M0550K', NULL, 13, 1, 1, '2019-11-29 08:03:42', '2019-11-29 08:03:42'),
(406, 'P442316B6H0550K', NULL, 13, 1, 1, '2019-11-29 08:03:42', '2019-11-29 08:03:42'),
(407, 'P442316B6M0450K', NULL, 13, 1, 1, '2019-11-29 08:03:42', '2019-11-29 08:03:42'),
(408, 'P442316B6M0550K', NULL, 13, 1, 1, '2019-11-29 08:03:42', '2019-11-29 08:03:42'),
(409, 'P44231AA7M0550K', NULL, 13, 1, 1, '2019-11-29 08:03:42', '2019-11-29 08:03:42'),
(410, 'P44231AB6M0360J', NULL, 13, 1, 1, '2019-11-29 08:03:42', '2019-11-29 08:03:42'),
(411, 'P44231AB6M0550K', NULL, 13, 1, 1, '2019-11-29 08:03:42', '2019-11-29 08:03:42'),
(412, 'P44231EB3M0500K', NULL, 13, 1, 1, '2019-11-29 08:03:42', '2019-11-29 08:03:42'),
(413, 'P44231FB3M0500K', NULL, 13, 1, 1, '2019-11-29 08:03:42', '2019-11-29 08:03:42'),
(414, 'P442816B6M0550K', NULL, 13, 1, 1, '2019-11-29 08:03:42', '2019-11-29 08:03:42'),
(415, 'P442816D6M0060P', NULL, 13, 1, 1, '2019-11-29 08:03:42', '2019-11-29 08:03:42'),
(416, 'P442916A6M0550K', NULL, 13, 1, 1, '2019-11-29 08:03:42', '2019-11-29 08:03:42'),
(417, 'P442916B6M0550K', NULL, 13, 1, 1, '2019-11-29 08:03:42', '2019-11-29 08:03:42'),
(418, 'P442916B6M0710M', NULL, 13, 1, 1, '2019-11-29 08:03:42', '2019-11-29 08:03:42'),
(419, 'P44291AB610710M', NULL, 13, 1, 1, '2019-11-29 08:03:42', '2019-11-29 08:03:42'),
(420, 'P44291AB6M0500K', NULL, 13, 1, 1, '2019-11-29 08:03:42', '2019-11-29 08:03:42'),
(421, 'P44291AB6M0550K', NULL, 13, 1, 1, '2019-11-29 08:03:42', '2019-11-29 08:03:42'),
(422, 'P44291AB6M0710M', NULL, 13, 1, 1, '2019-11-29 08:03:42', '2019-11-29 08:03:42'),
(423, 'P44291AB7M0550K', NULL, 13, 1, 1, '2019-11-29 08:03:42', '2019-11-29 08:03:42'),
(424, 'P44291AB7M070M', NULL, 13, 1, 1, '2019-11-29 08:03:42', '2019-11-29 08:03:42'),
(425, 'P443916A6M0820M', NULL, 13, 1, 1, '2019-11-29 08:03:42', '2019-11-29 08:03:42'),
(426, 'P444', NULL, 13, 1, 1, '2019-11-29 08:03:42', '2019-11-29 08:03:42'),
(427, 'P444312B3M0300J', NULL, 13, 1, 1, '2019-11-29 08:03:42', '2019-11-29 08:03:42'),
(428, 'P444312B3M0450K', NULL, 13, 1, 1, '2019-11-29 08:03:42', '2019-11-29 08:03:42'),
(429, 'P444316B6M0550K', NULL, 13, 1, 1, '2019-11-29 08:03:42', '2019-11-29 08:03:42'),
(430, 'P444316J6M0550K', NULL, 13, 1, 1, '2019-11-29 08:03:42', '2019-11-29 08:03:42'),
(431, 'P44431AB6M0550K', NULL, 13, 1, 1, '2019-11-29 08:03:42', '2019-11-29 08:03:42'),
(432, 'P444916B6M0550K', NULL, 13, 1, 1, '2019-11-29 08:03:42', '2019-11-29 08:03:42'),
(433, 'P444916B6M0700M', NULL, 13, 1, 1, '2019-11-29 08:03:42', '2019-11-29 08:03:42'),
(434, 'P444916B6M0710K', NULL, 13, 1, 1, '2019-11-29 08:03:42', '2019-11-29 08:03:42'),
(435, 'P444916B6M0710M', NULL, 13, 1, 1, '2019-11-29 08:03:42', '2019-11-29 08:03:42'),
(436, 'P444916B7M0710M', NULL, 13, 1, 1, '2019-11-29 08:03:42', '2019-11-29 08:03:42'),
(437, 'P444916H7M0550K', NULL, 13, 1, 1, '2019-11-29 08:03:42', '2019-11-29 08:03:42'),
(438, 'P444916J6M0710M', NULL, 13, 1, 1, '2019-11-29 08:03:42', '2019-11-29 08:03:42'),
(439, 'P44491AB7M0550K', NULL, 13, 1, 1, '2019-11-29 08:03:42', '2019-11-29 08:03:42'),
(440, 'P44491AJ6M0550K', NULL, 13, 1, 1, '2019-11-29 08:03:42', '2019-11-29 08:03:42'),
(441, 'P44491AJ6M0550K', NULL, 13, 1, 1, '2019-11-29 08:03:42', '2019-11-29 08:03:42'),
(442, 'P44491AJ6M0710M', NULL, 13, 1, 1, '2019-11-29 08:03:42', '2019-11-29 08:03:42'),
(443, 'P44491AL6M0700M', NULL, 13, 1, 1, '2019-11-29 08:03:42', '2019-11-29 08:03:42'),
(444, 'P44491BB6M0710M', NULL, 13, 1, 1, '2019-11-29 08:03:42', '2019-11-29 08:03:42'),
(445, 'P44491PB6M0550K', NULL, 13, 1, 1, '2019-11-29 08:03:42', '2019-11-29 08:03:42'),
(446, 'P542311D2M0300J', NULL, 13, 1, 1, '2019-11-29 08:03:42', '2019-11-29 08:03:42'),
(447, 'P54581KC6M0710M', NULL, 13, 1, 1, '2019-11-29 08:03:42', '2019-11-29 08:03:42'),
(448, 'P642312D2M0040J', NULL, 13, 1, 1, '2019-11-29 08:03:42', '2019-11-29 08:03:42'),
(449, 'P642316A6M0040J', NULL, 13, 1, 1, '2019-11-29 08:03:42', '2019-11-29 08:03:42'),
(450, 'P642316D6M0040J', NULL, 13, 1, 1, '2019-11-29 08:03:42', '2019-11-29 08:03:42'),
(451, 'P64231AA6M0040J', NULL, 13, 1, 1, '2019-11-29 08:03:42', '2019-11-29 08:03:42'),
(452, 'P64231AA6M0050P', NULL, 13, 1, 1, '2019-11-29 08:03:42', '2019-11-29 08:03:42'),
(453, 'P64231AD6M0040J', NULL, 13, 1, 1, '2019-11-29 08:03:42', '2019-11-29 08:03:42'),
(454, 'P642711A2M0060P', NULL, 13, 1, 1, '2019-11-29 08:03:42', '2019-11-29 08:03:42'),
(455, 'P64271JA6M0060P', NULL, 13, 1, 1, '2019-11-29 08:03:42', '2019-11-29 08:03:42'),
(456, 'P642816D66M0060P', NULL, 13, 1, 1, '2019-11-29 08:03:42', '2019-11-29 08:03:42'),
(457, 'P642816D6M0060P', NULL, 13, 1, 1, '2019-11-29 08:03:42', '2019-11-29 08:03:42'),
(458, 'P642911A2M0050P', NULL, 13, 1, 1, '2019-11-29 08:03:42', '2019-11-29 08:03:42'),
(459, 'P642911A2M0060P', NULL, 13, 1, 1, '2019-11-29 08:03:42', '2019-11-29 08:03:42'),
(460, 'P642916A6M0060P', NULL, 13, 1, 1, '2019-11-29 08:03:42', '2019-11-29 08:03:42'),
(461, 'P642916D6M0050P', NULL, 13, 1, 1, '2019-11-29 08:03:42', '2019-11-29 08:03:42'),
(462, 'P642916D6M0060P', NULL, 13, 1, 1, '2019-11-29 08:03:42', '2019-11-29 08:03:42'),
(463, 'P64291AA6M0060P', NULL, 13, 1, 1, '2019-11-29 08:03:42', '2019-11-29 08:03:42'),
(464, 'P64291ND6M0060P', NULL, 13, 1, 1, '2019-11-29 08:03:42', '2019-11-29 08:03:42'),
(465, 'P642926A6M0050P', NULL, 13, 1, 1, '2019-11-29 08:03:42', '2019-11-29 08:03:42'),
(466, 'P64292AD6M0050P', NULL, 13, 1, 1, '2019-11-29 08:03:42', '2019-11-29 08:03:42'),
(467, 'P643226A6M0020K', NULL, 13, 1, 1, '2019-11-29 08:03:42', '2019-11-29 08:03:42'),
(468, 'P64322A3M0040K', NULL, 13, 1, 1, '2019-11-29 08:03:42', '2019-11-29 08:03:42'),
(469, 'P643311A2M0040K', NULL, 13, 1, 1, '2019-11-29 08:03:42', '2019-11-29 08:03:42'),
(470, 'P643316A6M0040K', NULL, 13, 1, 1, '2019-11-29 08:03:42', '2019-11-29 08:03:42'),
(471, 'P643316A6M0060M', NULL, 13, 1, 1, '2019-11-29 08:03:42', '2019-11-29 08:03:42'),
(472, 'P643317A3M0040K', NULL, 13, 1, 1, '2019-11-29 08:03:42', '2019-11-29 08:03:42'),
(473, 'P64331AA6M0020K', NULL, 13, 1, 1, '2019-11-29 08:03:42', '2019-11-29 08:03:42'),
(474, 'P64331AD6M10040K', NULL, 13, 1, 1, '2019-11-29 08:03:42', '2019-11-29 08:03:42'),
(475, 'P643326A6M0040K', NULL, 13, 1, 1, '2019-11-29 08:03:42', '2019-11-29 08:03:42'),
(476, 'P643326D6M0040K', NULL, 13, 1, 1, '2019-11-29 08:03:42', '2019-11-29 08:03:42'),
(477, 'P643326D6M0050M', NULL, 13, 1, 1, '2019-11-29 08:03:42', '2019-11-29 08:03:42'),
(478, 'P64372JA6M0060M', NULL, 13, 1, 1, '2019-11-29 08:03:42', '2019-11-29 08:03:42'),
(479, 'P64372JB6M0060M', NULL, 13, 1, 1, '2019-11-29 08:03:42', '2019-11-29 08:03:42'),
(480, 'P643816A6M0060M', NULL, 13, 1, 1, '2019-11-29 08:03:42', '2019-11-29 08:03:42'),
(481, 'P643916A6M0050M', NULL, 13, 1, 1, '2019-11-29 08:03:42', '2019-11-29 08:03:42'),
(482, 'P643916A6M0060M', NULL, 13, 1, 1, '2019-11-29 08:03:42', '2019-11-29 08:03:42'),
(483, 'P643916E6M0050M', NULL, 13, 1, 1, '2019-11-29 08:03:42', '2019-11-29 08:03:42'),
(484, 'P643918A3M0060M', NULL, 13, 1, 1, '2019-11-29 08:03:42', '2019-11-29 08:03:42'),
(485, 'P643926AM0050M', NULL, 13, 1, 1, '2019-11-29 08:03:42', '2019-11-29 08:03:42'),
(486, 'P643926C6M0060M', NULL, 13, 1, 1, '2019-11-29 08:03:42', '2019-11-29 08:03:42'),
(487, 'P643926D6M0060M', NULL, 13, 1, 1, '2019-11-29 08:03:42', '2019-11-29 08:03:42'),
(488, 'P64392AA6M0060M', NULL, 13, 1, 1, '2019-11-29 08:03:42', '2019-11-29 08:03:42'),
(489, 'P64392JB6M0060M', NULL, 13, 1, 1, '2019-11-29 08:03:42', '2019-11-29 08:03:42'),
(490, 'P645316A6M0050M', NULL, 13, 1, 1, '2019-11-29 08:03:42', '2019-11-29 08:03:42'),
(491, 'P64591616M0060M', NULL, 13, 1, 1, '2019-11-29 08:03:42', '2019-11-29 08:03:42'),
(492, 'P741326A6M0420K', NULL, 13, 1, 1, '2019-11-29 08:03:42', '2019-11-29 08:03:42'),
(493, 'P741336A6M0510K', NULL, 13, 1, 1, '2019-11-29 08:03:42', '2019-11-29 08:03:42'),
(494, 'P74134AA6M0510K', NULL, 13, 1, 1, '2019-11-29 08:03:42', '2019-11-29 08:03:42'),
(495, 'P741356A6M0510K', NULL, 13, 1, 1, '2019-11-29 08:03:42', '2019-11-29 08:03:42'),
(496, 'P741936A6M0510K', NULL, 13, 1, 1, '2019-11-29 08:03:42', '2019-11-29 08:03:42'),
(497, 'P74196AA6M0510K', NULL, 13, 1, 1, '2019-11-29 08:03:42', '2019-11-29 08:03:42'),
(498, 'P743311A1M0510K', NULL, 13, 1, 1, '2019-11-29 08:03:42', '2019-11-29 08:03:42'),
(499, 'P743316A6M0400K', NULL, 13, 1, 1, '2019-11-29 08:03:42', '2019-11-29 08:03:42'),
(500, 'P743316A6M0420K', NULL, 13, 1, 1, '2019-11-29 08:03:42', '2019-11-29 08:03:42'),
(501, 'P743316A6M0510K', NULL, 13, 1, 1, '2019-11-29 08:03:42', '2019-11-29 08:03:42'),
(502, 'P743316A6M0570K', NULL, 13, 1, 1, '2019-11-29 08:03:42', '2019-11-29 08:03:42'),
(503, 'P743911A1M0420K', NULL, 13, 1, 1, '2019-11-29 08:03:42', '2019-11-29 08:03:42'),
(504, 'P743916A6M0510K', NULL, 13, 1, 1, '2019-11-29 08:03:42', '2019-11-29 08:03:42'),
(505, 'P74391JA6M0510K', NULL, 13, 1, 1, '2019-11-29 08:03:42', '2019-11-29 08:03:42'),
(506, 'P74621AK6M0020K', NULL, 13, 1, 1, '2019-11-29 08:03:42', '2019-11-29 08:03:42'),
(507, 'P746316E6M0020K', NULL, 13, 1, 1, '2019-11-29 08:03:42', '2019-11-29 08:03:42'),
(508, 'P74631AK6M0030K', NULL, 13, 1, 1, '2019-11-29 08:03:42', '2019-11-29 08:03:42'),
(509, 'P746816K6M0030K', NULL, 13, 1, 1, '2019-11-29 08:03:42', '2019-11-29 08:03:42'),
(510, 'P746916H6M0030K', NULL, 13, 1, 1, '2019-11-29 08:03:42', '2019-11-29 08:03:42'),
(511, 'P74691PL6M0030K', NULL, 13, 1, 1, '2019-11-29 08:03:42', '2019-11-29 08:03:42'),
(512, 'P747916A6M0030K', NULL, 3, 1, 1, '2019-11-29 08:03:42', '2019-11-29 08:03:42'),
(513, 'P74791GA6M0030K', NULL, 13, 1, 1, '2019-11-29 08:03:42', '2019-11-29 08:03:42'),
(514, 'P8479KQ6M0730K', NULL, 13, 1, 1, '2019-11-29 08:03:42', '2019-11-29 08:03:42'),
(515, 'P8479KQD6M0730K', NULL, 13, 1, 1, '2019-11-29 08:03:42', '2019-11-29 08:03:42'),
(516, 'P847KQD6M0730K', NULL, 13, 1, 1, '2019-11-29 08:03:42', '2019-11-29 08:03:42'),
(517, 'P943316D6M0050M', NULL, 13, 1, 1, '2019-11-29 08:03:42', '2019-11-29 08:03:42'),
(518, 'SKD11BF8002BCH', NULL, 2, 1, 1, '2019-11-29 08:03:42', '2019-11-29 08:03:42'),
(519, 'SKD11BF8003BCH', NULL, 2, 1, 1, '2019-11-29 08:03:42', '2019-11-29 08:03:42'),
(520, 'SKE11BF8001BCH', NULL, 2, 1, 1, '2019-11-29 08:03:42', '2019-11-29 08:03:42'),
(521, 'SKE11BF8002BCH', NULL, 2, 1, 1, '2019-11-29 08:03:42', '2019-11-29 08:03:42'),
(522, 'SKE11BF8003BCH', NULL, 2, 1, 1, '2019-11-29 08:03:42', '2019-11-29 08:03:42'),
(523, 'SKE11BF8042BCH', NULL, 2, 1, 1, '2019-11-29 08:03:42', '2019-11-29 08:03:42'),
(524, 'SKE11BF8043BCH', NULL, 2, 1, 1, '2019-11-29 08:03:42', '2019-11-29 08:03:42'),
(525, 'SKE11BF8052BCH', NULL, 2, 1, 1, '2019-11-29 08:03:42', '2019-11-29 08:03:42'),
(526, 'SKE11BF8053BCH', NULL, 2, 1, 1, '2019-11-29 08:03:42', '2019-11-29 08:03:42'),
(527, 'VARM111WF063A', NULL, 2, 1, 1, '2019-11-29 08:03:42', '2019-11-29 08:03:42'),
(528, 'VARM111WF073A', NULL, 2, 1, 1, '2019-11-29 08:03:42', '2019-11-29 08:03:42'),
(529, 'VTT11ZG8053BCH', NULL, 2, 1, 1, '2019-11-29 08:03:42', '2019-11-29 08:03:42'),
(530, 'VTT11ZG8093BCH', NULL, 2, 1, 1, '2019-11-29 08:03:42', '2019-11-29 08:03:42'),
(531, 'VTT11ZG8153BCH', NULL, 2, 1, 1, '2019-11-29 08:03:42', '2019-11-29 08:03:42'),
(532, 'VTT11ZG8154BCH', NULL, 2, 1, 1, '2019-11-29 08:03:42', '2019-11-29 08:03:42'),
(533, 'VTT11ZG8193BCH', NULL, 2, 1, 1, '2019-11-29 08:03:42', '2019-11-29 08:03:42'),
(534, 'VTU21AFBCH8001A', NULL, 2, 1, 1, '2019-11-29 08:03:42', '2019-11-29 08:03:42'),
(535, 'VTU31AFBCH8002A', NULL, 2, 1, 1, '2019-11-29 08:03:42', '2019-11-29 08:03:42'),
(536, 'VTUM21AFD21A', NULL, 2, 1, 1, '2019-11-29 08:03:42', '2019-11-29 08:03:42'),
(537, 'VTX31AF8002ACH', NULL, 2, 1, 1, '2019-11-29 08:03:42', '2019-11-29 08:03:42'),
(538, 'VTX31AF8002CACH', NULL, 2, 1, 1, '2019-11-29 08:03:42', '2019-11-29 08:03:42'),
(539, 'VTX31AF8003ACH', NULL, 2, 1, 1, '2019-11-29 08:03:42', '2019-11-29 08:03:42'),
(540, 'VTX31AF8003CACH', NULL, 2, 1, 1, '2019-11-29 08:03:42', '2019-11-29 08:03:42'),
(541, 'YCGF11AF1A', NULL, 2, 1, 1, '2019-11-29 08:03:42', '2019-11-29 08:03:42');

-- --------------------------------------------------------

--
-- Table structure for table `ma_product_type`
--

CREATE TABLE `ma_product_type` (
  `id` bigint(20) UNSIGNED NOT NULL,
  `code` varchar(20) COLLATE utf8mb4_unicode_ci NOT NULL,
  `name` varchar(50) COLLATE utf8mb4_unicode_ci NOT NULL,
  `category` varchar(5) COLLATE utf8mb4_unicode_ci NOT NULL,
  `description` varchar(200) COLLATE utf8mb4_unicode_ci DEFAULT NULL,
  `created_by` tinyint(4) NOT NULL,
  `updated_by` tinyint(4) DEFAULT NULL,
  `created_at` timestamp NULL DEFAULT NULL,
  `updated_at` timestamp NULL DEFAULT NULL
) ENGINE=InnoDB DEFAULT CHARSET=utf8mb4 COLLATE=utf8mb4_unicode_ci;

--
-- Dumping data for table `ma_product_type`
--

INSERT INTO `ma_product_type` (`id`, `code`, `name`, `category`, `description`, `created_by`, `updated_by`, `created_at`, `updated_at`) VALUES
(1, 'NUMERICAL', 'C264', 'smp', '', 1, 1, '2019-11-29 07:04:53', '2019-11-29 07:04:53'),
(2, 'CONVENTIONAL', 'STATIC', 'smp', '', 1, 1, '2019-11-29 07:05:37', '2019-11-29 07:05:37'),
(3, 'NUMERICAL', 'Agile', 'smp', '', 1, 1, '2019-11-29 07:06:04', '2019-11-29 07:06:04'),
(4, 'OTHERS', 'H49', 'omu', '', 1, 1, '2019-11-29 07:06:26', '2019-11-29 07:06:26'),
(5, 'BITRONICS', 'M870D', 'omu', '', 1, 1, '2019-11-29 07:07:03', '2019-11-29 07:07:03'),
(6, 'BITRONICS', 'M87x', 'omu', '', 1, 1, '2019-11-29 07:07:20', '2019-11-29 07:07:20'),
(7, 'CONVENTIONAL', 'HA', 'smp', '', 1, 1, '2019-11-29 07:09:26', '2019-11-29 07:09:26'),
(8, 'CONVENTIONAL', 'HAMIDOS-Export', 'smp', '', 1, 1, '2019-11-29 07:09:52', '2019-11-29 07:09:52'),
(9, 'REASON', 'RPV', 'omu', '', 1, 1, '2019-11-29 07:10:30', '2019-11-29 07:10:30'),
(10, 'REASON', 'RT430', 'omu', '', 1, 1, '2019-11-29 07:11:22', '2019-11-29 07:11:22'),
(11, 'CONVENTIONAL', 'DISC', 'smp', '', 1, 1, '2019-11-29 07:11:45', '2019-11-29 07:11:45'),
(12, 'CONVENTIONAL', 'HAMIDOS-Local', 'smp', '', 1, 1, '2019-11-29 07:13:26', '2019-11-29 07:13:26'),
(13, 'NUMERICAL', 'Px40', 'smp', '', 1, 1, '2019-11-29 07:14:00', '2019-11-29 07:14:00'),
(14, 'Multiline', 'D60', 'omu', '', 1, 1, '2019-11-29 07:14:58', '2019-11-29 07:14:58'),
(15, 'Multiline', 'D90', 'omu', '', 1, 1, '2019-11-29 07:15:14', '2019-11-29 07:15:14'),
(16, 'Multiline', 'B90', 'omu', '', 1, 1, '2019-11-29 07:15:31', '2019-11-29 07:15:31'),
(17, 'Multiline', 'T60', 'omu', '', 1, 1, '2019-11-29 07:15:49', '2019-11-29 07:15:49'),
(18, 'Multiline', 'F650', 'omu', '', 1, 1, '2019-11-29 07:16:06', '2019-11-29 07:16:06'),
(19, 'METERS', 'RISHAB', 'boj', '', 1, 1, '2019-11-29 07:16:26', '2019-11-29 07:16:26'),
(20, 'TRANSDUCER', 'RISHAB', 'boj', '', 1, 1, '2019-11-29 07:16:55', '2019-11-29 07:16:55'),
(21, 'NETWORK SWITCH', 'RUGGEDCOM', 'boj', '', 1, 1, '2019-11-29 07:17:15', '2019-11-29 07:17:15'),
(22, 'NETWORK SWITCH', 'HIRISHMAN', 'boj', '', 1, 1, '2019-11-29 07:17:31', '2019-11-29 07:17:31'),
(23, 'NETWORK SWITCH', 'CISCO', 'boj', '', 1, 1, '2019-11-29 07:17:59', '2019-11-29 07:17:59'),
(24, 'ABB', 'REL670', 'boj', '', 1, 1, '2019-11-29 07:20:32', '2019-11-29 07:20:32'),
(25, 'SCHNEIDER', 'P633', 'other', '', 1, 1, '2019-11-29 07:20:47', '2019-11-29 07:20:47');

-- --------------------------------------------------------

--
-- Table structure for table `ma_pv_status`
--

CREATE TABLE `ma_pv_status` (
  `id` tinyint(4) NOT NULL,
  `status` varchar(50) NOT NULL,
  `close_status` varchar(50) DEFAULT NULL
) ENGINE=InnoDB DEFAULT CHARSET=latin1;

--
-- Dumping data for table `ma_pv_status`
--

INSERT INTO `ma_pv_status` (`id`, `status`, `close_status`) VALUES
(1, 'Relay Without RMA', NULL),
(2, 'Relay With RMA', NULL),
(3, 'Waiting For Customer Approval', NULL),
(4, 'Manager Approved', 'Job Ticket Open'),
(5, 'Job Ticket Started', NULL),
(6, 'Job Ticket Completed', 'Auto Test Bench Open'),
(7, 'Auto Test Bench Started', NULL),
(8, 'Auto Test Bench Completed', NULL),
(9, 'Aging Started', NULL),
(10, 'Aging Completed', 'Waiting For Verification'),
(11, 'Verification Completed', 'Waiting For Dispatch Approval'),
(12, 'Dispatched', NULL),
(13, 'Waiting For Manager Approval', NULL),
(14, 'Dispatch Approved', NULL),
(15, 'Saved', NULL);

-- --------------------------------------------------------

--
-- Table structure for table `ma_rack`
--

CREATE TABLE `ma_rack` (
  `id` bigint(20) UNSIGNED NOT NULL,
  `code` varchar(15) COLLATE utf8mb4_unicode_ci NOT NULL,
  `name` varchar(20) COLLATE utf8mb4_unicode_ci NOT NULL,
  `type` int(11) NOT NULL,
  `created_by` tinyint(4) NOT NULL,
  `updated_by` tinyint(4) NOT NULL,
  `created_at` timestamp NULL DEFAULT NULL,
  `updated_at` timestamp NULL DEFAULT NULL
) ENGINE=InnoDB DEFAULT CHARSET=utf8mb4 COLLATE=utf8mb4_unicode_ci;

--
-- Dumping data for table `ma_rack`
--

INSERT INTO `ma_rack` (`id`, `code`, `name`, `type`, `created_by`, `updated_by`, `created_at`, `updated_at`) VALUES
(1, 'RK001', 'Rack One', 1, 1, 1, '2019-08-26 12:26:40', '2019-08-26 12:26:40'),
(2, 'RK002', 'Rack Two', 2, 1, 1, '2019-08-26 12:29:43', '2019-08-26 12:29:43');

-- --------------------------------------------------------

--
-- Table structure for table `ma_rack_type`
--

CREATE TABLE `ma_rack_type` (
  `id` bigint(20) UNSIGNED NOT NULL,
  `name` varchar(20) COLLATE utf8mb4_unicode_ci NOT NULL,
  `created_by` tinyint(4) NOT NULL,
  `updated_by` tinyint(4) NOT NULL,
  `created_at` timestamp NULL DEFAULT NULL,
  `updated_at` timestamp NULL DEFAULT NULL
) ENGINE=InnoDB DEFAULT CHARSET=utf8mb4 COLLATE=utf8mb4_unicode_ci;

--
-- Dumping data for table `ma_rack_type`
--

INSERT INTO `ma_rack_type` (`id`, `name`, `created_by`, `updated_by`, `created_at`, `updated_at`) VALUES
(1, 'Rack One', 1, 1, '2019-08-26 10:43:21', '2019-08-26 10:43:21'),
(2, 'Rack Two', 1, 1, '2019-08-26 10:43:56', '2019-08-26 10:43:56');

-- --------------------------------------------------------

--
-- Table structure for table `ma_site`
--

CREATE TABLE `ma_site` (
  `id` bigint(20) UNSIGNED NOT NULL,
  `code` varchar(20) COLLATE utf8mb4_unicode_ci NOT NULL,
  `name` varchar(50) COLLATE utf8mb4_unicode_ci NOT NULL,
  `created_by` tinyint(4) NOT NULL,
  `updated_by` tinyint(4) NOT NULL,
  `created_at` timestamp NULL DEFAULT NULL,
  `updated_at` timestamp NULL DEFAULT NULL
) ENGINE=InnoDB DEFAULT CHARSET=utf8mb4 COLLATE=utf8mb4_unicode_ci;

--
-- Dumping data for table `ma_site`
--

INSERT INTO `ma_site` (`id`, `code`, `name`, `created_by`, `updated_by`, `created_at`, `updated_at`) VALUES
(1, 'KAD', 'Kadivedu', 1, 1, '2019-11-08 07:43:59', '2019-11-08 07:43:59');

-- --------------------------------------------------------

--
-- Table structure for table `migrations`
--

CREATE TABLE `migrations` (
  `id` int(10) UNSIGNED NOT NULL,
  `migration` varchar(255) COLLATE utf8mb4_unicode_ci NOT NULL,
  `batch` int(11) NOT NULL
) ENGINE=InnoDB DEFAULT CHARSET=utf8mb4 COLLATE=utf8mb4_unicode_ci;

--
-- Dumping data for table `migrations`
--

INSERT INTO `migrations` (`id`, `migration`, `batch`) VALUES
(21, '2019_08_21_01_create_location_master_table', 1),
(22, '2019_08_21_01_create_site_master_table', 2),
(23, '2019_08_21_01_create_rack_master_table', 3),
(24, '2019_08_21_01_create_rack_type_master_table', 4),
(25, '2019_08_21_01_create_material_master_table', 5),
(26, '2019_08_21_01_create_packing_style_master_table', 6),
(27, '2019_08_21_01_create_manufacture_master_table', 7),
(28, '2019_08_21_01_create_customer_master_table', 8),
(29, '2019_08_21_01_create_product_master_table', 9);

-- --------------------------------------------------------

--
-- Table structure for table `password_resets`
--

CREATE TABLE `password_resets` (
  `email` varchar(255) COLLATE utf8mb4_unicode_ci NOT NULL,
  `token` varchar(255) COLLATE utf8mb4_unicode_ci NOT NULL,
  `created_at` timestamp NULL DEFAULT NULL
) ENGINE=InnoDB DEFAULT CHARSET=utf8mb4 COLLATE=utf8mb4_unicode_ci;

-- --------------------------------------------------------

--
-- Table structure for table `physical_verification`
--

CREATE TABLE `physical_verification` (
  `id` bigint(20) NOT NULL,
  `receipt_id` bigint(20) NOT NULL,
  `docket_details` varchar(100) DEFAULT NULL,
  `courier_name` varchar(100) DEFAULT NULL,
  `pvdate` date NOT NULL,
  `producttype_id` int(11) NOT NULL,
  `product_id` int(11) DEFAULT NULL,
  `serial_no` varchar(50) NOT NULL,
  `comment` varchar(200) DEFAULT NULL,
  `case` tinyint(3) NOT NULL DEFAULT '-1',
  `case_condition` tinyint(3) NOT NULL DEFAULT '-1',
  `battery` tinyint(3) NOT NULL DEFAULT '-1',
  `battery_condition` tinyint(3) NOT NULL DEFAULT '-1',
  `terminal_blocks` tinyint(3) DEFAULT '-1',
  `terminal_blocks_condition` tinyint(3) NOT NULL DEFAULT '-1',
  `no_of_terminal_blocks` varchar(11) DEFAULT '0',
  `top_bottom_cover` tinyint(3) NOT NULL DEFAULT '-1',
  `top_bottom_cover_condition` tinyint(3) NOT NULL DEFAULT '-1',
  `short_links` tinyint(3) NOT NULL DEFAULT '-1',
  `short_links_condition` tinyint(3) NOT NULL DEFAULT '-1',
  `no_of_short_links` smallint(11) DEFAULT NULL,
  `screws` tinyint(4) NOT NULL DEFAULT '-1',
  `sales_order_no` varchar(50) DEFAULT NULL,
  `is_rma_available` tinyint(4) NOT NULL,
  `updated_at` timestamp NOT NULL DEFAULT CURRENT_TIMESTAMP ON UPDATE CURRENT_TIMESTAMP,
  `created_at` timestamp NOT NULL DEFAULT CURRENT_TIMESTAMP,
  `updated_by` bigint(20) NOT NULL,
  `created_by` bigint(20) NOT NULL
) ENGINE=InnoDB DEFAULT CHARSET=latin1;

--
-- Dumping data for table `physical_verification`
--

INSERT INTO `physical_verification` (`id`, `receipt_id`, `docket_details`, `courier_name`, `pvdate`, `producttype_id`, `product_id`, `serial_no`, `comment`, `case`, `case_condition`, `battery`, `battery_condition`, `terminal_blocks`, `terminal_blocks_condition`, `no_of_terminal_blocks`, `top_bottom_cover`, `top_bottom_cover_condition`, `short_links`, `short_links_condition`, `no_of_short_links`, `screws`, `sales_order_no`, `is_rma_available`, `updated_at`, `created_at`, `updated_by`, `created_by`) VALUES
(1, 1, 'CASAD', 'ASDA', '2019-12-02', 13, 274, 'ADSDQWRQW', '', 1, 2, 1, 2, 2, 2, '0', 1, 2, 2, 2, 0, 1, '', 1, '2019-12-02 04:15:23', '2019-12-02 04:15:23', 1, 1),
(2, -1, '', '', '2019-12-02', 2, 37, 'ZXCAE', NULL, -1, -1, -1, -1, -1, -1, '0302', -1, -1, -1, -1, NULL, -1, '', 1, '2019-12-06 11:40:29', '2019-12-02 06:48:59', 1, 1),
(3, -1, '', '', '2019-12-02', 4, 61, 'ZAD', NULL, -1, -1, -1, -1, -1, -1, NULL, -1, -1, -1, -1, NULL, -1, '', 1, '2019-12-02 06:56:19', '2019-12-02 06:56:19', 1, 1),
(4, 1, 'CASAD', 'ASDA', '2019-12-10', 3, 53, 'Xvdsfee', 'Unit Failure', 1, 2, 1, 2, 2, 2, '0', 1, 2, 2, 2, 0, 1, NULL, 1, '2019-12-10 09:11:04', '2019-12-10 07:21:50', 1, 1),
(6, -1, '', '', '2019-12-10', 1, 6, 'cvgsadfsag', NULL, -1, -1, -1, -1, -1, -1, NULL, -1, -1, -1, -1, NULL, -1, '', 1, '2019-12-10 08:22:59', '2019-12-10 08:22:59', 1, 1),
(7, 1, 'CASAD', 'ASDA', '2019-12-12', 13, 277, 'AXDSWRW', '', 1, 2, 1, 2, 2, 2, '0', 1, 2, 2, 2, 0, 2, '', 1, '2019-12-12 05:11:43', '2019-12-12 05:11:43', 1, 1),
(8, 2, 'VASFQ', 'XCAS', '2019-12-24', 13, 285, 'MNBCVKJSGDUIFAS', NULL, 1, 2, 1, 2, 2, 2, '0', 1, 2, 2, 2, 0, 1, NULL, 1, '2019-12-24 08:54:26', '2019-12-16 11:58:31', 1, 1),
(9, 2, 'VASFQ', 'XCAS', '2019-12-16', 13, 294, 'DFASFSADFSAGDSA', 'Lorel Ispum of the test ', 1, 2, 1, 2, 1, 2, '0405', 1, 2, 2, 2, 0, 1, '', 1, '2019-12-19 05:47:50', '2019-12-16 14:07:08', 1, 1),
(10, 2, 'VASFQ', 'XCAS', '2019-12-19', 13, 307, 'ZXCVNMKIUY', '', 1, 2, 1, 2, 1, 2, '0906', 1, 2, 1, 2, 6, 2, '', 1, '2019-12-19 12:06:49', '2019-12-19 12:06:49', 1, 1),
(11, 2, 'VASFQ', 'XCAS', '2019-12-19', 1, 25, 'CXVBN', '', 1, 2, 1, 2, 2, 2, '0', 2, 2, 2, 2, 0, 1, '', 1, '2019-12-19 12:07:53', '2019-12-19 12:07:53', 1, 1),
(12, 2, 'VASFQ', 'XCAS', '2019-12-23', 1, 13, 'AWQRQW', '', 1, 2, 1, 2, 1, 2, '0907', 1, 2, 1, 2, 12, 1, '', 1, '2019-12-23 10:59:24', '2019-12-23 10:59:24', 1, 1),
(13, 2, 'VASFQ', 'XCAS', '2019-12-23', 3, 49, 'AFDVSDFA', '', 1, 2, 1, 2, 1, 2, '0806', 1, 2, 1, 2, 34, 1, '', 1, '2019-12-23 11:00:22', '2019-12-23 11:00:22', 1, 1),
(14, 2, 'VASFQ', 'XCAS', '2019-12-24', 1, 4, 'ZVczfadfad', 'edited', 1, 2, 1, 2, 1, 2, '0506', 1, 2, 1, 2, 23, 1, NULL, 1, '2019-12-24 06:03:28', '2019-12-24 06:01:25', 1, 1),
(15, 2, 'VASFQ', 'XCAS', '2019-12-24', 13, 281, 'CXVXCBDGS', '', 1, 2, 1, 2, 1, 2, '7654', 1, 2, 1, 2, 45, 1, '', 1, '2019-12-24 06:04:47', '2019-12-24 06:04:47', 1, 1),
(16, 8, 'DESC098737', 'Fed', '2019-12-24', 13, 409, 'VCXNVCHGF', '', 2, 2, 2, 2, 2, 2, '0', 1, 2, 2, 2, 0, 1, '', 1, '2019-12-24 06:19:20', '2019-12-24 06:19:20', 1, 1),
(17, 8, 'DESC098737', 'Fed', '2019-12-24', 1, 3, 'SKDFJGKJNK', '', 1, 2, 1, 2, 1, 2, '5464', 1, 2, 1, 2, 756, 1, '', 1, '2019-12-24 07:33:22', '2019-12-24 06:22:11', 1, 1),
(18, 8, 'DESC098737', 'Fed', '2019-12-27', 1, 36, 'SDASFSADFS', NULL, 1, 2, 1, 2, 2, 2, '0', 1, 2, 2, 2, 0, 1, NULL, 1, '2019-12-27 09:58:14', '2019-12-24 07:34:15', 1, 1),
(19, 1, 'CASAD', 'ASDA', '2019-12-27', 3, 48, '32424242', 'NA', 2, 2, 2, 2, 2, 2, '0', 2, 2, 2, 2, 0, 1, '', 0, '2019-12-27 08:20:30', '2019-12-27 08:20:30', 1, 1);

-- --------------------------------------------------------

--
-- Table structure for table `pv_priority_list`
--

CREATE TABLE `pv_priority_list` (
  `pv_id` bigint(20) NOT NULL,
  `priority` smallint(6) NOT NULL,
  `created_by` tinyint(4) NOT NULL,
  `created_at` timestamp NOT NULL DEFAULT CURRENT_TIMESTAMP,
  `updated_by` tinyint(4) DEFAULT NULL,
  `updated_at` datetime DEFAULT NULL
) ENGINE=InnoDB DEFAULT CHARSET=latin1;

-- --------------------------------------------------------

--
-- Table structure for table `pv_rms_tracking`
--

CREATE TABLE `pv_rms_tracking` (
  `pv_id` bigint(20) NOT NULL,
  `rack_id` varchar(15) NOT NULL,
  `rack_type` tinyint(4) NOT NULL,
  `created_by` tinyint(4) NOT NULL,
  `created_at` timestamp NOT NULL DEFAULT CURRENT_TIMESTAMP
) ENGINE=InnoDB DEFAULT CHARSET=latin1;

--
-- Dumping data for table `pv_rms_tracking`
--

INSERT INTO `pv_rms_tracking` (`pv_id`, `rack_id`, `rack_type`, `created_by`, `created_at`) VALUES
(104, '', 0, 1, '2019-11-09 18:36:48'),
(105, '', 0, 1, '2019-11-09 18:44:09'),
(106, '', 0, 1, '2019-11-10 06:12:34'),
(104, 'RC12', 0, 1, '2019-11-10 06:18:30'),
(114, '', 0, 1, '2019-11-10 16:11:06'),
(125, '', 0, 1, '2019-11-14 06:19:13'),
(126, '', 5, 1, '2019-11-14 06:21:39'),
(125, '', 0, 1, '2019-11-14 06:26:13'),
(126, '', 1, 1, '2019-11-14 06:29:32'),
(107, '', 1, 1, '2019-11-14 06:36:30'),
(127, '', 5, 1, '2019-11-14 06:40:46'),
(128, '', 5, 1, '2019-11-14 06:41:04'),
(127, '', 2, 1, '2019-11-14 06:42:33'),
(127, '', 1, 1, '2019-11-14 06:47:12'),
(128, '', 2, 1, '2019-11-14 06:47:28'),
(129, '', 5, 1, '2019-11-14 10:50:37'),
(130, '', 5, 1, '2019-11-14 10:56:20'),
(131, '', 5, 1, '2019-11-20 05:37:01'),
(132, '', 1, 1, '2019-11-21 07:23:18'),
(133, '', 1, 1, '2019-11-21 07:23:18'),
(134, '', 1, 1, '2019-11-21 07:23:18'),
(135, '', 1, 1, '2019-11-21 07:23:18'),
(136, '', 1, 1, '2019-11-21 07:23:18'),
(137, '', 5, 1, '2019-11-25 07:52:29'),
(138, '', 5, 1, '2019-11-25 07:52:44'),
(139, '', 5, 1, '2019-11-25 07:56:24'),
(1, '', 5, 1, '2019-12-02 04:15:23'),
(1, '', 1, 1, '2019-12-02 07:13:41'),
(2, '', 1, 1, '2019-12-02 07:48:42'),
(3, '', 1, 1, '2019-12-09 05:29:36'),
(4, '', 5, 1, '2019-12-10 07:21:50'),
(5, '', 5, 1, '2019-12-10 07:42:23'),
(4, '', 1, 1, '2019-12-10 08:26:14'),
(4, '', 1, 1, '2019-12-10 09:17:19'),
(6, '', 1, 1, '2019-12-10 09:47:09'),
(5, '', 1, 1, '2019-12-12 04:54:51'),
(7, '', 5, 1, '2019-12-12 05:11:43'),
(8, '', 5, 1, '2019-12-16 11:58:31'),
(8, '', 1, 1, '2019-12-16 11:59:40'),
(9, '', 5, 1, '2019-12-16 14:07:08'),
(9, '', 1, 1, '2019-12-16 14:09:14'),
(1, '', 1, 1, '2019-12-19 06:58:27'),
(7, '', 1, 1, '2019-12-19 08:22:49'),
(10, '', 5, 1, '2019-12-19 12:06:49'),
(11, '', 5, 1, '2019-12-19 12:07:53'),
(10, '', 1, 1, '2019-12-19 12:11:24'),
(11, '', 1, 1, '2019-12-19 12:11:24'),
(5, '', 1, 1, '2019-12-23 10:54:37'),
(12, '', 5, 1, '2019-12-23 10:59:24'),
(13, '', 5, 1, '2019-12-23 11:00:22'),
(12, '', 1, 1, '2019-12-23 11:01:54'),
(13, '', 1, 1, '2019-12-23 11:01:59'),
(14, '', 5, 1, '2019-12-24 06:01:25'),
(15, '', 5, 1, '2019-12-24 06:04:47'),
(16, '', 5, 1, '2019-12-24 06:19:20'),
(17, '', 5, 1, '2019-12-24 06:22:11'),
(18, '', 5, 1, '2019-12-24 07:34:15'),
(19, '', 5, 1, '2019-12-27 08:20:30'),
(14, '', 1, 1, '2019-12-27 08:55:03'),
(16, '', 1, 1, '2019-12-27 09:19:56');

-- --------------------------------------------------------

--
-- Table structure for table `pv_status`
--

CREATE TABLE `pv_status` (
  `pv_id` bigint(20) NOT NULL,
  `current_status_id` tinyint(4) NOT NULL,
  `created_at` timestamp NOT NULL DEFAULT CURRENT_TIMESTAMP ON UPDATE CURRENT_TIMESTAMP,
  `created_by` tinyint(4) NOT NULL
) ENGINE=InnoDB DEFAULT CHARSET=latin1;

--
-- Dumping data for table `pv_status`
--

INSERT INTO `pv_status` (`pv_id`, `current_status_id`, `created_at`, `created_by`) VALUES
(1, 12, '2019-12-30 07:54:24', 1),
(2, 12, '2019-12-10 11:17:14', 1),
(3, 12, '2019-12-10 11:21:08', 1),
(4, 12, '2019-12-10 11:17:14', 1),
(5, 13, '2019-12-24 05:59:30', 1),
(6, 14, '2019-12-12 04:16:47', 1),
(7, 11, '2019-12-19 08:47:00', 1),
(8, 11, '2019-12-16 14:05:30', 1),
(9, 14, '2019-12-16 14:11:27', 1),
(10, 11, '2019-12-19 12:18:09', 1),
(11, 12, '2019-12-23 12:29:48', 1),
(12, 12, '2019-12-23 12:29:48', 1),
(13, 12, '2019-12-23 12:28:52', 1),
(14, 11, '2019-12-27 08:59:06', 1),
(15, 2, '2019-12-24 06:04:47', 1),
(16, 11, '2019-12-27 10:04:26', 1),
(17, 13, '2019-12-24 07:33:22', 1),
(18, 2, '2019-12-24 07:34:15', 1),
(19, 1, '2019-12-27 08:20:30', 1),
(104, 2, '2019-11-14 07:20:32', 1),
(105, 3, '2019-11-09 18:44:08', 1),
(106, 12, '2019-11-14 06:59:38', 1),
(107, 14, '2019-11-20 06:21:34', 1),
(108, 13, '2019-11-10 06:03:53', 1),
(109, 13, '2019-11-10 06:03:54', 1),
(110, 15, '2019-11-13 12:26:11', 1),
(111, 1, '2019-11-10 11:53:03', 1),
(112, 13, '2019-11-10 16:10:40', 1),
(113, 13, '2019-11-13 12:14:19', 1),
(114, 12, '2019-11-10 16:14:42', 1),
(115, 15, '2019-11-10 16:19:46', 1),
(116, 2, '2019-11-10 16:24:09', 1),
(117, 13, '2019-11-13 12:14:18', 1),
(118, 13, '2019-11-13 12:14:18', 1),
(119, 15, '2019-11-13 14:59:41', 1),
(120, 13, '2019-11-14 06:39:55', 1),
(121, 13, '2019-11-14 06:39:55', 1),
(122, 1, '2019-11-13 14:59:14', 1),
(123, 2, '2019-11-14 06:18:43', 1),
(124, 2, '2019-11-14 06:18:51', 1),
(125, 14, '2019-11-20 06:21:34', 1),
(126, 11, '2019-11-21 02:36:57', 1),
(127, 7, '2019-11-25 11:23:18', 1),
(128, 3, '2019-11-14 06:47:28', 1),
(129, 2, '2019-11-14 10:50:37', 1),
(130, 2, '2019-11-14 10:56:20', 1),
(131, 2, '2019-11-20 05:37:01', 1),
(132, 10, '2019-11-25 11:26:03', 1),
(133, 4, '2019-11-21 07:23:18', 1),
(134, 4, '2019-11-21 07:23:18', 1),
(135, 4, '2019-11-21 07:23:18', 1),
(136, 4, '2019-11-21 07:23:18', 1),
(137, 2, '2019-11-25 07:52:29', 1),
(138, 2, '2019-11-25 07:52:44', 1),
(139, 2, '2019-11-25 07:56:24', 1);

-- --------------------------------------------------------

--
-- Table structure for table `pv_status_tracking`
--

CREATE TABLE `pv_status_tracking` (
  `pv_id` bigint(20) NOT NULL,
  `status_id` tinyint(4) NOT NULL,
  `created_at` timestamp NOT NULL DEFAULT CURRENT_TIMESTAMP,
  `created_by` tinyint(4) NOT NULL
) ENGINE=InnoDB DEFAULT CHARSET=latin1;

--
-- Dumping data for table `pv_status_tracking`
--

INSERT INTO `pv_status_tracking` (`pv_id`, `status_id`, `created_at`, `created_by`) VALUES
(104, 2, '2019-11-09 17:37:59', 1),
(105, 1, '2019-11-09 17:39:27', 1),
(104, 15, '2019-11-09 17:41:23', 1),
(105, 15, '2019-11-09 17:42:20', 1),
(104, 15, '2019-11-09 17:42:57', 1),
(104, 15, '2019-11-09 17:43:35', 1),
(105, 15, '2019-11-09 17:44:11', 1),
(104, 15, '2019-11-09 17:48:00', 1),
(104, 15, '2019-11-09 17:54:17', 1),
(104, 15, '2019-11-09 17:56:22', 1),
(104, 15, '2019-11-09 18:23:22', 1),
(104, 15, '2019-11-09 18:23:52', 1),
(106, 1, '2019-11-09 18:27:55', 1),
(106, 15, '2019-11-09 18:33:07', 1),
(104, 13, '2019-11-09 18:35:51', 1),
(104, 4, '2019-11-09 18:36:48', 1),
(105, 13, '2019-11-09 18:41:23', 1),
(106, 15, '2019-11-09 18:42:31', 1),
(106, 13, '2019-11-09 18:42:53', 1),
(105, 3, '2019-11-09 18:44:08', 1),
(104, 5, '2019-11-09 18:45:26', 1),
(104, 6, '2019-11-09 18:47:48', 1),
(104, 7, '2019-11-09 18:48:07', 1),
(104, 8, '2019-11-09 18:48:48', 1),
(104, 9, '2019-11-09 18:49:31', 1),
(104, 10, '2019-11-09 18:50:57', 1),
(104, 11, '2019-11-09 18:51:44', 1),
(104, 14, '2019-11-09 18:52:13', 1),
(104, 12, '2019-11-09 18:53:02', 1),
(107, 2, '2019-11-10 05:51:16', 1),
(108, 2, '2019-11-10 05:55:44', 1),
(109, 2, '2019-11-10 05:57:14', 1),
(108, 13, '2019-11-10 06:03:19', 1),
(109, 13, '2019-11-10 06:03:19', 1),
(108, 13, '2019-11-10 06:03:36', 1),
(109, 13, '2019-11-10 06:03:37', 1),
(108, 13, '2019-11-10 06:03:38', 1),
(109, 13, '2019-11-10 06:03:38', 1),
(108, 13, '2019-11-10 06:03:46', 1),
(109, 13, '2019-11-10 06:03:46', 1),
(108, 13, '2019-11-10 06:03:46', 1),
(109, 13, '2019-11-10 06:03:46', 1),
(108, 13, '2019-11-10 06:03:53', 1),
(109, 13, '2019-11-10 06:03:54', 1),
(106, 4, '2019-11-10 06:12:34', 1),
(110, 1, '2019-11-10 11:51:59', 1),
(111, 1, '2019-11-10 11:53:03', 1),
(112, 1, '2019-11-10 12:08:35', 1),
(113, 2, '2019-11-10 16:05:12', 1),
(114, 1, '2019-11-10 16:06:33', 1),
(114, 13, '2019-11-10 16:07:49', 1),
(112, 13, '2019-11-10 16:10:40', 1),
(114, 4, '2019-11-10 16:11:05', 1),
(114, 5, '2019-11-10 16:11:18', 1),
(114, 6, '2019-11-10 16:11:53', 1),
(114, 5, '2019-11-10 16:11:59', 1),
(114, 6, '2019-11-10 16:12:22', 1),
(114, 7, '2019-11-10 16:12:37', 1),
(114, 8, '2019-11-10 16:12:44', 1),
(114, 9, '2019-11-10 16:13:09', 1),
(114, 10, '2019-11-10 16:13:17', 1),
(114, 11, '2019-11-10 16:13:45', 1),
(114, 14, '2019-11-10 16:13:58', 1),
(114, 12, '2019-11-10 16:14:42', 1),
(115, 15, '2019-11-10 16:19:46', 1),
(116, 2, '2019-11-10 16:24:09', 1),
(117, 1, '2019-11-13 12:01:23', 1),
(118, 1, '2019-11-13 12:02:35', 1),
(117, 15, '2019-11-13 12:11:25', 1),
(118, 15, '2019-11-13 12:11:25', 1),
(107, 13, '2019-11-13 12:12:26', 1),
(113, 13, '2019-11-13 12:12:26', 1),
(117, 13, '2019-11-13 12:14:18', 1),
(118, 13, '2019-11-13 12:14:18', 1),
(107, 13, '2019-11-13 12:14:18', 1),
(113, 13, '2019-11-13 12:14:18', 1),
(110, 15, '2019-11-13 12:26:11', 1),
(119, 2, '2019-11-13 14:52:06', 1),
(120, 2, '2019-11-13 14:58:21', 1),
(121, 2, '2019-11-13 14:58:50', 1),
(122, 1, '2019-11-13 14:59:14', 1),
(119, 15, '2019-11-13 14:59:41', 1),
(123, 2, '2019-11-14 06:18:43', 1),
(124, 2, '2019-11-14 06:18:51', 1),
(125, 2, '2019-11-14 06:19:13', 1),
(126, 2, '2019-11-14 06:21:39', 1),
(125, 13, '2019-11-14 06:22:39', 1),
(126, 13, '2019-11-14 06:22:39', 1),
(125, 4, '2019-11-14 06:26:13', 1),
(126, 4, '2019-11-14 06:29:32', 1),
(107, 4, '2019-11-14 06:36:28', 1),
(120, 13, '2019-11-14 06:39:55', 1),
(121, 13, '2019-11-14 06:39:55', 1),
(127, 2, '2019-11-14 06:40:46', 1),
(128, 2, '2019-11-14 06:41:04', 1),
(127, 13, '2019-11-14 06:41:45', 1),
(128, 13, '2019-11-14 06:41:45', 1),
(127, 3, '2019-11-14 06:42:33', 1),
(127, 3, '2019-11-14 06:44:07', 1),
(127, 3, '2019-11-14 06:44:42', 1),
(127, 4, '2019-11-14 06:47:12', 1),
(128, 3, '2019-11-14 06:47:28', 1),
(106, 5, '2019-11-14 06:49:50', 1),
(106, 6, '2019-11-14 06:50:08', 1),
(106, 7, '2019-11-14 06:51:45', 1),
(106, 8, '2019-11-14 06:51:52', 1),
(106, 9, '2019-11-14 06:52:07', 1),
(106, 10, '2019-11-14 06:52:13', 1),
(106, 11, '2019-11-14 06:52:22', 1),
(106, 14, '2019-11-14 06:53:32', 1),
(106, 12, '2019-11-14 06:58:13', 1),
(106, 12, '2019-11-14 06:58:20', 1),
(106, 12, '2019-11-14 06:59:38', 1),
(104, 2, '2019-11-14 07:15:31', 1),
(104, 2, '2019-11-14 07:20:32', 1),
(129, 2, '2019-11-14 10:50:37', 1),
(130, 2, '2019-11-14 10:56:20', 1),
(107, 5, '2019-11-19 14:11:25', 1),
(107, 6, '2019-11-19 14:12:03', 1),
(107, 7, '2019-11-19 14:12:15', 1),
(107, 8, '2019-11-19 14:12:21', 1),
(107, 9, '2019-11-19 14:12:30', 1),
(107, 10, '2019-11-19 14:12:49', 1),
(125, 5, '2019-11-19 14:24:17', 1),
(125, 6, '2019-11-20 01:27:04', 1),
(126, 5, '2019-11-20 01:50:49', 1),
(107, 11, '2019-11-20 02:49:11', 1),
(125, 7, '2019-11-20 02:50:26', 1),
(125, 8, '2019-11-20 02:50:32', 1),
(125, 9, '2019-11-20 02:50:54', 1),
(125, 10, '2019-11-20 02:51:06', 1),
(125, 11, '2019-11-20 02:52:38', 1),
(131, 2, '2019-11-20 05:37:01', 1),
(126, 6, '2019-11-20 05:58:43', 1),
(126, 7, '2019-11-20 06:02:44', 1),
(126, 8, '2019-11-20 06:02:51', 1),
(126, 9, '2019-11-20 06:09:34', 1),
(126, 10, '2019-11-20 06:12:16', 1),
(107, 14, '2019-11-20 06:21:34', 1),
(125, 14, '2019-11-20 06:21:34', 1),
(127, 5, '2019-11-21 01:11:14', 1),
(126, 5, '2019-11-21 01:13:49', 1),
(126, 6, '2019-11-21 01:18:09', 1),
(126, 6, '2019-11-21 01:21:45', 1),
(126, 7, '2019-11-21 01:23:06', 1),
(126, 6, '2019-11-21 02:02:11', 1),
(126, 6, '2019-11-21 02:02:42', 1),
(126, 7, '2019-11-21 02:03:03', 1),
(126, 8, '2019-11-21 02:03:13', 1),
(126, 7, '2019-11-21 02:21:55', 1),
(126, 8, '2019-11-21 02:22:25', 1),
(126, 9, '2019-11-21 02:25:47', 1),
(126, 10, '2019-11-21 02:30:06', 1),
(126, 10, '2019-11-21 02:32:41', 1),
(126, 9, '2019-11-21 02:36:30', 1),
(126, 10, '2019-11-21 02:36:41', 1),
(126, 11, '2019-11-21 02:36:57', 1),
(132, 13, '2019-11-21 07:02:20', 1),
(133, 13, '2019-11-21 07:02:20', 1),
(134, 13, '2019-11-21 07:02:20', 1),
(135, 13, '2019-11-21 07:02:20', 1),
(136, 13, '2019-11-21 07:02:20', 1),
(132, 4, '2019-11-21 07:23:18', 1),
(133, 4, '2019-11-21 07:23:18', 1),
(134, 4, '2019-11-21 07:23:18', 1),
(135, 4, '2019-11-21 07:23:18', 1),
(136, 4, '2019-11-21 07:23:18', 1),
(132, 6, '2019-11-21 08:20:00', 1),
(137, 2, '2019-11-25 07:52:29', 1),
(138, 2, '2019-11-25 07:52:44', 1),
(139, 2, '2019-11-25 07:56:24', 1),
(132, 7, '2019-11-25 11:18:28', 1),
(132, 8, '2019-11-25 11:18:40', 1),
(127, 6, '2019-11-25 11:22:59', 1),
(127, 7, '2019-11-25 11:23:18', 1),
(132, 9, '2019-11-25 11:25:54', 1),
(132, 10, '2019-11-25 11:26:03', 1),
(1, 2, '2019-12-02 04:15:23', 1),
(1, 15, '2019-12-02 05:18:18', 1),
(1, 13, '2019-12-02 05:52:49', 1),
(2, 15, '2019-12-02 06:48:59', 1),
(2, 15, '2019-12-02 06:49:34', 1),
(2, 13, '2019-12-02 06:50:32', 1),
(3, 13, '2019-12-02 06:56:19', 1),
(3, 13, '2019-12-02 06:58:24', 1),
(1, 4, '2019-12-02 07:13:41', 1),
(1, 6, '2019-12-02 07:48:01', 1),
(2, 4, '2019-12-02 07:48:42', 1),
(1, 7, '2019-12-02 07:49:42', 1),
(1, 8, '2019-12-02 07:49:50', 1),
(1, 9, '2019-12-02 07:50:01', 1),
(1, 10, '2019-12-02 07:50:08', 1),
(1, 11, '2019-12-02 07:51:05', 1),
(1, 14, '2019-12-02 07:51:16', 1),
(1, 12, '2019-12-02 07:58:45', 1),
(2, 6, '2019-12-06 07:10:22', 1),
(2, 6, '2019-12-06 08:14:02', 1),
(2, 7, '2019-12-09 05:03:20', 1),
(2, 8, '2019-12-09 05:03:30', 1),
(2, 9, '2019-12-09 05:03:40', 1),
(2, 10, '2019-12-09 05:03:46', 1),
(2, 11, '2019-12-09 05:08:14', 1),
(3, 4, '2019-12-09 05:29:36', 1),
(3, 6, '2019-12-09 05:30:01', 1),
(3, 7, '2019-12-09 05:30:23', 1),
(3, 8, '2019-12-09 05:30:28', 1),
(3, 9, '2019-12-09 05:30:37', 1),
(3, 10, '2019-12-09 05:30:43', 1),
(4, 2, '2019-12-10 07:21:50', 1),
(4, 2, '2019-12-10 07:22:37', 1),
(5, 2, '2019-12-10 07:42:23', 1),
(4, 13, '2019-12-10 08:21:42', 1),
(6, 13, '2019-12-10 08:22:59', 1),
(4, 4, '2019-12-10 08:26:14', 1),
(1, 13, '2019-12-10 09:14:37', 1),
(4, 13, '2019-12-10 09:14:37', 1),
(4, 4, '2019-12-10 09:17:19', 1),
(4, 6, '2019-12-10 09:38:35', 1),
(6, 4, '2019-12-10 09:47:09', 1),
(6, 5, '2019-12-10 09:49:57', 1),
(4, 7, '2019-12-10 09:51:03', 1),
(4, 8, '2019-12-10 09:51:11', 1),
(4, 9, '2019-12-10 09:51:19', 1),
(4, 10, '2019-12-10 09:53:07', 1),
(4, 11, '2019-12-10 10:09:02', 1),
(2, 14, '2019-12-10 10:09:32', 1),
(4, 14, '2019-12-10 10:09:32', 1),
(2, 12, '2019-12-10 11:17:14', 1),
(4, 12, '2019-12-10 11:17:14', 1),
(3, 11, '2019-12-10 11:20:27', 1),
(3, 14, '2019-12-10 11:20:37', 1),
(3, 12, '2019-12-10 11:21:08', 1),
(6, 6, '2019-12-10 14:23:50', 1),
(6, 7, '2019-12-10 14:24:00', 1),
(6, 8, '2019-12-10 14:24:14', 1),
(6, 9, '2019-12-10 14:24:22', 1),
(6, 10, '2019-12-10 14:24:46', 1),
(6, 6, '2019-12-12 04:11:37', 1),
(6, 7, '2019-12-12 04:11:53', 1),
(6, 8, '2019-12-12 04:13:43', 1),
(6, 9, '2019-12-12 04:13:52', 1),
(6, 10, '2019-12-12 04:13:58', 1),
(6, 11, '2019-12-12 04:15:42', 1),
(6, 14, '2019-12-12 04:16:47', 1),
(5, 13, '2019-12-12 04:54:35', 1),
(5, 4, '2019-12-12 04:54:51', 1),
(5, 6, '2019-12-12 04:55:15', 1),
(5, 7, '2019-12-12 04:55:26', 1),
(5, 8, '2019-12-12 04:55:33', 1),
(5, 9, '2019-12-12 04:55:40', 1),
(5, 10, '2019-12-12 04:55:49', 1),
(5, 11, '2019-12-12 04:56:00', 1),
(5, 14, '2019-12-12 04:56:11', 1),
(7, 2, '2019-12-12 05:11:43', 1),
(8, 2, '2019-12-16 11:58:31', 1),
(8, 13, '2019-12-16 11:59:18', 1),
(8, 4, '2019-12-16 11:59:40', 1),
(8, 6, '2019-12-16 12:04:58', 1),
(8, 6, '2019-12-16 12:05:36', 1),
(8, 6, '2019-12-16 12:32:32', 1),
(8, 6, '2019-12-16 12:35:02', 1),
(8, 6, '2019-12-16 12:37:29', 1),
(8, 6, '2019-12-16 12:37:42', 1),
(8, 6, '2019-12-16 12:38:19', 1),
(8, 6, '2019-12-16 12:39:53', 1),
(8, 6, '2019-12-16 12:40:31', 1),
(8, 6, '2019-12-16 12:41:02', 1),
(8, 6, '2019-12-16 13:53:05', 1),
(8, 6, '2019-12-16 13:54:42', 1),
(8, 7, '2019-12-16 13:54:58', 1),
(8, 8, '2019-12-16 13:55:07', 1),
(8, 9, '2019-12-16 13:55:18', 1),
(8, 10, '2019-12-16 13:55:26', 1),
(8, 11, '2019-12-16 14:05:30', 1),
(9, 1, '2019-12-16 14:07:08', 1),
(9, 13, '2019-12-16 14:08:54', 1),
(9, 4, '2019-12-16 14:09:14', 1),
(9, 6, '2019-12-16 14:09:44', 1),
(9, 7, '2019-12-16 14:10:11', 1),
(9, 8, '2019-12-16 14:10:17', 1),
(9, 9, '2019-12-16 14:10:26', 1),
(9, 10, '2019-12-16 14:10:32', 1),
(9, 11, '2019-12-16 14:10:43', 1),
(9, 14, '2019-12-16 14:11:27', 1),
(1, 4, '2019-12-19 06:58:27', 1),
(1, 6, '2019-12-19 07:00:36', 1),
(1, 6, '2019-12-19 07:28:12', 1),
(1, 7, '2019-12-19 07:34:16', 1),
(1, 8, '2019-12-19 07:34:21', 1),
(1, 9, '2019-12-19 07:34:30', 1),
(1, 10, '2019-12-19 07:34:38', 1),
(1, 11, '2019-12-19 07:39:47', 1),
(7, 13, '2019-12-19 08:22:33', 1),
(7, 4, '2019-12-19 08:22:49', 1),
(7, 6, '2019-12-19 08:23:10', 1),
(7, 6, '2019-12-19 08:25:39', 1),
(7, 6, '2019-12-19 08:26:30', 1),
(7, 6, '2019-12-19 08:27:36', 1),
(7, 6, '2019-12-19 08:30:59', 1),
(7, 6, '2019-12-19 08:38:55', 1),
(7, 6, '2019-12-19 08:44:56', 1),
(7, 7, '2019-12-19 08:46:14', 1),
(7, 8, '2019-12-19 08:46:21', 1),
(7, 9, '2019-12-19 08:46:31', 1),
(7, 10, '2019-12-19 08:46:36', 1),
(7, 11, '2019-12-19 08:47:00', 1),
(10, 2, '2019-12-19 12:06:49', 1),
(11, 2, '2019-12-19 12:07:53', 1),
(10, 13, '2019-12-19 12:09:03', 1),
(11, 13, '2019-12-19 12:09:03', 1),
(10, 4, '2019-12-19 12:11:24', 1),
(11, 4, '2019-12-19 12:11:24', 1),
(10, 6, '2019-12-19 12:15:50', 1),
(10, 7, '2019-12-19 12:16:39', 1),
(10, 8, '2019-12-19 12:16:45', 1),
(10, 9, '2019-12-19 12:17:08', 1),
(10, 10, '2019-12-19 12:17:14', 1),
(10, 11, '2019-12-19 12:18:09', 1),
(5, 2, '2019-12-23 05:39:01', 1),
(5, 13, '2019-12-23 07:09:19', 1),
(5, 4, '2019-12-23 10:54:31', 1),
(5, 2, '2019-12-23 10:57:37', 1),
(12, 2, '2019-12-23 10:59:24', 1),
(13, 2, '2019-12-23 11:00:22', 1),
(12, 13, '2019-12-23 11:01:01', 1),
(13, 13, '2019-12-23 11:01:01', 1),
(12, 4, '2019-12-23 11:01:51', 1),
(13, 4, '2019-12-23 11:01:54', 1),
(11, 6, '2019-12-23 11:23:51', 1),
(12, 6, '2019-12-23 11:24:10', 1),
(13, 6, '2019-12-23 11:24:23', 1),
(11, 7, '2019-12-23 11:24:52', 1),
(12, 7, '2019-12-23 11:24:52', 1),
(13, 7, '2019-12-23 11:24:52', 1),
(11, 8, '2019-12-23 11:25:00', 1),
(12, 8, '2019-12-23 11:25:00', 1),
(13, 8, '2019-12-23 11:25:00', 1),
(11, 9, '2019-12-23 11:25:10', 1),
(12, 9, '2019-12-23 11:25:10', 1),
(13, 9, '2019-12-23 11:25:10', 1),
(11, 10, '2019-12-23 11:25:17', 1),
(12, 10, '2019-12-23 11:25:17', 1),
(13, 10, '2019-12-23 11:25:17', 1),
(11, 11, '2019-12-23 11:25:38', 1),
(12, 11, '2019-12-23 11:25:52', 1),
(13, 11, '2019-12-23 11:25:58', 1),
(11, 14, '2019-12-23 11:26:19', 1),
(12, 14, '2019-12-23 11:26:19', 1),
(13, 14, '2019-12-23 11:26:19', 1),
(13, 12, '2019-12-23 12:28:52', 1),
(11, 12, '2019-12-23 12:29:48', 1),
(12, 12, '2019-12-23 12:29:48', 1),
(5, 13, '2019-12-24 05:59:30', 1),
(14, 2, '2019-12-24 06:01:25', 1),
(14, 13, '2019-12-24 06:02:45', 1),
(15, 2, '2019-12-24 06:04:47', 1),
(16, 2, '2019-12-24 06:19:20', 1),
(17, 1, '2019-12-24 06:22:11', 1),
(16, 13, '2019-12-24 06:27:48', 1),
(17, 13, '2019-12-24 07:33:22', 1),
(18, 2, '2019-12-24 07:34:15', 1),
(19, 1, '2019-12-27 08:20:30', 1),
(14, 4, '2019-12-27 08:54:57', 1),
(14, 6, '2019-12-27 08:55:24', 1),
(14, 7, '2019-12-27 08:56:19', 1),
(14, 8, '2019-12-27 08:56:28', 1),
(14, 9, '2019-12-27 08:56:37', 1),
(14, 10, '2019-12-27 08:56:46', 1),
(14, 11, '2019-12-27 08:59:06', 1),
(1, 14, '2019-12-27 08:59:43', 1),
(16, 4, '2019-12-27 09:19:52', 1),
(16, 6, '2019-12-27 09:20:30', 1),
(16, 7, '2019-12-27 09:20:47', 1),
(16, 8, '2019-12-27 09:20:56', 1),
(16, 9, '2019-12-27 09:21:03', 1),
(16, 10, '2019-12-27 09:21:13', 1),
(16, 6, '2019-12-27 09:50:20', 1),
(16, 7, '2019-12-27 10:03:27', 1),
(16, 8, '2019-12-27 10:03:39', 1),
(16, 9, '2019-12-27 10:03:47', 1),
(16, 10, '2019-12-27 10:03:57', 1),
(16, 11, '2019-12-27 10:04:26', 1),
(1, 12, '2019-12-30 07:54:24', 1);

-- --------------------------------------------------------

--
-- Table structure for table `receipt`
--

CREATE TABLE `receipt` (
  `id` bigint(20) NOT NULL,
  `gs_no` varchar(20) DEFAULT NULL,
  `receipt_date` date NOT NULL,
  `customer_id` int(11) NOT NULL,
  `end_customer` varchar(35) DEFAULT NULL,
  `site` varchar(50) DEFAULT NULL,
  `email` varchar(100) DEFAULT NULL,
  `courier_name` varchar(35) DEFAULT NULL,
  `docket_details` varchar(35) DEFAULT NULL,
  `total_boxes` int(10) NOT NULL,
  `status` tinyint(4) NOT NULL COMMENT '1.Open, 2.Started, 3.Closed',
  `created_by` tinyint(4) NOT NULL,
  `updated_by` tinyint(4) NOT NULL,
  `updated_at` datetime NOT NULL,
  `created_at` timestamp NOT NULL DEFAULT CURRENT_TIMESTAMP ON UPDATE CURRENT_TIMESTAMP
) ENGINE=InnoDB DEFAULT CHARSET=latin1;

--
-- Dumping data for table `receipt`
--

INSERT INTO `receipt` (`id`, `gs_no`, `receipt_date`, `customer_id`, `end_customer`, `site`, `email`, `courier_name`, `docket_details`, `total_boxes`, `status`, `created_by`, `updated_by`, `updated_at`, `created_at`) VALUES
(1, NULL, '2019-11-29', 2, NULL, 'Kadivedu', NULL, 'ASDA', 'CASAD', 2, 2, 1, 1, '2019-12-27 14:41:04', '2019-12-27 09:11:04'),
(2, NULL, '2019-12-10', 3, NULL, 'Kadivedu', NULL, 'XCAS', 'VASFQ', 3, 2, 1, 1, '2019-12-24 11:34:47', '2019-12-24 06:04:47'),
(3, NULL, '2019-12-19', 4, NULL, 'Skole', 'srinivasktss@gmail.com', 'Fed', '65467587', 3, 1, 1, 1, '2019-12-19 20:54:09', '2019-12-19 15:24:09'),
(4, NULL, '2019-12-19', 4, NULL, 'Skole', 'srinivasktss@gmail.com', 'Fed', '65467587', 3, 1, 1, 1, '2019-12-19 20:54:17', '2019-12-19 15:24:17'),
(5, NULL, '2019-12-19', 4, NULL, 'Skole', 'srinivasktss@gmail.com', 'Fed', '65467587', 3, 1, 1, 1, '2019-12-19 20:54:47', '2019-12-19 15:24:47'),
(6, NULL, '2019-12-19', 4, NULL, 'Skole', 'srinivasktss@gmail.com', 'Fed', '65467587', 3, 1, 1, 1, '2019-12-19 20:55:09', '2019-12-19 15:25:09'),
(7, NULL, '2019-12-19', 4, NULL, 'Skole', 'srinivasktss@gmail.com', 'Fed', '65467587', 3, 1, 1, 1, '2019-12-19 20:59:12', '2019-12-19 15:29:12'),
(8, NULL, '2019-12-24', 3, NULL, 'Chennai', NULL, 'Fed', 'DESC098737', 23, 2, 1, 1, '2019-12-24 13:04:15', '2019-12-24 07:34:15');

-- --------------------------------------------------------

--
-- Table structure for table `rma`
--

CREATE TABLE `rma` (
  `id` bigint(20) NOT NULL,
  `receipt_id` bigint(20) NOT NULL,
  `gs_no` varchar(50) DEFAULT NULL,
  `act_reference` varchar(50) DEFAULT NULL,
  `date` date DEFAULT NULL,
  `customer_address_id` int(11) NOT NULL,
  `end_customer` varchar(50) DEFAULT NULL,
  `status` tinyint(4) NOT NULL COMMENT '1.Open, 2.Saved, 3.Completed',
  `service_type` tinyint(4) NOT NULL DEFAULT '1' COMMENT '1.Physical, 2.Site Card',
  `created_by` int(11) NOT NULL,
  `updated_by` int(11) DEFAULT NULL,
  `created_at` timestamp NOT NULL DEFAULT CURRENT_TIMESTAMP ON UPDATE CURRENT_TIMESTAMP,
  `updated_at` datetime DEFAULT NULL
) ENGINE=InnoDB DEFAULT CHARSET=latin1;

--
-- Dumping data for table `rma`
--

INSERT INTO `rma` (`id`, `receipt_id`, `gs_no`, `act_reference`, `date`, `customer_address_id`, `end_customer`, `status`, `service_type`, `created_by`, `updated_by`, `created_at`, `updated_at`) VALUES
(40220001, 1, '', '', '2019-12-19', 2, 'B2', 3, 1, 1, 1, '2019-12-27 09:11:04', '2019-12-27 14:41:04'),
(40220002, -1, 'GS23434', 'CSEF', '2019-12-02', 3, 'D2', 3, 2, 1, 1, '2019-12-02 06:50:32', '2019-12-02 12:20:32'),
(40220003, -1, 'GS124', 'VAFE', '2019-12-02', 2, 'B2', 3, 2, 1, 1, '2019-12-02 06:59:24', '2019-12-02 12:28:24'),
(40220004, 2, '', '', '2019-12-24', 3, 'B2', 3, 1, 1, 1, '2019-12-24 06:02:45', '2019-12-24 11:32:45'),
(40220005, 0, '', '', '2019-12-10', 2, 'B2', 3, 2, 1, 1, '2019-12-10 08:22:59', '2019-12-10 13:52:59'),
(40220006, 3, NULL, NULL, NULL, 4, NULL, 1, 1, 1, NULL, '2019-12-19 15:24:09', '2019-12-19 20:54:09'),
(40220007, 4, NULL, NULL, NULL, 4, NULL, 1, 1, 1, NULL, '2019-12-19 15:24:17', '2019-12-19 20:54:17'),
(40220008, 5, NULL, NULL, NULL, 4, NULL, 1, 1, 1, NULL, '2019-12-19 15:24:47', '2019-12-19 20:54:47'),
(40220009, 6, NULL, NULL, NULL, 4, NULL, 1, 1, 1, NULL, '2019-12-19 15:25:09', '2019-12-19 20:55:09'),
(40220010, 7, NULL, NULL, NULL, 4, NULL, 1, 1, 1, 1, '2019-12-19 15:29:12', '2019-12-19 20:59:12'),
(40220011, 8, '', '', '2019-12-23', 3, 'Reliance Electronics', 3, 1, 1, 1, '2019-12-24 07:33:22', '2019-12-24 13:03:22');

-- --------------------------------------------------------

--
-- Table structure for table `rma_delivery_address`
--

CREATE TABLE `rma_delivery_address` (
  `id` bigint(11) NOT NULL,
  `rma_id` bigint(20) NOT NULL,
  `address` varchar(200) DEFAULT NULL,
  `contact_person` varchar(25) DEFAULT NULL,
  `tel_no` varchar(15) DEFAULT NULL,
  `email` varchar(100) DEFAULT NULL,
  `gst` varchar(15) DEFAULT NULL,
  `created_by` int(11) NOT NULL,
  `updated_by` int(11) NOT NULL,
  `created_at` timestamp NOT NULL DEFAULT CURRENT_TIMESTAMP ON UPDATE CURRENT_TIMESTAMP,
  `updated_at` datetime NOT NULL
) ENGINE=InnoDB DEFAULT CHARSET=latin1;

--
-- Dumping data for table `rma_delivery_address`
--

INSERT INTO `rma_delivery_address` (`id`, `rma_id`, `address`, `contact_person`, `tel_no`, `email`, `gst`, `created_by`, `updated_by`, `created_at`, `updated_at`) VALUES
(1, 2, 'Vidyut Soudha, Gunadala,Eluru Rd, Vijayawada, Andhra Pradesh 520004', 'Praveen Kumar', '87845613366', 'praveenkumar@aptransco.co.in', '29AADCC9174H1ZA', 1, 1, '2019-11-09 18:35:51', '2019-11-10 00:05:51'),
(2, 3, 'Vidyut Soudha, Gunadala,Eluru Rd, Vijayawada, Andhra Pradesh 520004', 'Praveen Kumar', '87845613366', 'praveenkumar@aptransco.co.in', '29AADCC9174H1ZA', 1, 1, '2019-11-09 18:41:23', '2019-11-10 00:11:23'),
(3, 4, 'Vidyut Soudha, Gunadala,Eluru Rd, Vijayawada, Andhra Pradesh 520004', 'Praveen Kumar', '87845613366', 'praveenkumar@aptransco.co.in', '29AADCC9174H1ZA', 1, 1, '2019-11-09 18:42:53', '2019-11-10 00:12:53'),
(4, 6, 'Vidyut Soudha, Gunadala,Eluru Rd, Vijayawada, Andhra Pradesh 520004', 'Praveen Kumar', '87845613366', 'praveenkumar@aptransco.co.in', '29AADCC9174H1ZA', 1, 1, '2019-11-10 06:03:53', '2019-11-10 11:33:53'),
(5, 8, 'Vidyut Soudha, Gunadala,Eluru Rd, Vijayawada, Andhra Pradesh 520004', 'Praveen Kumar', '87845613366', 'praveenkumar@aptransco.co.in', '29AADCC9174H1ZA', 1, 1, '2019-11-10 16:07:49', '2019-11-10 21:37:49'),
(6, 5, 'Vidyut Soudha, Gunadala,Eluru Rd, Vijayawada, Andhra Pradesh 520004', 'Praveen Kumar', '87845613366', 'praveenkumar@aptransco.co.in', '29AADCC9174H1ZA', 1, 1, '2019-11-10 16:10:40', '2019-11-10 21:40:40'),
(7, 9, 'Vidyut Soudha, Gunadala,Eluru Rd, Vijayawada, Andhra Pradesh 520004', 'Praveen Kumar', '87845613366', 'praveenkumar@aptransco.co.in', '29AADCC9174H1ZA', 1, 1, '2019-11-10 16:19:45', '2019-11-10 21:49:45'),
(8, 10, '1st Main 3rd Cross Road, Sharadhamba Nagar, Jalahalli Village, Jalahalli, Bengaluru, Karnataka 56001', 'prabu', '8744662616', 'kumargs@venuselectricals.co.in', '25AABCO6063D1ZQ', 1, 1, '2019-11-13 12:14:18', '2019-11-13 17:44:18'),
(9, 7, 'Vidyut Soudha, Gunadala,Eluru Rd, Vijayawada, Andhra Pradesh 520004', 'Praveen Kumar', '87845613366', 'praveenkumar@aptransco.co.in', '29AADCC9174H1ZA', 1, 1, '2019-11-13 12:26:11', '2019-11-13 17:56:11'),
(10, 1, 'Vidyut Soudha, Gunadala,Eluru Rd, Vijayawada, Andhra Pradesh 520004', 'Praveen Kumar', '87845613366', 'praveenkumar@aptransco.co.in', '29AADCC9174H1ZA', 1, 1, '2019-11-13 14:59:41', '2019-11-13 20:29:41'),
(11, 1, 'Vidyut Soudha, Gunadala,Eluru Rd, Vijayawada, Andhra Pradesh 520004', 'Praveen Kumar', '87845613366', 'praveenkumar@aptransco.co.in', '29AADCC9174H1ZA', 1, 1, '2019-11-14 06:22:39', '2019-11-14 11:52:39'),
(12, 1, 'Vidyut Soudha, Gunadala,Eluru Rd, Vijayawada, Andhra Pradesh 520004', 'Praveen Kumar', '87845613366', 'praveenkumar@aptransco.co.in', '29AADCC9174H1ZA', 1, 1, '2019-11-14 06:39:55', '2019-11-14 12:09:55'),
(13, 1, 'Vidyut Soudha, Gunadala,Eluru Rd, Vijayawada, Andhra Pradesh 520004', 'Praveen Kumar', '87845613366', 'praveenkumar@aptransco.co.in', '29AADCC9174H1ZA', 1, 1, '2019-11-14 06:41:45', '2019-11-14 12:11:45'),
(14, 12, '1st Main 3rd Cross Road, Sharadhamba Nagar,Jalahalli Village, Jalahalli, Bengaluru, Karnataka 560013', 'prabu', '8744662616', 'kumargs@venuselectricals.co.in', '25AABCO6063D1ZQ', 1, 1, '2019-11-21 07:02:20', '2019-11-21 12:32:20'),
(15, 40220001, 'Plot No. 54, Beside Riya-Revti Resort, Opp. Ambe Vidhyalaya, 390008, Sama-Savli Rd, Chanakyapuri Society, Kasturba Nagar, New Sama, Vadodara, Gujarat 391740', 'NikalKumar', '7463234499', 'nikalkumar.n@pgcil.com', '24AAACP0252G1ZZ', 1, 1, '2019-12-10 09:14:37', '2019-12-10 14:44:37'),
(16, 40220001, 'Plot No. 54, Beside Riya-Revti Resort, Opp. Ambe Vidhyalaya, 390008, Sama-Savli Rd, Chanakyapuri Society, Kasturba Nagar, New Sama, Vadodara, Gujarat 391740', 'NikalKumar', '7463234499', 'nikalkumar.n@pgcil.com', '24AAACP0252G1ZZ', 1, 1, '2019-12-02 05:18:18', '2019-12-02 10:48:18'),
(17, 40220002, '1st Main 3rd Cross Road, Sharadhamba Nagar, Jalahalli Village, Jalahalli, Bengaluru, Karnataka 560013', 'prabu', '8744662616', 'kumargs@venuselectricals.co.in', '25AABCO6063D1ZQ', 1, 1, '2019-12-02 06:50:32', '2019-12-02 12:20:32'),
(18, 40220003, 'Plot No. 54, Beside Riya-Revti Resort, Opp. Ambe Vidhyalaya, 390008, Sama-Savli Rd, Chanakyapuri Society, Kasturba Nagar, New Sama, Vadodara, Gujarat 391740', 'NikalKumar', '7463234499', 'nikalkumar.n@pgcil.com', '24AAACP0252G1ZZ', 1, 1, '2019-12-02 06:58:24', '2019-12-02 12:28:24'),
(19, 40220001, 'Plot No. 54, Beside Riya-Revti Resort, Opp. Ambe Vidhyalaya, 390008, Sama-Savli Rd, Chanakyapuri Society, Kasturba Nagar, New Sama, Vadodara, Gujarat 391740', 'NikalKumar', '7463234499', 'nikalkumar.n@pgcil.com', '24AAACP0252G1ZZ', 1, 1, '2019-12-10 08:21:42', '2019-12-10 13:51:42'),
(20, 40220005, 'Plot No. 54, Beside Riya-Revti Resort, Opp. Ambe Vidhyalaya, 390008, Sama-Savli Rd, Chanakyapuri Society, Kasturba Nagar, New Sama, Vadodara, Gujarat 391740', 'NikalKumar', '7463234499', 'nikalkumar.n@pgcil.com', '24AAACP0252G1ZZ', 1, 1, '2019-12-10 08:22:59', '2019-12-10 13:52:59'),
(21, 40220004, '1st Main 3rd Cross Road, Sharadhamba Nagar, Jalahalli Village, Jalahalli, Bengaluru, Karnataka 560013', 'prabu', '8744662616', 'kumargs@venuselectricals.co.in', '25AABCO6063D1ZQ', 1, 1, '2019-12-12 04:54:35', '2019-12-12 10:24:35'),
(22, 40220004, '1st Main 3rd Cross Road, Sharadhamba Nagar, Jalahalli Village, Jalahalli, Bengaluru, Karnataka 560013', 'prabu', '8744662616', 'kumargs@venuselectricals.co.in', '25AABCO6063D1ZQ', 1, 1, '2019-12-16 11:59:18', '2019-12-16 17:29:18'),
(23, 40220004, '1st Main 3rd Cross Road, Sharadhamba Nagar, Jalahalli Village, Jalahalli, Bengaluru, Karnataka 560013', 'prabu', '8744662616', 'kumargs@venuselectricals.co.in', '25AABCO6063D1ZQ', 1, 1, '2019-12-16 14:08:54', '2019-12-16 19:38:54'),
(24, 40220001, 'Plot No. 54, Beside Riya-Revti Resort, Opp. Ambe Vidhyalaya, 390008, Sama-Savli Rd, Chanakyapuri Society, Kasturba Nagar, New Sama, Vadodara, Gujarat 391740', 'NikalKumar', '7463234499', 'nikalkumar.n@pgcil.com', '24AAACP0252G1ZZ', 1, 1, '2019-12-19 08:22:33', '2019-12-19 13:52:33'),
(25, 40220004, '1st Main 3rd Cross Road, Sharadhamba Nagar, Jalahalli Village, Jalahalli, Bengaluru, Karnataka 560013', 'prabu', '8744662616', 'kumargs@venuselectricals.co.in', '25AABCO6063D1ZQ', 1, 1, '2019-12-19 12:09:03', '2019-12-19 17:39:03'),
(26, 40220004, '1st Main 3rd Cross Road, Sharadhamba Nagar, Jalahalli Village, Jalahalli, Bengaluru, Karnataka 560013', 'prabu', '8744662616', 'kumargs@venuselectricals.co.in', '25AABCO6063D1ZQ', 1, 1, '2019-12-23 07:09:19', '2019-12-23 12:39:19'),
(27, 40220004, '1st Main 3rd Cross Road, Sharadhamba Nagar, Jalahalli Village, Jalahalli, Bengaluru, Karnataka 560013', 'prabu', '8744662616', 'kumargs@venuselectricals.co.in', '25AABCO6063D1ZQ', 1, 1, '2019-12-23 11:01:01', '2019-12-23 16:31:01'),
(28, 40220004, '1st Main 3rd Cross Road, Sharadhamba Nagar, Jalahalli Village, Jalahalli, Bengaluru, Karnataka 560013', 'prabu', '8744662616', 'kumargs@venuselectricals.co.in', '25AABCO6063D1ZQ', 1, 1, '2019-12-24 05:59:30', '2019-12-24 11:29:30'),
(29, 40220004, '1st Main 3rd Cross Road, Sharadhamba Nagar, Jalahalli Village, Jalahalli, Bengaluru, Karnataka 560013', 'prabu', '8744662616', 'kumargs@venuselectricals.co.in', '25AABCO6063D1ZQ', 1, 1, '2019-12-24 06:02:45', '2019-12-24 11:32:45'),
(30, 40220011, '1st Main 3rd Cross Road, Sharadhamba Nagar, Jalahalli Village, Jalahalli, Bengaluru, Karnataka 560013', 'prabu', '8744662616', 'kumargs@venuselectricals.co.in', '25AABCO6063D1ZQ', 1, 1, '2019-12-24 06:27:48', '2019-12-24 11:57:48'),
(31, 40220011, '1st Main 3rd Cross Road, Sharadhamba Nagar, Jalahalli Village, Jalahalli, Bengaluru, Karnataka 560013', 'prabu', '8744662616', 'kumargs@venuselectricals.co.in', '25AABCO6063D1ZQ', 1, 1, '2019-12-24 07:33:22', '2019-12-24 13:03:22');

-- --------------------------------------------------------

--
-- Table structure for table `rma_unit_information`
--

CREATE TABLE `rma_unit_information` (
  `id` bigint(11) NOT NULL,
  `rma_id` bigint(11) NOT NULL,
  `pv_id` bigint(11) NOT NULL,
  `sw_version` varchar(50) DEFAULT NULL,
  `service_type` tinyint(11) NOT NULL COMMENT '1.Physical,2.SiteCard',
  `desc_of_fault` varchar(200) DEFAULT NULL,
  `sales_order_no` varchar(50) DEFAULT NULL,
  `field_volts_used` tinyint(4) NOT NULL,
  `equip_failed_on_installation` tinyint(4) NOT NULL,
  `equip_failed_on_service` tinyint(4) NOT NULL,
  `how_long` varchar(100) DEFAULT NULL,
  `created_by` int(11) NOT NULL,
  `updated_by` int(11) NOT NULL,
  `created_at` timestamp NOT NULL DEFAULT CURRENT_TIMESTAMP ON UPDATE CURRENT_TIMESTAMP,
  `updated_at` datetime NOT NULL
) ENGINE=InnoDB DEFAULT CHARSET=latin1;

--
-- Dumping data for table `rma_unit_information`
--

INSERT INTO `rma_unit_information` (`id`, `rma_id`, `pv_id`, `sw_version`, `service_type`, `desc_of_fault`, `sales_order_no`, `field_volts_used`, `equip_failed_on_installation`, `equip_failed_on_service`, `how_long`, `created_by`, `updated_by`, `created_at`, `updated_at`) VALUES
(1, 2, 104, '52_M', 1, 'Display LED fault', NULL, 0, 0, 0, NULL, 1, 1, '2019-11-09 18:35:51', '2019-11-10 00:05:51'),
(2, 3, 105, NULL, 1, 'Battery fault', NULL, 0, 0, 0, NULL, 1, 1, '2019-11-09 18:41:23', '2019-11-10 00:11:23'),
(3, 4, 106, NULL, 1, 'Battery fail Error', NULL, 0, 0, 0, NULL, 1, 1, '2019-11-09 18:42:53', '2019-11-10 00:12:53'),
(4, 6, 108, NULL, 1, 'CT1 FAULT', NULL, 0, 0, 0, NULL, 1, 1, '2019-11-10 06:03:53', '2019-11-10 11:33:53'),
(5, 6, 109, NULL, 1, 'VT 2 Fault', NULL, 0, 0, 0, NULL, 1, 1, '2019-11-10 06:03:53', '2019-11-10 11:33:53'),
(6, 8, 114, NULL, 1, 'NIL', '', 0, 0, 0, '', 1, 1, '2019-11-10 16:07:49', '2019-11-10 21:37:49'),
(7, 5, 112, NULL, 1, 'NA', '', 0, 0, 0, '', 1, 1, '2019-11-10 16:10:40', '2019-11-10 21:40:40'),
(8, 9, 115, '53A', 2, 'NIL', '', 0, 0, 0, '', 1, 1, '2019-11-10 16:19:46', '2019-11-10 21:49:46'),
(9, 10, 117, '52_A', 1, 'keypad not working', NULL, 0, 0, 0, '2 weeks', 1, 1, '2019-11-13 12:14:18', '2019-11-13 17:44:18'),
(10, 10, 118, '52_A', 1, 'RL 1 Contact not making.', NULL, 0, 0, 0, NULL, 1, 1, '2019-11-13 12:14:18', '2019-11-13 17:44:18'),
(11, 10, 107, '52-A', 1, 'RL23 fail', NULL, 0, 0, 0, NULL, 1, 1, '2019-11-13 12:14:18', '2019-11-13 17:44:18'),
(12, 10, 113, NULL, 1, 'CT burnt', NULL, 0, 0, 0, NULL, 1, 1, '2019-11-13 12:14:18', '2019-11-13 17:44:18'),
(13, 7, 110, NULL, 1, '', NULL, 0, 0, 0, '', 1, 1, '2019-11-13 12:26:11', '2019-11-13 17:56:11'),
(14, 1, 119, NULL, 1, '', NULL, 0, 0, 0, '', 1, 1, '2019-11-13 14:59:41', '2019-11-13 20:29:41'),
(15, 1, 125, NULL, 1, '', '', 0, 0, 0, '', 1, 1, '2019-11-14 06:22:39', '2019-11-14 11:52:39'),
(16, 1, 126, NULL, 1, '', '', 0, 0, 0, '', 1, 1, '2019-11-14 06:22:39', '2019-11-14 11:52:39'),
(17, 1, 120, NULL, 1, '', '', 0, 0, 0, '', 1, 1, '2019-11-14 06:39:55', '2019-11-14 12:09:55'),
(18, 1, 121, 'ZCVZdfs', 1, '', '', 0, 0, 0, '', 1, 1, '2019-11-14 06:39:55', '2019-11-14 12:09:55'),
(19, 1, 127, NULL, 1, '', '', 0, 0, 0, '', 1, 1, '2019-11-14 06:41:45', '2019-11-14 12:11:45'),
(20, 1, 128, NULL, 1, '', '', 0, 0, 0, '', 1, 1, '2019-11-14 06:41:45', '2019-11-14 12:11:45'),
(21, 12, 132, 'ASD', 2, '', 'SDFAFEWF', 0, 0, 0, '', 1, 1, '2019-11-21 07:02:20', '2019-11-21 12:32:20'),
(22, 12, 133, 'VCZARWA', 2, '', 'SDFSDFSD', 0, 0, 0, '', 1, 1, '2019-11-21 07:02:20', '2019-11-21 12:32:20'),
(23, 12, 134, 'ZCA', 2, '', 'SDFSDFSD', 0, 0, 0, '', 1, 1, '2019-11-21 07:02:20', '2019-11-21 12:32:20'),
(24, 12, 135, 'EFEFWE', 2, '', 'SFCVXVX', 0, 0, 0, '', 1, 1, '2019-11-21 07:02:20', '2019-11-21 12:32:20'),
(25, 12, 136, 'XCV', 2, '', 'XCVCCX', 0, 0, 0, 'VZVCASEFE', 1, 1, '2019-11-21 07:02:20', '2019-11-21 12:32:20'),
(26, 40220001, 1, NULL, 1, NULL, NULL, 0, 0, 0, NULL, 1, 1, '2019-12-10 09:14:37', '2019-12-10 14:44:37'),
(27, 40220002, 2, 'AS', 2, NULL, NULL, 0, 0, 0, NULL, 1, 1, '2019-12-02 06:50:32', '2019-12-02 12:20:32'),
(28, 40220003, 3, 'VZA', 2, NULL, NULL, 0, 0, 0, NULL, 1, 1, '2019-12-02 06:58:24', '2019-12-02 12:28:24'),
(29, 40220001, 4, NULL, 1, 'Unit Failed', NULL, 0, 0, 0, NULL, 1, 1, '2019-12-10 09:14:37', '2019-12-10 14:44:37'),
(30, 40220005, 6, NULL, 2, '', '', 0, 0, 0, '', 1, 1, '2019-12-10 08:22:59', '2019-12-10 13:52:59'),
(31, 40220004, 5, NULL, 1, '', '', 0, 0, 0, '', 1, 1, '2019-12-12 04:54:35', '2019-12-12 10:24:35'),
(32, 40220004, 8, 'XCAFA', 1, '', '', 0, 0, 0, '', 1, 1, '2019-12-16 11:59:18', '2019-12-16 17:29:18'),
(33, 40220004, 9, 'SDFSAF', 1, '', '', 0, 0, 0, '', 1, 1, '2019-12-16 14:08:54', '2019-12-16 19:38:54'),
(34, 40220001, 7, NULL, 1, '', '', 0, 0, 0, '', 1, 1, '2019-12-19 08:22:33', '2019-12-19 13:52:33'),
(35, 40220004, 10, NULL, 1, '', '', 0, 0, 0, '', 1, 1, '2019-12-19 12:09:03', '2019-12-19 17:39:03'),
(36, 40220004, 11, NULL, 1, '', '', 0, 0, 0, '', 1, 1, '2019-12-19 12:09:03', '2019-12-19 17:39:03'),
(37, 40220004, 5, NULL, 1, '', '', 0, 0, 0, '', 1, 1, '2019-12-23 07:09:19', '2019-12-23 12:39:19'),
(38, 40220004, 12, NULL, 1, '', '', 0, 0, 0, '', 1, 1, '2019-12-23 11:01:01', '2019-12-23 16:31:01'),
(39, 40220004, 13, NULL, 1, '', '', 0, 0, 0, '', 1, 1, '2019-12-23 11:01:01', '2019-12-23 16:31:01'),
(40, 40220004, 5, NULL, 1, '', '', 0, 0, 0, '', 1, 1, '2019-12-24 05:59:30', '2019-12-24 11:29:30'),
(41, 40220004, 14, NULL, 1, '', '', 0, 0, 0, '', 1, 1, '2019-12-24 06:02:45', '2019-12-24 11:32:45'),
(42, 40220011, 16, NULL, 1, '', '', 0, 0, 0, '', 1, 1, '2019-12-24 06:27:48', '2019-12-24 11:57:48'),
(43, 40220011, 17, NULL, 1, '', '', 0, 0, 0, '', 1, 1, '2019-12-24 07:33:22', '2019-12-24 13:03:22');

-- --------------------------------------------------------

--
-- Table structure for table `rma_unit_serial_number`
--

CREATE TABLE `rma_unit_serial_number` (
  `id` bigint(11) NOT NULL,
  `rma_unit_information_id` bigint(11) NOT NULL,
  `serial_number` varchar(10) NOT NULL,
  `created_by` int(11) NOT NULL,
  `updated_by` int(11) NOT NULL,
  `created_at` timestamp NOT NULL DEFAULT CURRENT_TIMESTAMP ON UPDATE CURRENT_TIMESTAMP,
  `updated_at` datetime NOT NULL
) ENGINE=InnoDB DEFAULT CHARSET=latin1;

-- --------------------------------------------------------

--
-- Table structure for table `rms`
--

CREATE TABLE `rms` (
  `pv_id` bigint(20) NOT NULL,
  `rack_id` varchar(15) DEFAULT NULL,
  `rack_type` tinyint(4) DEFAULT NULL COMMENT '1.Repair, 2.Customer Rack, 3.Post Lab, 4.Application Lab, 5.PV Rack',
  `moved_date` date NOT NULL,
  `updated_at` timestamp NOT NULL DEFAULT CURRENT_TIMESTAMP,
  `created_at` timestamp NOT NULL DEFAULT CURRENT_TIMESTAMP,
  `updated_by` bigint(20) NOT NULL,
  `created_by` bigint(20) NOT NULL
) ENGINE=InnoDB DEFAULT CHARSET=latin1;

--
-- Dumping data for table `rms`
--

INSERT INTO `rms` (`pv_id`, `rack_id`, `rack_type`, `moved_date`, `updated_at`, `created_at`, `updated_by`, `created_by`) VALUES
(5, '', 1, '2019-12-23', '2019-12-23 10:54:37', '2019-12-10 07:42:23', 1, 1),
(6, '', 1, '2019-12-10', '2019-12-10 09:47:09', '2019-12-10 09:47:09', 1, 1),
(7, '', 1, '2019-12-19', '2019-12-19 08:22:49', '2019-12-12 05:11:43', 1, 1),
(8, '', 1, '2019-12-16', '2019-12-16 11:59:40', '2019-12-16 11:58:31', 1, 1),
(9, '', 1, '2019-12-16', '2019-12-16 14:09:14', '2019-12-16 14:07:08', 1, 1),
(10, '', 1, '2019-12-19', '2019-12-19 12:11:24', '2019-12-19 12:06:49', 1, 1),
(14, '', 1, '2019-12-27', '2019-12-27 08:55:03', '2019-12-24 06:01:25', 1, 1),
(15, '', 5, '2019-12-24', '2019-12-24 06:04:47', '2019-12-24 06:04:47', 1, 1),
(16, '', 1, '2019-12-27', '2019-12-27 09:19:56', '2019-12-24 06:19:20', 1, 1),
(17, '', 5, '2019-12-24', '2019-12-24 06:22:11', '2019-12-24 06:22:11', 1, 1),
(18, '', 5, '2019-12-24', '2019-12-24 07:34:15', '2019-12-24 07:34:15', 1, 1),
(19, '', 5, '2019-12-27', '2019-12-27 08:20:30', '2019-12-27 08:20:30', 1, 1),
(104, 'RC12', 0, '2019-11-10', '2019-11-10 06:18:30', '2019-11-09 18:36:48', 1, 1),
(105, '', 0, '2019-11-10', '2019-11-09 18:44:09', '2019-11-09 18:44:09', 1, 1),
(107, '', 1, '2019-11-14', '2019-11-14 06:36:29', '2019-11-14 06:36:29', 1, 1),
(114, '', 0, '2019-11-10', '2019-11-10 16:11:05', '2019-11-10 16:11:05', 1, 1),
(125, '', 0, '2019-11-14', '2019-11-14 06:26:13', '2019-11-14 06:19:13', 1, 1),
(126, '', 5, '2019-11-14', '2019-11-14 06:29:32', '2019-11-14 06:21:39', 1, 1),
(127, '', 1, '2019-11-14', '2019-11-14 06:47:12', '2019-11-14 06:40:46', 1, 1),
(128, '', 2, '2019-11-14', '2019-11-14 06:47:28', '2019-11-14 06:41:04', 1, 1),
(129, '', 5, '2019-11-14', '2019-11-14 10:50:37', '2019-11-14 10:50:37', 1, 1),
(130, '', 5, '2019-11-14', '2019-11-14 10:56:20', '2019-11-14 10:56:20', 1, 1),
(131, '', 5, '2019-11-20', '2019-11-20 05:37:01', '2019-11-20 05:37:01', 1, 1),
(132, '', 1, '2019-11-21', '2019-11-21 07:23:18', '2019-11-21 07:23:18', 1, 1),
(133, '', 1, '2019-11-21', '2019-11-21 07:23:18', '2019-11-21 07:23:18', 1, 1),
(134, '', 1, '2019-11-21', '2019-11-21 07:23:18', '2019-11-21 07:23:18', 1, 1),
(135, '', 1, '2019-11-21', '2019-11-21 07:23:18', '2019-11-21 07:23:18', 1, 1),
(136, '', 1, '2019-11-21', '2019-11-21 07:23:18', '2019-11-21 07:23:18', 1, 1),
(137, '', 5, '2019-11-25', '2019-11-25 07:52:29', '2019-11-25 07:52:29', 1, 1),
(138, '', 5, '2019-11-25', '2019-11-25 07:52:44', '2019-11-25 07:52:44', 1, 1),
(139, '', 5, '2019-11-25', '2019-11-25 07:56:24', '2019-11-25 07:56:24', 1, 1);

-- --------------------------------------------------------

--
-- Table structure for table `roles`
--

CREATE TABLE `roles` (
  `id` int(10) UNSIGNED NOT NULL,
  `name` varchar(255) COLLATE utf8mb4_unicode_ci NOT NULL
) ENGINE=InnoDB DEFAULT CHARSET=utf8mb4 COLLATE=utf8mb4_unicode_ci;

--
-- Dumping data for table `roles`
--

INSERT INTO `roles` (`id`, `name`) VALUES
(1, 'Admin'),
(2, 'Inbound User');

-- --------------------------------------------------------

--
-- Table structure for table `role_user`
--

CREATE TABLE `role_user` (
  `user_id` bigint(20) UNSIGNED NOT NULL,
  `role_id` int(10) UNSIGNED NOT NULL
) ENGINE=InnoDB DEFAULT CHARSET=utf8mb4 COLLATE=utf8mb4_unicode_ci;

--
-- Dumping data for table `role_user`
--

INSERT INTO `role_user` (`user_id`, `role_id`) VALUES
(1, 1),
(4, 2),
(5, 2),
(2, 2);

-- --------------------------------------------------------

--
-- Table structure for table `users`
--

CREATE TABLE `users` (
  `id` bigint(20) UNSIGNED NOT NULL,
  `name` varchar(255) COLLATE utf8mb4_unicode_ci NOT NULL,
  `email` varchar(255) COLLATE utf8mb4_unicode_ci NOT NULL,
  `email_verified_at` timestamp NULL DEFAULT NULL,
  `password` varchar(500) COLLATE utf8mb4_unicode_ci NOT NULL,
  `remember_token` varchar(100) COLLATE utf8mb4_unicode_ci DEFAULT NULL,
  `created_at` timestamp NULL DEFAULT NULL,
  `updated_at` timestamp NULL DEFAULT NULL,
  `created_by` tinyint(11) NOT NULL,
  `updated_by` tinyint(11) NOT NULL
) ENGINE=InnoDB DEFAULT CHARSET=utf8mb4 COLLATE=utf8mb4_unicode_ci;

--
-- Dumping data for table `users`
--

INSERT INTO `users` (`id`, `name`, `email`, `email_verified_at`, `password`, `remember_token`, `created_at`, `updated_at`, `created_by`, `updated_by`) VALUES
(1, 'Admin', 'admin@admin.com', NULL, '$2y$10$cml2/aLiRi345NMh0L5Zt.gZUJzCATgulxM6krtplr9iW7Pk2uaHG', NULL, NULL, NULL, 0, 0),
(2, 'Inbound User', 'iu@iu.com', NULL, '$2y$10$1Txo56Y26edjgaEWk/IT3O80k1430PONZrSYGtguByIkJRKYJQliu', NULL, NULL, '2019-10-29 08:19:47', 0, 1),
(4, 'Sujan', 'sujan@su.com', NULL, '$2y$10$GFHFDMKUHa.LABP5RgiQje86qTii5SOG.i3V62U5cOTK9/NMsIVjC', NULL, '2019-08-27 01:31:44', '2019-08-27 01:31:44', 0, 0),
(5, 'Arun', 'arun@designtovr.com', NULL, '$2y$10$ccCJ0gDNrV2LbHfTF6w2vOoXvrsm91TZL7Wo.Pslgd9ytOg5SHpxW', NULL, '2019-10-29 07:13:26', '2019-10-29 07:13:26', 0, 0);

-- --------------------------------------------------------

--
-- Table structure for table `verification_completion`
--

CREATE TABLE `verification_completion` (
  `pv_id` bigint(20) NOT NULL,
  `updated_no_of_terminal_blocks` varchar(11) DEFAULT NULL,
  `updated_sw_version` varchar(100) DEFAULT NULL,
  `updated_no_of_short_links` smallint(6) DEFAULT NULL,
  `clio_test` tinyint(1) NOT NULL,
  `rtd_test` tinyint(1) NOT NULL,
  `nic_test` tinyint(1) NOT NULL,
  `received_with_screws` tinyint(1) NOT NULL,
  `received_with_terminal` tinyint(1) NOT NULL,
  `case` tinyint(4) NOT NULL,
  `battery` tinyint(4) NOT NULL,
  `flops` tinyint(4) NOT NULL,
  `created_by` tinyint(4) NOT NULL,
  `updated_by` int(11) NOT NULL,
  `created_at` timestamp NOT NULL DEFAULT CURRENT_TIMESTAMP,
  `updated_at` datetime NOT NULL
) ENGINE=InnoDB DEFAULT CHARSET=latin1;

--
-- Dumping data for table `verification_completion`
--

INSERT INTO `verification_completion` (`pv_id`, `updated_no_of_terminal_blocks`, `updated_sw_version`, `updated_no_of_short_links`, `clio_test`, `rtd_test`, `nic_test`, `received_with_screws`, `received_with_terminal`, `case`, `battery`, `flops`, `created_by`, `updated_by`, `created_at`, `updated_at`) VALUES
(1, NULL, NULL, NULL, 0, 0, 0, 1, 0, 1, 1, 0, 1, 1, '2019-12-19 07:39:46', '2019-12-19 13:09:46'),
(2, NULL, NULL, NULL, 1, 0, 1, 0, 1, 0, 1, 0, 1, 1, '2019-12-09 05:08:14', '2019-12-09 10:38:14'),
(3, NULL, NULL, NULL, 0, 0, 0, 0, 0, 0, 1, 0, 1, 1, '2019-12-10 11:20:27', '2019-12-10 16:50:27'),
(4, '0803', 'dfagqwtq3t4', 0, 0, 0, 0, 1, 0, 1, 1, 0, 1, 1, '2019-12-10 10:09:02', '2019-12-10 15:39:02'),
(5, NULL, NULL, NULL, 0, 0, 0, 0, 0, 0, 1, 0, 1, 1, '2019-12-12 04:56:00', '2019-12-12 10:26:00'),
(6, NULL, NULL, NULL, 0, 0, 0, 0, 0, 0, 1, 0, 1, 1, '2019-12-12 04:15:42', '2019-12-12 09:45:42'),
(7, NULL, NULL, NULL, 1, 0, 1, 0, 0, 1, 1, 0, 1, 1, '2019-12-19 08:47:00', '2019-12-19 14:17:00'),
(8, NULL, NULL, NULL, 0, 0, 0, 1, 0, 1, 1, 0, 1, 1, '2019-12-16 14:05:30', '2019-12-16 19:35:30'),
(9, NULL, NULL, NULL, 0, 0, 0, 1, 0, 1, 1, 0, 1, 1, '2019-12-16 14:10:43', '2019-12-16 19:40:43'),
(10, NULL, NULL, NULL, 0, 1, 1, 0, 1, 1, 1, 0, 1, 1, '2019-12-19 12:18:09', '2019-12-19 17:48:09'),
(11, NULL, NULL, NULL, 0, 0, 0, 1, 0, 1, 1, 0, 1, 1, '2019-12-23 11:25:38', '2019-12-23 16:55:38'),
(12, NULL, NULL, NULL, 0, 0, 0, 1, 1, 1, 1, 0, 1, 1, '2019-12-23 11:25:52', '2019-12-23 16:55:52'),
(13, NULL, NULL, NULL, 0, 0, 0, 1, 1, 1, 1, 0, 1, 1, '2019-12-23 11:25:58', '2019-12-23 16:55:58'),
(14, NULL, NULL, NULL, 0, 0, 0, 1, 1, 1, 1, 0, 1, 1, '2019-12-27 08:59:06', '2019-12-27 14:29:06'),
(16, '0201', '50k', 0, 0, 0, 0, 1, 0, 0, 1, 0, 1, 1, '2019-12-27 10:04:26', '2019-12-27 15:34:26'),
(104, NULL, NULL, NULL, 1, 1, 1, 1, 1, 0, 0, 0, 1, 1, '2019-11-09 18:51:44', '2019-11-10 00:21:44'),
(106, NULL, NULL, NULL, 0, 0, 0, 0, 0, 0, 0, 0, 1, 1, '2019-11-14 06:52:22', '2019-11-14 12:22:22'),
(107, '0912', 'XCVAFCa', 0, 0, 0, 0, 0, 0, 1, 1, 1, 1, 1, '2019-11-20 02:49:11', '2019-11-20 08:19:11'),
(114, NULL, NULL, NULL, 0, 0, 1, 1, 1, 0, 0, 0, 1, 1, '2019-11-10 16:13:45', '2019-11-10 21:43:45'),
(125, '0989', 'CAFA', 34, 0, 0, 0, 0, 0, 0, 0, 0, 1, 1, '2019-11-20 02:52:38', '2019-11-20 08:22:38'),
(126, NULL, NULL, NULL, 0, 0, 0, 0, 0, 0, 0, 0, 1, 1, '2019-11-21 02:36:57', '2019-11-21 08:06:57');

-- --------------------------------------------------------

--
-- Table structure for table `warranty`
--

CREATE TABLE `warranty` (
  `id` int(11) NOT NULL,
  `pv_id` bigint(11) DEFAULT NULL,
  `smp` tinyint(11) DEFAULT NULL,
  `pcp` tinyint(11) DEFAULT NULL,
  `type` tinyint(11) DEFAULT NULL,
  `move` tinyint(11) DEFAULT NULL,
  `rca` tinyint(11) DEFAULT NULL,
  `comment` varchar(200) DEFAULT NULL,
  `mail_to` varchar(100) DEFAULT NULL,
  `cc` varchar(100) DEFAULT NULL,
  `message` varchar(100) DEFAULT NULL,
  `po` varchar(50) DEFAULT NULL,
  `wbs` varchar(50) DEFAULT NULL,
  `updated_at` timestamp NULL DEFAULT NULL,
  `updated_by` tinyint(4) DEFAULT NULL,
  `created_at` timestamp NULL DEFAULT NULL,
  `created_by` tinyint(4) DEFAULT NULL
) ENGINE=InnoDB DEFAULT CHARSET=latin1;

--
-- Dumping data for table `warranty`
--

INSERT INTO `warranty` (`id`, `pv_id`, `smp`, `pcp`, `type`, `move`, `rca`, `comment`, `mail_to`, `cc`, `message`, `po`, `wbs`, `updated_at`, `updated_by`, `created_at`, `created_by`) VALUES
(1, 104, 2, 2, 1, 1, 0, 'NIL', NULL, NULL, NULL, '', '', '2019-11-09 18:36:48', 1, '2019-11-09 18:36:48', 1),
(2, 105, 1, 2, 1, 2, 0, 'waiting for approval', NULL, NULL, NULL, '', '576665', '2019-11-09 18:44:08', 1, '2019-11-09 18:44:08', 1),
(3, 106, 2, 2, 1, 1, 0, '', NULL, NULL, NULL, '', '', '2019-11-10 06:12:33', 1, '2019-11-10 06:12:33', 1),
(4, 114, 2, 2, 1, 1, 0, '', NULL, NULL, NULL, '', '', '2019-11-10 16:11:05', 1, '2019-11-10 16:11:05', 1),
(5, 125, 2, 2, 1, 1, 0, '', NULL, NULL, NULL, '', '', '2019-11-14 06:26:13', 1, '2019-11-14 06:26:13', 1),
(6, 126, 2, 2, 1, 1, 0, '', NULL, NULL, NULL, '', '', '2019-11-14 06:29:32', 1, '2019-11-14 06:29:32', 1),
(7, 107, 2, 2, 1, 1, 0, '', NULL, NULL, NULL, '', '', '2019-11-14 06:36:27', 1, '2019-11-14 06:36:27', 1),
(12, 127, 2, 2, 1, 1, 0, '', NULL, NULL, NULL, '', '', '2019-11-14 06:47:12', 1, '2019-11-14 06:47:12', 1),
(13, 128, 2, 2, 1, 2, 0, '', NULL, NULL, NULL, '', '', '2019-11-14 06:47:28', 1, '2019-11-14 06:47:28', 1),
(14, 132, 2, 2, 1, 1, 0, '', NULL, NULL, NULL, '', '', '2019-11-21 07:23:18', 1, '2019-11-21 07:23:18', 1),
(15, 133, 2, 2, 1, 1, 0, '', NULL, NULL, NULL, '', '', '2019-11-21 07:23:18', 1, '2019-11-21 07:23:18', 1),
(16, 134, 2, 2, 1, 1, 0, '', NULL, NULL, NULL, '', '', '2019-11-21 07:23:18', 1, '2019-11-21 07:23:18', 1),
(17, 135, 2, 2, 1, 1, 0, '', NULL, NULL, NULL, '', '', '2019-11-21 07:23:18', 1, '2019-11-21 07:23:18', 1),
(18, 136, 2, 2, 1, 1, 0, '', NULL, NULL, NULL, '', '', '2019-11-21 07:23:18', 1, '2019-11-21 07:23:18', 1),
(20, 2, 2, 2, 1, 1, 0, '', NULL, NULL, NULL, '', '', '2019-12-02 07:48:41', 1, '2019-12-02 07:48:41', 1),
(21, 3, 2, 2, 1, 1, 0, '', NULL, NULL, NULL, '', '', '2019-12-09 05:29:36', 1, '2019-12-09 05:29:36', 1),
(25, 4, 2, 2, 1, 1, 0, '', NULL, NULL, NULL, '', '', '2019-12-10 09:17:19', 1, '2019-12-10 09:17:19', 1),
(26, 6, 2, 2, 1, 1, 0, '', NULL, NULL, NULL, '', '', '2019-12-10 09:47:09', 1, '2019-12-10 09:47:09', 1),
(31, 8, 2, 2, 1, 1, 0, '', NULL, NULL, NULL, '', '', '2019-12-16 11:59:40', 1, '2019-12-16 11:59:40', 1),
(32, 9, 2, 2, 1, 1, 0, '', NULL, NULL, NULL, '', '', '2019-12-16 14:09:14', 1, '2019-12-16 14:09:14', 1),
(33, 1, 2, 2, 3, 1, 0, '', NULL, NULL, NULL, '', '', '2019-12-19 06:58:27', 1, '2019-12-19 06:58:27', 1),
(34, 7, 2, 2, 2, 1, 0, '', NULL, NULL, NULL, '', '', '2019-12-19 08:22:49', 1, '2019-12-19 08:22:49', 1),
(35, 10, 2, 2, 2, 1, 0, '', NULL, NULL, NULL, '', '', '2019-12-19 12:11:24', 1, '2019-12-19 12:11:24', 1),
(36, 11, 2, 2, 2, 1, 0, '', NULL, NULL, NULL, '', '', '2019-12-19 12:11:24', 1, '2019-12-19 12:11:24', 1),
(38, 5, 2, 2, 1, 1, 0, '', NULL, NULL, NULL, '', '', '2019-12-23 10:54:31', 1, '2019-12-23 10:54:31', 1),
(39, 12, 2, 2, 1, 1, 0, '', NULL, NULL, NULL, '', '', '2019-12-23 11:01:51', 1, '2019-12-23 11:01:51', 1),
(40, 13, 2, 2, 1, 1, 0, '', NULL, NULL, NULL, '', '', '2019-12-23 11:01:54', 1, '2019-12-23 11:01:54', 1),
(41, 14, 2, 2, 1, 1, 0, 'NA', NULL, NULL, NULL, '', '', '2019-12-27 08:54:57', 1, '2019-12-27 08:54:57', 1),
(42, 16, 2, 2, 1, 1, 0, 'NA', NULL, NULL, NULL, '', '', '2019-12-27 09:19:52', 1, '2019-12-27 09:19:52', 1);

--
-- Indexes for dumped tables
--

--
-- Indexes for table `aging`
--
ALTER TABLE `aging`
  ADD UNIQUE KEY `pv_id` (`pv_id`);

--
-- Indexes for table `auto_test_bench`
--
ALTER TABLE `auto_test_bench`
  ADD UNIQUE KEY `pv_id` (`pv_id`);

--
-- Indexes for table `dispatch`
--
ALTER TABLE `dispatch`
  ADD PRIMARY KEY (`id`);

--
-- Indexes for table `job_tickets`
--
ALTER TABLE `job_tickets`
  ADD PRIMARY KEY (`id`),
  ADD UNIQUE KEY `pv_id` (`pv_id`);

--
-- Indexes for table `job_ticket_materials`
--
ALTER TABLE `job_ticket_materials`
  ADD PRIMARY KEY (`id`);

--
-- Indexes for table `ma_customer`
--
ALTER TABLE `ma_customer`
  ADD PRIMARY KEY (`id`);

--
-- Indexes for table `ma_location`
--
ALTER TABLE `ma_location`
  ADD PRIMARY KEY (`id`);

--
-- Indexes for table `ma_manufacture`
--
ALTER TABLE `ma_manufacture`
  ADD PRIMARY KEY (`id`);

--
-- Indexes for table `ma_material`
--
ALTER TABLE `ma_material`
  ADD PRIMARY KEY (`id`);

--
-- Indexes for table `ma_material_type`
--
ALTER TABLE `ma_material_type`
  ADD PRIMARY KEY (`id`);

--
-- Indexes for table `ma_packing_style`
--
ALTER TABLE `ma_packing_style`
  ADD PRIMARY KEY (`id`);

--
-- Indexes for table `ma_product`
--
ALTER TABLE `ma_product`
  ADD PRIMARY KEY (`id`);

--
-- Indexes for table `ma_product_type`
--
ALTER TABLE `ma_product_type`
  ADD PRIMARY KEY (`id`);

--
-- Indexes for table `ma_pv_status`
--
ALTER TABLE `ma_pv_status`
  ADD PRIMARY KEY (`id`);

--
-- Indexes for table `ma_rack`
--
ALTER TABLE `ma_rack`
  ADD PRIMARY KEY (`id`);

--
-- Indexes for table `ma_rack_type`
--
ALTER TABLE `ma_rack_type`
  ADD PRIMARY KEY (`id`);

--
-- Indexes for table `ma_site`
--
ALTER TABLE `ma_site`
  ADD PRIMARY KEY (`id`);

--
-- Indexes for table `migrations`
--
ALTER TABLE `migrations`
  ADD PRIMARY KEY (`id`);

--
-- Indexes for table `physical_verification`
--
ALTER TABLE `physical_verification`
  ADD PRIMARY KEY (`id`);

--
-- Indexes for table `pv_status`
--
ALTER TABLE `pv_status`
  ADD UNIQUE KEY `pv_id` (`pv_id`);

--
-- Indexes for table `receipt`
--
ALTER TABLE `receipt`
  ADD PRIMARY KEY (`id`);

--
-- Indexes for table `rma`
--
ALTER TABLE `rma`
  ADD PRIMARY KEY (`id`);

--
-- Indexes for table `rma_delivery_address`
--
ALTER TABLE `rma_delivery_address`
  ADD PRIMARY KEY (`id`);

--
-- Indexes for table `rma_unit_information`
--
ALTER TABLE `rma_unit_information`
  ADD PRIMARY KEY (`id`);

--
-- Indexes for table `rma_unit_serial_number`
--
ALTER TABLE `rma_unit_serial_number`
  ADD PRIMARY KEY (`id`);

--
-- Indexes for table `rms`
--
ALTER TABLE `rms`
  ADD UNIQUE KEY `pv_id` (`pv_id`);

--
-- Indexes for table `roles`
--
ALTER TABLE `roles`
  ADD PRIMARY KEY (`id`);

--
-- Indexes for table `role_user`
--
ALTER TABLE `role_user`
  ADD KEY `role_user_user_id_foreign` (`user_id`),
  ADD KEY `role_user_role_id_foreign` (`role_id`);

--
-- Indexes for table `users`
--
ALTER TABLE `users`
  ADD PRIMARY KEY (`id`);

--
-- Indexes for table `verification_completion`
--
ALTER TABLE `verification_completion`
  ADD UNIQUE KEY `pv_id` (`pv_id`);

--
-- Indexes for table `warranty`
--
ALTER TABLE `warranty`
  ADD PRIMARY KEY (`id`),
  ADD UNIQUE KEY `pv_id` (`pv_id`);

--
-- AUTO_INCREMENT for dumped tables
--

--
-- AUTO_INCREMENT for table `dispatch`
--
ALTER TABLE `dispatch`
  MODIFY `id` bigint(20) NOT NULL AUTO_INCREMENT, AUTO_INCREMENT=14;

--
-- AUTO_INCREMENT for table `job_tickets`
--
ALTER TABLE `job_tickets`
  MODIFY `id` bigint(20) NOT NULL AUTO_INCREMENT, AUTO_INCREMENT=50;

--
-- AUTO_INCREMENT for table `job_ticket_materials`
--
ALTER TABLE `job_ticket_materials`
  MODIFY `id` bigint(20) NOT NULL AUTO_INCREMENT, AUTO_INCREMENT=88;

--
-- AUTO_INCREMENT for table `ma_customer`
--
ALTER TABLE `ma_customer`
  MODIFY `id` bigint(20) UNSIGNED NOT NULL AUTO_INCREMENT, AUTO_INCREMENT=6;

--
-- AUTO_INCREMENT for table `ma_location`
--
ALTER TABLE `ma_location`
  MODIFY `id` bigint(20) UNSIGNED NOT NULL AUTO_INCREMENT, AUTO_INCREMENT=742;

--
-- AUTO_INCREMENT for table `ma_manufacture`
--
ALTER TABLE `ma_manufacture`
  MODIFY `id` bigint(20) UNSIGNED NOT NULL AUTO_INCREMENT;

--
-- AUTO_INCREMENT for table `ma_material`
--
ALTER TABLE `ma_material`
  MODIFY `id` bigint(20) UNSIGNED NOT NULL AUTO_INCREMENT;

--
-- AUTO_INCREMENT for table `ma_material_type`
--
ALTER TABLE `ma_material_type`
  MODIFY `id` bigint(20) UNSIGNED NOT NULL AUTO_INCREMENT, AUTO_INCREMENT=2;

--
-- AUTO_INCREMENT for table `ma_packing_style`
--
ALTER TABLE `ma_packing_style`
  MODIFY `id` bigint(20) UNSIGNED NOT NULL AUTO_INCREMENT;

--
-- AUTO_INCREMENT for table `ma_product`
--
ALTER TABLE `ma_product`
  MODIFY `id` bigint(20) UNSIGNED NOT NULL AUTO_INCREMENT, AUTO_INCREMENT=542;

--
-- AUTO_INCREMENT for table `ma_product_type`
--
ALTER TABLE `ma_product_type`
  MODIFY `id` bigint(20) UNSIGNED NOT NULL AUTO_INCREMENT, AUTO_INCREMENT=26;

--
-- AUTO_INCREMENT for table `ma_pv_status`
--
ALTER TABLE `ma_pv_status`
  MODIFY `id` tinyint(4) NOT NULL AUTO_INCREMENT, AUTO_INCREMENT=16;

--
-- AUTO_INCREMENT for table `ma_rack`
--
ALTER TABLE `ma_rack`
  MODIFY `id` bigint(20) UNSIGNED NOT NULL AUTO_INCREMENT, AUTO_INCREMENT=3;

--
-- AUTO_INCREMENT for table `ma_rack_type`
--
ALTER TABLE `ma_rack_type`
  MODIFY `id` bigint(20) UNSIGNED NOT NULL AUTO_INCREMENT, AUTO_INCREMENT=3;

--
-- AUTO_INCREMENT for table `ma_site`
--
ALTER TABLE `ma_site`
  MODIFY `id` bigint(20) UNSIGNED NOT NULL AUTO_INCREMENT, AUTO_INCREMENT=2;

--
-- AUTO_INCREMENT for table `migrations`
--
ALTER TABLE `migrations`
  MODIFY `id` int(10) UNSIGNED NOT NULL AUTO_INCREMENT, AUTO_INCREMENT=30;

--
-- AUTO_INCREMENT for table `physical_verification`
--
ALTER TABLE `physical_verification`
  MODIFY `id` bigint(20) NOT NULL AUTO_INCREMENT, AUTO_INCREMENT=20;

--
-- AUTO_INCREMENT for table `receipt`
--
ALTER TABLE `receipt`
  MODIFY `id` bigint(20) NOT NULL AUTO_INCREMENT, AUTO_INCREMENT=9;

--
-- AUTO_INCREMENT for table `rma`
--
ALTER TABLE `rma`
  MODIFY `id` bigint(20) NOT NULL AUTO_INCREMENT, AUTO_INCREMENT=40220012;

--
-- AUTO_INCREMENT for table `rma_delivery_address`
--
ALTER TABLE `rma_delivery_address`
  MODIFY `id` bigint(11) NOT NULL AUTO_INCREMENT, AUTO_INCREMENT=32;

--
-- AUTO_INCREMENT for table `rma_unit_information`
--
ALTER TABLE `rma_unit_information`
  MODIFY `id` bigint(11) NOT NULL AUTO_INCREMENT, AUTO_INCREMENT=44;

--
-- AUTO_INCREMENT for table `rma_unit_serial_number`
--
ALTER TABLE `rma_unit_serial_number`
  MODIFY `id` bigint(11) NOT NULL AUTO_INCREMENT;

--
-- AUTO_INCREMENT for table `roles`
--
ALTER TABLE `roles`
  MODIFY `id` int(10) UNSIGNED NOT NULL AUTO_INCREMENT, AUTO_INCREMENT=3;

--
-- AUTO_INCREMENT for table `users`
--
ALTER TABLE `users`
  MODIFY `id` bigint(20) UNSIGNED NOT NULL AUTO_INCREMENT, AUTO_INCREMENT=6;

--
-- AUTO_INCREMENT for table `warranty`
--
ALTER TABLE `warranty`
  MODIFY `id` int(11) NOT NULL AUTO_INCREMENT, AUTO_INCREMENT=43;

--
-- Constraints for dumped tables
--

--
-- Constraints for table `role_user`
--
ALTER TABLE `role_user`
  ADD CONSTRAINT `role_user_role_id_foreign` FOREIGN KEY (`role_id`) REFERENCES `roles` (`id`),
  ADD CONSTRAINT `role_user_user_id_foreign` FOREIGN KEY (`user_id`) REFERENCES `users` (`id`);
COMMIT;

/*!40101 SET CHARACTER_SET_CLIENT=@OLD_CHARACTER_SET_CLIENT */;
/*!40101 SET CHARACTER_SET_RESULTS=@OLD_CHARACTER_SET_RESULTS */;
/*!40101 SET COLLATION_CONNECTION=@OLD_COLLATION_CONNECTION */;
