-- phpMyAdmin SQL Dump
-- version 4.8.3
-- https://www.phpmyadmin.net/
--
-- Host: 127.0.0.1
-- Generation Time: Mar 06, 2020 at 07:35 AM
-- Server version: 10.1.36-MariaDB
-- PHP Version: 7.2.11

SET SQL_MODE = "NO_AUTO_VALUE_ON_ZERO";
SET AUTOCOMMIT = 0;
START TRANSACTION;
SET time_zone = "+00:00";


/*!40101 SET @OLD_CHARACTER_SET_CLIENT=@@CHARACTER_SET_CLIENT */;
/*!40101 SET @OLD_CHARACTER_SET_RESULTS=@@CHARACTER_SET_RESULTS */;
/*!40101 SET @OLD_COLLATION_CONNECTION=@@COLLATION_CONNECTION */;
/*!40101 SET NAMES utf8mb4 */;

--
-- Database: `ge_rms_1`
--

DELIMITER $$
--
-- Procedures
--
CREATE DEFINER=`root`@`localhost` PROCEDURE `displaypvstatus` ()  BEGIN
select * from ma_pv_status;
END$$

DELIMITER ;

-- --------------------------------------------------------

--
-- Table structure for table `aging`
--

CREATE TABLE `aging` (
  `pv_id` bigint(20) NOT NULL,
  `result` tinyint(4) NOT NULL,
  `comment` varchar(200) DEFAULT NULL,
  `created_by` tinyint(4) NOT NULL,
  `created_at` timestamp NOT NULL DEFAULT CURRENT_TIMESTAMP,
  `updated_by` tinyint(4) DEFAULT NULL,
  `updated_at` datetime DEFAULT NULL
) ENGINE=InnoDB DEFAULT CHARSET=latin1;

--
-- Dumping data for table `aging`
--

INSERT INTO `aging` (`pv_id`, `result`, `comment`, `created_by`, `created_at`, `updated_by`, `updated_at`) VALUES
(1, 1, '', 1, '2020-01-04 10:27:13', NULL, '2020-01-04 15:57:13'),
(2, 1, '', 1, '2020-01-04 10:48:55', NULL, '2020-01-04 16:18:55'),
(3, 1, '', 1, '2020-01-04 10:52:44', NULL, '2020-01-04 16:22:44'),
(4, 1, '', 1, '2020-01-04 10:56:16', NULL, '2020-01-04 16:26:16'),
(5, 1, '', 1, '2020-01-04 11:00:25', NULL, '2020-01-04 16:30:25'),
(6, 1, '', 7, '2020-01-04 11:14:56', NULL, '2020-01-04 16:44:56'),
(14, 1, 'RELAY HAETSOAKED IN THERMAL CYCLING CHAMBER', 9, '2020-02-12 05:03:43', NULL, '2020-02-12 10:33:43'),
(16, 1, 'RELAY HEATSOAKED IN THERMAL CYCLING CHAMBER', 9, '2020-02-12 06:41:03', NULL, '2020-02-12 12:11:03'),
(66, 1, 'RELAY HEATSOAKED @ THERMAL CYCLING CHAMBER', 9, '2020-02-13 04:47:57', NULL, '2020-02-13 10:17:57'),
(67, 1, 'RELAY HEATSOAKED IN THERMAL CYCLING CHAMBER', 9, '2020-02-13 05:00:35', NULL, '2020-02-13 10:30:35'),
(71, 1, '', 1, '2020-02-18 06:09:27', 1, '2020-02-26 20:02:16'),
(74, 1, 'RELAY HEATSOAKED IN THERMAL CYCLING CHAMBER', 9, '2020-02-14 08:31:48', NULL, '2020-02-14 14:01:48'),
(80, 1, 'RELAY HEATSOAKED IN THERMAL CYCLING CHAMBER', 9, '2020-02-12 07:08:13', NULL, '2020-02-12 12:38:13'),
(81, 1, 'RELAY HEATSOAKED @ THERMAL CYCLING CHAMBER', 9, '2020-02-12 08:44:22', NULL, '2020-02-12 14:14:22'),
(82, 1, 'RELAY HEATSOAKED IN THERMAL CYCLING CHAMBER', 9, '2020-02-12 08:07:50', NULL, '2020-02-12 13:37:50'),
(83, 1, 'NA', 9, '2020-02-12 09:24:45', NULL, '2020-02-12 14:54:45'),
(85, 1, 'RELAY HEATSOAKED IN THERMAL CYCLING CHAMBER', 9, '2020-02-12 06:21:45', NULL, '2020-02-12 11:51:45'),
(86, 1, 'RELAY HEATSOAKED IN THERMAL CYCLING CHAMBER', 9, '2020-02-13 06:13:20', NULL, '2020-02-13 11:43:20'),
(87, 1, 'RELAY HEATSOAKED IN THERMAL CYCLING CHAMBER', 9, '2020-02-13 07:00:10', NULL, '2020-02-13 12:30:10'),
(88, 1, 'RELAY HEATSOAKED IN THERMAL CYCLING CHAMBER', 9, '2020-02-13 12:47:24', NULL, '2020-02-13 18:17:24'),
(89, 1, 'RELAY HEATSOAKED IN THERMAL CYCLING CHAMBER', 9, '2020-02-13 12:53:40', NULL, '2020-02-13 18:23:40'),
(94, 1, 'NOT REQUIRED AGING PROCESS', 9, '2020-02-13 13:03:08', NULL, '2020-02-13 18:33:08'),
(95, 1, 'NOT REQUIRED AGING PROCESS', 9, '2020-02-13 13:07:50', NULL, '2020-02-13 18:37:50'),
(96, 1, 'NOT REQUIRED AGING PROCESS', 9, '2020-02-13 13:12:15', NULL, '2020-02-13 18:42:15'),
(105, 1, 'NOT REQUIRED AGING PROCESS', 9, '2020-02-14 08:33:31', NULL, '2020-02-14 14:03:31'),
(106, 1, 'RELAY HEATSOAKED IN THERMAL CYCLING CHAMBER', 9, '2020-02-13 12:31:07', NULL, '2020-02-13 18:01:07'),
(107, 1, 'NOT REQUIRED AGING PROCESS', 9, '2020-02-13 12:37:22', NULL, '2020-02-13 18:07:22'),
(108, 1, 'NOT REQUIRED AGING PROCESS', 9, '2020-02-14 08:34:39', NULL, '2020-02-14 14:04:39'),
(109, 1, 'NOT REQUIRED AGING PROCESS', 9, '2020-02-14 05:50:32', NULL, '2020-02-14 11:20:32'),
(110, 1, 'NOT REQUIRED AGING PROCESS', 9, '2020-02-14 06:04:28', NULL, '2020-02-14 11:34:28'),
(111, 1, 'NOT REQUIRED AGING PROCESS', 9, '2020-02-14 06:00:03', NULL, '2020-02-14 11:30:03'),
(112, 1, 'NOT REQUIRED AGING PROCESS', 9, '2020-02-14 05:55:31', NULL, '2020-02-14 11:25:31');

-- --------------------------------------------------------

--
-- Table structure for table `aging_tracking`
--

CREATE TABLE `aging_tracking` (
  `pv_id` bigint(20) NOT NULL,
  `result` tinyint(4) NOT NULL,
  `comment` varchar(200) DEFAULT NULL,
  `created_by` tinyint(4) NOT NULL,
  `created_at` timestamp NOT NULL DEFAULT CURRENT_TIMESTAMP
) ENGINE=InnoDB DEFAULT CHARSET=latin1;

--
-- Dumping data for table `aging_tracking`
--

INSERT INTO `aging_tracking` (`pv_id`, `result`, `comment`, `created_by`, `created_at`) VALUES
(1, 1, '', 1, '2020-01-04 10:27:13'),
(2, 1, '', 1, '2020-01-04 10:48:55'),
(3, 1, '', 1, '2020-01-04 10:52:44'),
(4, 1, '', 1, '2020-01-04 10:56:16'),
(5, 1, '', 1, '2020-01-04 11:00:25'),
(6, 1, '', 7, '2020-01-04 11:14:56'),
(14, 1, 'RELAY HAETSOAKED IN THERMAL CYCLING CHAMBER', 9, '2020-02-12 05:03:43'),
(85, 1, 'RELAY HEATSOAKED IN THERMAL CYCLING CHAMBER', 9, '2020-02-12 06:21:46'),
(16, 1, 'RELAY HEATSOAKED IN THERMAL CYCLING CHAMBER', 9, '2020-02-12 06:41:03'),
(80, 1, 'RELAY HEATSOAKED IN THERMAL CYCLING CHAMBER', 9, '2020-02-12 07:08:13'),
(82, 1, 'RELAY HEATSOAKED IN THERMAL CYCLING CHAMBER', 9, '2020-02-12 08:07:50'),
(81, 1, 'RELAY HEATSOAKED @ THERMAL CYCLING CHAMBER', 9, '2020-02-12 08:44:22'),
(83, 1, 'NA', 9, '2020-02-12 09:24:45'),
(66, 1, 'RELAY HEATSOAKED @ THERMAL CYCLING CHAMBER', 9, '2020-02-13 04:47:57'),
(67, 1, 'RELAY HEATSOAKED IN THERMAL CYCLING CHAMBER', 9, '2020-02-13 05:00:35'),
(86, 1, 'RELAY HEATSOAKED IN THERMAL CYCLING CHAMBER', 9, '2020-02-13 06:13:20'),
(87, 1, 'RELAY HEATSOAKED IN THERMAL CYCLING CHAMBER', 9, '2020-02-13 07:00:10'),
(106, 1, 'RELAY HEATSOAKED IN THERMAL CYCLING CHAMBER', 9, '2020-02-13 12:31:08'),
(107, 1, 'NOT REQUIRED AGING PROCESS', 9, '2020-02-13 12:37:22'),
(88, 1, 'RELAY HEATSOAKED IN THERMAL CYCLING CHAMBER', 9, '2020-02-13 12:47:24'),
(89, 1, 'RELAY HEATSOAKED IN THERMAL CYCLING CHAMBER', 9, '2020-02-13 12:53:40'),
(94, 1, 'NOT REQUIRED AGING PROCESS', 9, '2020-02-13 13:03:08'),
(95, 1, 'NOT REQUIRED AGING PROCESS', 9, '2020-02-13 13:07:50'),
(96, 1, 'NOT REQUIRED AGING PROCESS', 9, '2020-02-13 13:12:15'),
(109, 1, 'NOT REQUIRED AGING PROCESS', 9, '2020-02-14 05:50:32'),
(112, 1, 'NOT REQUIRED AGING PROCESS', 9, '2020-02-14 05:55:31'),
(111, 1, 'NOT REQUIRED AGING PROCESS', 9, '2020-02-14 06:00:03'),
(110, 1, 'NOT REQUIRED AGING PROCESS', 9, '2020-02-14 06:04:28'),
(74, 1, 'RELAY HEATSOAKED IN THERMAL CYCLING CHAMBER', 9, '2020-02-14 08:31:48'),
(105, 1, 'NOT REQUIRED AGING PROCESS', 9, '2020-02-14 08:33:31'),
(108, 1, 'NOT REQUIRED AGING PROCESS', 9, '2020-02-14 08:34:40'),
(71, 0, 'Fail', 1, '2020-02-18 06:09:27'),
(71, 0, 'Fail 2', 1, '2020-02-18 06:09:40'),
(71, -1, 'Not Required', 1, '2020-02-18 06:13:16'),
(71, 1, '', 1, '2020-02-26 14:32:16');

-- --------------------------------------------------------

--
-- Table structure for table `auto_test_bench`
--

CREATE TABLE `auto_test_bench` (
  `pv_id` bigint(20) NOT NULL,
  `result` tinyint(4) NOT NULL,
  `comment` varchar(200) DEFAULT NULL,
  `created_by` tinyint(4) NOT NULL,
  `created_at` timestamp NOT NULL DEFAULT CURRENT_TIMESTAMP,
  `updated_by` tinyint(4) DEFAULT NULL,
  `updated_at` datetime DEFAULT NULL
) ENGINE=InnoDB DEFAULT CHARSET=latin1;

--
-- Dumping data for table `auto_test_bench`
--

INSERT INTO `auto_test_bench` (`pv_id`, `result`, `comment`, `created_by`, `created_at`, `updated_by`, `updated_at`) VALUES
(1, 1, '', 1, '2020-01-04 10:26:16', NULL, '2020-01-04 15:56:16'),
(2, 1, '', 1, '2020-01-04 10:48:38', NULL, '2020-01-04 16:18:38'),
(3, 1, '', 1, '2020-01-04 10:52:28', NULL, '2020-01-04 16:22:28'),
(4, 1, '', 1, '2020-01-04 10:56:01', NULL, '2020-01-04 16:26:01'),
(5, 1, '', 1, '2020-01-04 11:00:11', NULL, '2020-01-04 16:30:11'),
(6, 1, '', 7, '2020-01-04 11:14:04', NULL, '2020-01-04 16:44:04'),
(14, 1, 'RELAY PASSED @ AUTOMATIC TEST BENCH', 9, '2020-02-12 05:01:11', NULL, '2020-02-12 10:31:11'),
(16, 1, 'RELAY TESTED IN AUTOMATIC FUNCTIONAL TEST BENCH', 9, '2020-02-12 06:38:30', NULL, '2020-02-12 12:08:30'),
(66, 1, 'RELAY TESTED @ AUTOMATIC FUNCTIONAL TEST BENCH', 9, '2020-02-13 04:46:02', NULL, '2020-02-13 10:16:02'),
(67, 1, 'RELAY TESTED @ AUTOMATIC FUNCTIONAL TEST BENCH', 9, '2020-02-13 04:59:53', NULL, '2020-02-13 10:29:53'),
(71, 1, '', 1, '2020-02-18 05:58:07', 1, '2020-02-26 20:01:52'),
(74, 1, 'RELAY TESTED @ AUTOMATIC FUNCTIONAL TEST BENCH', 9, '2020-02-14 08:31:10', NULL, '2020-02-14 14:01:10'),
(80, 1, 'RELAY TESTED IN AUTOMATIC FUNCTIONAL TEST BENCH', 9, '2020-02-12 07:07:31', NULL, '2020-02-12 12:37:31'),
(81, 1, 'RELAY TESTED @ AUTOMATIC FUNCTIONAL TEST BENCH', 9, '2020-02-12 08:43:43', 9, '2020-02-12 14:13:44'),
(82, 1, 'RELAY TESTED @ AUTOMATIC FUNCTIONAL TEST BENCH', 9, '2020-02-12 08:07:10', NULL, '2020-02-12 13:37:10'),
(83, 1, 'PCB TESTED', 9, '2020-02-12 09:18:56', NULL, '2020-02-12 14:48:56'),
(85, 1, 'RELAY TESTED OK', 9, '2020-02-12 06:20:01', NULL, '2020-02-12 11:50:01'),
(86, 1, 'RELAY TESTED @ AUTOMATIC FUNCTIONAL TEST BENCH', 9, '2020-02-13 06:12:14', NULL, '2020-02-13 11:42:14'),
(87, 1, 'RELAY TESTED @ AUTOMATIC FUNCTIONAL TEST BENCH', 9, '2020-02-13 06:59:43', NULL, '2020-02-13 12:29:43'),
(88, 1, 'RELAY TESTED @ AUTOMATIC FUNCTIONAL TEST BENCH', 9, '2020-02-13 12:46:29', NULL, '2020-02-13 18:16:29'),
(89, 1, 'RELAY TESTED @ AUTOMATIC FUNCTIONAL TEST BENCH', 9, '2020-02-13 12:53:04', NULL, '2020-02-13 18:23:04'),
(94, 1, 'RELAY TESTED @ AUTOMATIC FUNCTIONAL TEST BENCH', 9, '2020-02-13 13:02:31', NULL, '2020-02-13 18:32:31'),
(95, 1, 'RELAY TESTED @ AUTOMATIC FUNCTIONAL TEST BENCH', 9, '2020-02-13 13:07:25', NULL, '2020-02-13 18:37:25'),
(96, 1, 'RELAY TESTED @ AUTOMATIC FUNCTIONAL TEST BENCH', 9, '2020-02-13 13:11:35', NULL, '2020-02-13 18:41:35'),
(105, 1, 'NOT REQUIRED', 9, '2020-02-14 08:33:05', NULL, '2020-02-14 14:03:05'),
(106, 1, 'RELAY TESTED @ AUTOMATIC FUNCTIONAL TEST BENCH', 9, '2020-02-13 12:30:35', NULL, '2020-02-13 18:00:35'),
(107, 1, 'RELAY TESTED @ AUTOMATIC FUNCTIONAL TEST BENCH', 9, '2020-02-13 12:36:09', NULL, '2020-02-13 18:06:09'),
(108, 1, 'NOT REQUIRED', 9, '2020-02-14 06:08:09', NULL, '2020-02-14 11:38:09'),
(109, 1, 'NOT REQUIRED', 9, '2020-02-14 05:49:54', NULL, '2020-02-14 11:19:54'),
(110, 1, 'NOT REQUIRED', 9, '2020-02-14 06:03:59', NULL, '2020-02-14 11:33:59'),
(111, 1, 'NOT REQUIRED', 9, '2020-02-14 05:59:33', NULL, '2020-02-14 11:29:33'),
(112, 1, 'NOT REQUIRED', 9, '2020-02-14 05:55:05', NULL, '2020-02-14 11:25:05');

-- --------------------------------------------------------

--
-- Table structure for table `auto_test_bench_tracking`
--

CREATE TABLE `auto_test_bench_tracking` (
  `pv_id` bigint(20) NOT NULL,
  `result` tinyint(4) NOT NULL,
  `comment` varchar(200) DEFAULT NULL,
  `created_by` tinyint(4) NOT NULL,
  `created_at` timestamp NOT NULL DEFAULT CURRENT_TIMESTAMP
) ENGINE=InnoDB DEFAULT CHARSET=latin1;

--
-- Dumping data for table `auto_test_bench_tracking`
--

INSERT INTO `auto_test_bench_tracking` (`pv_id`, `result`, `comment`, `created_by`, `created_at`) VALUES
(1, 1, '', 1, '2020-01-04 10:26:16'),
(2, 1, '', 1, '2020-01-04 10:48:38'),
(3, 1, '', 1, '2020-01-04 10:52:28'),
(4, 1, '', 1, '2020-01-04 10:56:01'),
(5, 1, '', 1, '2020-01-04 11:00:11'),
(6, 1, '', 7, '2020-01-04 11:14:04'),
(14, 1, 'RELAY PASSED @ AUTOMATIC TEST BENCH', 9, '2020-02-12 05:01:11'),
(85, 1, 'RELAY TESTED OK', 9, '2020-02-12 06:20:01'),
(16, 1, 'RELAY TESTED IN AUTOMATIC FUNCTIONAL TEST BENCH', 9, '2020-02-12 06:38:31'),
(80, 1, 'RELAY TESTED IN AUTOMATIC FUNCTIONAL TEST BENCH', 9, '2020-02-12 07:07:31'),
(82, 1, 'RELAY TESTED @ AUTOMATIC FUNCTIONAL TEST BENCH', 9, '2020-02-12 08:07:10'),
(81, 1, 'RELAY TESTED @ AUTOMATIC FUNCTIONAL TEST BENCH', 9, '2020-02-12 08:43:44'),
(81, 1, 'RELAY TESTED @ AUTOMATIC FUNCTIONAL TEST BENCH', 9, '2020-02-12 08:43:44'),
(83, 1, 'PCB TESTED', 9, '2020-02-12 09:18:56'),
(66, 1, 'RELAY TESTED @ AUTOMATIC FUNCTIONAL TEST BENCH', 9, '2020-02-13 04:46:02'),
(67, 1, 'RELAY TESTED @ AUTOMATIC FUNCTIONAL TEST BENCH', 9, '2020-02-13 04:59:53'),
(86, 1, 'RELAY TESTED @ AUTOMATIC FUNCTIONAL TEST BENCH', 9, '2020-02-13 06:12:14'),
(87, 1, 'RELAY TESTED @ AUTOMATIC FUNCTIONAL TEST BENCH', 9, '2020-02-13 06:59:43'),
(106, 1, 'RELAY TESTED @ AUTOMATIC FUNCTIONAL TEST BENCH', 9, '2020-02-13 12:30:35'),
(107, 1, 'RELAY TESTED @ AUTOMATIC FUNCTIONAL TEST BENCH', 9, '2020-02-13 12:36:09'),
(88, 1, 'RELAY TESTED @ AUTOMATIC FUNCTIONAL TEST BENCH', 9, '2020-02-13 12:46:29'),
(89, 1, 'RELAY TESTED @ AUTOMATIC FUNCTIONAL TEST BENCH', 9, '2020-02-13 12:53:04'),
(94, 1, 'RELAY TESTED @ AUTOMATIC FUNCTIONAL TEST BENCH', 9, '2020-02-13 13:02:31'),
(95, 1, 'RELAY TESTED @ AUTOMATIC FUNCTIONAL TEST BENCH', 9, '2020-02-13 13:07:26'),
(96, 1, 'RELAY TESTED @ AUTOMATIC FUNCTIONAL TEST BENCH', 9, '2020-02-13 13:11:35'),
(109, 1, 'NOT REQUIRED', 9, '2020-02-14 05:49:54'),
(112, 1, 'NOT REQUIRED', 9, '2020-02-14 05:55:05'),
(111, 1, 'NOT REQUIRED', 9, '2020-02-14 05:59:33'),
(110, 1, 'NOT REQUIRED', 9, '2020-02-14 06:03:59'),
(108, 1, 'NOT REQUIRED', 9, '2020-02-14 06:08:09'),
(74, 1, 'RELAY TESTED @ AUTOMATIC FUNCTIONAL TEST BENCH', 9, '2020-02-14 08:31:10'),
(105, 1, 'NOT REQUIRED', 9, '2020-02-14 08:33:05'),
(71, -1, 'Test Not Required', 1, '2020-02-18 05:58:07'),
(71, 1, '', 1, '2020-02-26 14:31:52');

-- --------------------------------------------------------

--
-- Table structure for table `dispatch`
--

CREATE TABLE `dispatch` (
  `id` bigint(20) NOT NULL,
  `date` date NOT NULL,
  `pv_id` bigint(16) NOT NULL,
  `dc_no` varchar(100) NOT NULL,
  `docket_details` varchar(100) DEFAULT NULL,
  `courier_name` varchar(100) DEFAULT NULL,
  `person_name` varchar(100) DEFAULT NULL,
  `concern_name` varchar(100) NOT NULL,
  `contact` varchar(15) NOT NULL,
  `created_by` tinyint(4) NOT NULL,
  `updated_at` timestamp NOT NULL DEFAULT CURRENT_TIMESTAMP,
  `created_at` timestamp NOT NULL DEFAULT CURRENT_TIMESTAMP
) ENGINE=InnoDB DEFAULT CHARSET=latin1;

--
-- Dumping data for table `dispatch`
--

INSERT INTO `dispatch` (`id`, `date`, `pv_id`, `dc_no`, `docket_details`, `courier_name`, `person_name`, `concern_name`, `contact`, `created_by`, `updated_at`, `created_at`) VALUES
(1, '2020-01-04', 1, 'CS093', 'KIS098', 'MNGS', NULL, '', '', 1, '2020-01-04 10:46:40', '2020-01-04 10:46:40'),
(2, '2020-01-04', 2, 'KLOS', 'MNS192', 'FED', NULL, '', '', 1, '2020-01-04 10:49:55', '2020-01-04 10:49:55'),
(3, '2020-01-04', 3, 'GR433', 'ASDG', 'FED', NULL, '', '', 1, '2020-01-04 10:53:50', '2020-01-04 10:53:50'),
(4, '2020-01-04', 4, 'FR6543', 'NNBTY', 'FED', NULL, '', '', 1, '2020-01-04 10:57:05', '2020-01-04 10:57:05'),
(5, '2020-01-04', 5, 'QW422', 'BGU754', 'FED', NULL, '', '', 1, '2020-01-04 11:01:07', '2020-01-04 11:01:07'),
(6, '2020-02-25', 6, 'XDW43', 'SF234DC', 'fWED', NULL, '', '', 1, '2020-02-25 08:27:13', '2020-02-25 08:27:13');

-- --------------------------------------------------------

--
-- Table structure for table `job_tickets`
--

CREATE TABLE `job_tickets` (
  `id` bigint(20) NOT NULL,
  `pv_id` bigint(20) NOT NULL,
  `nature_of_defect` varchar(100) DEFAULT NULL,
  `comment` varchar(200) DEFAULT NULL,
  `power_on_test` varchar(200) DEFAULT NULL,
  `created_by` tinyint(4) NOT NULL,
  `updated_by` tinyint(4) NOT NULL,
  `created_at` timestamp NOT NULL DEFAULT CURRENT_TIMESTAMP,
  `updated_at` datetime NOT NULL
) ENGINE=InnoDB DEFAULT CHARSET=latin1;

--
-- Dumping data for table `job_tickets`
--

INSERT INTO `job_tickets` (`id`, `pv_id`, `nature_of_defect`, `comment`, `power_on_test`, `created_by`, `updated_by`, `created_at`, `updated_at`) VALUES
(1, 1, '', 'CSA', NULL, 1, 1, '2020-01-04 10:12:08', '2020-01-04 15:42:08'),
(2, 2, '', 'ZS', NULL, 1, 1, '2020-01-04 10:47:55', '2020-01-04 16:17:55'),
(3, 3, '', 'AXCDE', NULL, 1, 1, '2020-01-04 10:52:09', '2020-01-04 16:22:09'),
(4, 4, '', 'CVGTRE', NULL, 1, 1, '2020-01-04 10:55:38', '2020-01-04 16:25:38'),
(5, 5, '', 'As', NULL, 1, 1, '2020-01-04 10:59:50', '2020-01-04 16:29:50'),
(6, 6, '', 'XAS', NULL, 7, 7, '2020-01-04 11:12:55', '2020-01-04 16:42:55'),
(7, 14, '', 'CO-PROCESSOR CARD CHANGED DUE TO ERRORCODE-0X81170000 & PROCESSOR CARD CHANGED DUE TO OLD DATA PACK & VT1 CHANGED DUE TO RESISTANCE OPEN & CASE CHANGED DUE TO BEND & RUSTED & HOOD & KEYPAD CHANGED DUE', 'ERRORCODE-0X81170000', 9, 9, '2020-02-12 04:46:31', '2020-02-12 10:19:56'),
(8, 85, '', 'RELAY MODIFIED  P643916A6M0070M TO P643916D6M0060M', 'NOMAL BOOTING', 9, 9, '2020-02-12 06:17:42', '2020-02-12 11:48:01'),
(9, 16, '', 'ANALOG I/P CARD CHANGED DUE TO ERRORCODE-0X0C170018 &PCB BURNT', 'ERRORCODE-0X0C170018 & ANALOG I/P CARD BURNT', 9, 9, '2020-02-12 06:35:01', '2020-02-12 12:05:25'),
(10, 80, '', 'RELAY MODIFIED  P141916A6M0510J TO  P141916A6M0510J', 'NORMAL BOOTING', 9, 9, '2020-02-12 06:59:23', '2020-02-12 12:35:45'),
(11, 81, '', 'RELAY MODIFIED TO P643926B6M0070M TO P643926B6M0070M', 'NORMAL BOOTING', 9, 9, '2020-02-12 08:00:01', '2020-02-12 14:07:03'),
(12, 82, '', 'RELAY MODIFIED TO P64391AC6M0060M TO P643926B6M0070M', 'NORMAL BOOTING', 9, 9, '2020-02-12 08:02:17', '2020-02-12 13:35:20'),
(13, 83, '', 'CPU4 CARD TESTED & GIVEN TO SITE AS PER REQ NEEDED', 'NA', 9, 9, '2020-02-12 09:08:56', '2020-02-12 14:39:04'),
(14, 66, '', 'RIBBON CABLE REMOVED INSIDE RELAY & \nRE INSERTED PROPERLY RELAY BECOMES HEALTHY', 'ERRORCODE-0X0CED919', 9, 9, '2020-02-13 04:35:21', '2020-02-13 10:09:28'),
(15, 67, '', 'KEYPAD CHANGED DUE TO C BUTTON DAMAGED & RELAY CHECKED & TESTED OK', 'NORMAL BOOTING', 9, 9, '2020-02-13 04:58:53', '2020-02-13 10:29:00'),
(16, 74, '', 'SPARE RELAY TO BE MODIFIED & Replacement already given to site. To be be given to PCP store after repair', 'NORMAL BOOTING', 9, 9, '2020-02-13 05:37:57', '2020-02-14 13:50:15'),
(17, 86, '', 'PROCESSOR CARD CHANGED DUE TO OLD DATA PACK & ERRORCODE-0X0C220028 & ANALOG I/P CARD CHANGED DUE TO ERRORCODE-0X0CDDB15 &HOOD CHANGED DUE TO DUSTY & KEYPAD CHANGED DUE TO OLD AREVA KEYPAD', 'REBOOTING & ERRORCODE-0X0C220028', 9, 9, '2020-02-13 06:10:56', '2020-02-13 11:41:05'),
(18, 87, '', 'AUX SUPPLY HAS TO BE MODIFIED  FROM 24-48 DC TO 110VDC (WIDE RANGE)', 'NORMAL BOOTING', 9, 9, '2020-02-13 06:40:39', '2020-02-13 12:26:25'),
(19, 106, '', 'CPU TYPE 3 CHANGED DUE TO ETHERNET PORT NOT COMMUNICATING & CHECKED & RECTIFIED', 'ETH1 LAN PORT NOT WORKING', 9, 9, '2020-02-13 12:29:43', '2020-02-13 17:59:49'),
(20, 107, '', 'CPU CARD CHANGED DUE TO IP ADDRESS NOT SHOWING IN CMT TOOL & CHECK & RECTIFIED', 'NOT COMMUNICATING IN CMT', 9, 9, '2020-02-13 12:35:18', '2020-02-13 18:05:30'),
(21, 88, '', 'RELAY MODIFIED P14DG11D2C0620A TO P14DG11D2C0620A', 'NORMAL BOOTING', 9, 9, '2020-02-13 12:45:51', '2020-02-13 18:15:57'),
(22, 89, '', 'RELAY MODIFIED P14DG11D2C0610A TO P14DG11D2C0620A', 'NORMAL BOOTING', 9, 9, '2020-02-13 12:52:23', '2020-02-13 18:22:31'),
(23, 94, '', 'RELAY MODIFIED P54391NA6M0760M TO P54391RC6M0790M', 'NORMAL BOOTING', 9, 9, '2020-02-13 13:01:18', '2020-02-13 18:31:57'),
(24, 95, '', 'RELAY MODIFIED P54391NA6M0760M TO  P54391RC6M0790M', 'NORMAL BOOTING', 9, 9, '2020-02-13 13:06:40', '2020-02-13 18:36:48'),
(25, 96, '', 'RELAY MODIFIED P543916E6M0760M TO P54391RC6M0790M', 'NORMAL BOOTING', 9, 9, '2020-02-13 13:10:46', '2020-02-13 18:40:59'),
(26, 109, '', 'FIRMWARE UPGRADED & RELAY BECOMES HEALTHY', 'ERROR CODE:0X350C002D & REBOOTING', 9, 9, '2020-02-14 05:48:59', '2020-02-14 11:19:07'),
(27, 112, '', 'FIRMWARE UPGRADED & RELAY BECOMES HEALTHY', 'ERROR CODE:0X350C002D & REBOOTING', 9, 9, '2020-02-14 05:54:22', '2020-02-14 11:24:29'),
(28, 111, '', 'FIRMWARE UPGRADED & RELAY BECOMES HEALTHY', 'ERROR CODE:0X350C002D & REBOOTING', 9, 9, '2020-02-14 05:58:30', '2020-02-14 11:28:36'),
(29, 110, '', 'FIRMWARE UPGRADED & RELAY BECOMES HEALTHY', 'ERROR CODE:0X350C002D & REBOOTING', 9, 9, '2020-02-14 06:02:45', '2020-02-14 11:33:23'),
(30, 108, '', 'FIRMWARE UPGRADED & RELAY BECOMES HEALTHY', 'ERROR CODE:0X350C002D & REBOOTING', 9, 9, '2020-02-14 06:07:37', '2020-02-14 11:37:37'),
(31, 105, '', 'RELAY HEALTHY & TESTED OK', 'NORMAL BOOTING', 9, 9, '2020-02-14 06:34:02', '2020-02-14 12:04:12'),
(32, 71, '', 'NS', NULL, 1, 1, '2020-02-18 05:42:29', '2020-02-26 20:01:18');

-- --------------------------------------------------------

--
-- Table structure for table `job_ticket_materials`
--

CREATE TABLE `job_ticket_materials` (
  `id` bigint(20) NOT NULL,
  `jt_id` bigint(20) NOT NULL,
  `part_no` varchar(50) DEFAULT NULL,
  `value` varchar(25) DEFAULT NULL,
  `quantity` int(11) DEFAULT NULL,
  `old_pcp` varchar(100) DEFAULT NULL,
  `new_pcp` varchar(100) DEFAULT NULL,
  `comment` varchar(200) DEFAULT NULL,
  `created_by` tinyint(4) NOT NULL,
  `updated_by` tinyint(4) NOT NULL,
  `created_at` timestamp NOT NULL DEFAULT CURRENT_TIMESTAMP,
  `updated_at` datetime NOT NULL
) ENGINE=InnoDB DEFAULT CHARSET=latin1;

--
-- Dumping data for table `job_ticket_materials`
--

INSERT INTO `job_ticket_materials` (`id`, `jt_id`, `part_no`, `value`, `quantity`, `old_pcp`, `new_pcp`, `comment`, `created_by`, `updated_by`, `created_at`, `updated_at`) VALUES
(1, 1, 'MNOPWIYHKS', NULL, 2, 'XCVVFFDEAS', 'BNMKOUYGG', NULL, 1, 1, '2020-01-04 10:12:08', '2020-01-04 15:42:08'),
(14, 7, 'EZN0020202', NULL, 1, 'STC.ZN0020002.A02.820111251', 'SFO.ZN0020202.A04.J.19358040383', 'CO-PROCESSOR CARD CHANGED DUE TO ERRORCODE-0X81170000', 9, 9, '2020-02-12 04:49:56', '2020-02-12 10:19:56'),
(15, 7, 'EZN0069102', NULL, 1, 'STC.ZN0041001.A10.58328', 'STC.ZN0069102.A08.I.19268021545', 'PROCESSOR CARD CHANGED DUE TO OLD DATA PACK', 9, 9, '2020-02-12 04:49:56', '2020-02-12 10:19:56'),
(16, 7, 'EZC0414001L', NULL, 1, 'NA', 'NA', 'VT1 CHANGED DUE TO RESISTANCE OPEN', 9, 9, '2020-02-12 04:49:56', '2020-02-12 10:19:56'),
(17, 7, 'EGN0025001PCP', NULL, 1, 'NA', 'NA', 'CASE CHANGED DUE TO BEND & RUSTED', 9, 9, '2020-02-12 04:49:57', '2020-02-12 10:19:57'),
(18, 7, 'EGN6002002', NULL, 1, 'NA', 'NA', 'HOOD CHANGED DUE TO OLD GREY MOULD', 9, 9, '2020-02-12 04:49:57', '2020-02-12 10:19:57'),
(19, 7, 'EGN0289001', NULL, 1, 'NA', 'NA', 'KEYPAD CHANGED DUE TO OLD AREVA KEYPAD', 9, 9, '2020-02-12 04:49:57', '2020-02-12 10:19:57'),
(21, 8, 'EZN0017212', NULL, 1, 'NA', 'STC.ZN0017212.A18.O.19291025188', 'MODIFICATION TO P643916D6M0060M', 9, 9, '2020-02-12 06:18:01', '2020-02-12 11:48:01'),
(23, 9, 'EZN0067201', NULL, 1, 'STC.ZN0067201.A12.G.17131013324', 'STC.ZN0067201.A12.G.20008020878', 'ANALOG I/P CARD CHANGED DUE TO PCB BURNT', 9, 9, '2020-02-12 06:35:25', '2020-02-12 12:05:25'),
(26, 10, 'EZN0049001', NULL, 1, 'NA', 'STC.ZN0049001.A05.F.19358021100', 'MODIFICATION TO P141916A6M0510J', 9, 9, '2020-02-12 07:05:45', '2020-02-14 11:09:01'),
(29, 12, 'EZN0044001', NULL, 1, 'NA', 'STC.ZN0044001.A03.C.19228020065', 'MODIFIED TO P643926B6M0070M', 9, 9, '2020-02-12 08:03:32', '2020-02-12 13:33:32'),
(35, 12, 'EZN0049001', NULL, 1, 'NA', 'STC.ZN0049001.A05.F.19358021108', 'MODIFIED TO P643926B6M0070M', 9, 9, '2020-02-12 08:05:21', '2020-02-12 13:35:21'),
(49, 11, 'EZN0044001', NULL, 1, 'NA', 'STC.ZN0044001.A03.C.19228020074', 'MODIFIED TO P643926B6M0070M', 9, 9, '2020-02-12 08:37:03', '2020-02-12 14:07:03'),
(50, 11, 'EZN0049001', NULL, 1, 'NA', 'STC.ZN0049001.A05.F.19358021142', 'MODIFIED TO P643926B6M0070M', 9, 9, '2020-02-12 08:37:03', '2020-02-12 14:07:03'),
(52, 13, 'EZP0016001', NULL, 1, 'NA', 'SFO.ZP0016001.B6.J10.20016040019', 'CPU 4 CARD TESTED & LOADED MAC ADDRESS', 9, 9, '2020-02-12 09:09:05', '2020-02-12 14:39:05'),
(55, 14, 'NO MATERIAL USED', NULL, 0, 'NA', 'NA', 'RIBBON CABLE REMOVED INSIDE RELAY & RE INSERTED PROPERLY RELAY BECOMES HEALTHY', 9, 9, '2020-02-13 04:39:28', '2020-02-13 10:09:28'),
(57, 15, 'EGN0289001', NULL, 1, 'NA', 'NA', 'KEYPAD CHANGED DUE TO C BUTTON DAMAGED', 9, 9, '2020-02-13 04:59:00', '2020-02-13 10:29:00'),
(84, 17, 'EZN070101', NULL, 1, 'STC.ZN0026001.A12.F.11121001896', 'STC.ZN0070101.A07.I.19362025135', 'PROCESSOR CARD CHANGED DUE TO OLD DATA PACK & ERRORCODE-0X0C220028', 9, 9, '2020-02-13 06:11:05', '2020-02-13 11:41:05'),
(85, 17, 'EZN0017211', NULL, 1, 'STC.ZN0017011.A03.E.10298001470', 'STC.ZN0017211.A19.O.19340025001', 'ANALOG I/P CARD CHANGED DUE TO ERRORCODE-0X0CDDB15', 9, 9, '2020-02-13 06:11:05', '2020-02-13 11:41:05'),
(86, 17, 'EZN0021203', NULL, 1, 'NA', 'STC.ZN0021203.A02.D1.19340022128', 'POWERSUPPLY CHANGED DUE TO INPUT CARD 17211 REPLACED AS PER CID', 9, 9, '2020-02-13 06:11:05', '2020-02-13 11:41:05'),
(87, 17, 'EGN6001002', NULL, 1, 'NA', 'NA', 'HOOD CHANGED DUE TO DUSTY', 9, 9, '2020-02-13 06:11:05', '2020-02-13 11:41:05'),
(88, 17, 'EGN0096001', NULL, 1, 'NANA', 'NA', 'KEYPAD CHANGED DUE TO OLD AREVA KEYPAD', 9, 9, '2020-02-13 06:11:05', '2020-02-13 11:41:05'),
(102, 18, 'EZN0021003', NULL, 1, 'NA', 'STC.ZN0021003.A19.H.11334002161', 'TO BE MODIFIED  FROM 24-48 DC TO 110VDC (WIDE RANGE)', 9, 9, '2020-02-13 06:56:25', '2020-02-13 12:26:25'),
(103, 18, 'EZN0070101', NULL, 1, 'STC.ZN0070101.A02.C.13196022838', 'STC.ZN0070101.A07.I.19347025331', 'PROCESSOR CARD CHANGED DUE TO OLD DATA PACK', 9, 9, '2020-02-13 06:56:25', '2020-02-13 12:26:25'),
(104, 18, 'EZN0031101', NULL, 1, 'WGS.ZN0031101.A01.A.13282100056', 'STC.ZN0031101.A02.E.19333022476', 'OUTPUT CARD CHANGED DUE TO OLD DATA PACK', 9, 9, '2020-02-13 06:56:25', '2020-02-13 12:26:25'),
(105, 18, 'EZN0031101', NULL, 1, 'WGS.ZN0031101.A01.A.13263090065', 'STC.ZN0031101.A02.E.19333022177', 'OUTPUT CARD CHANGED DUE TO OLD \"A\"DATA PACK', 9, 9, '2020-02-13 06:56:25', '2020-02-13 12:26:25'),
(106, 18, 'EZN0019101', NULL, 1, 'WGS.ZN0019101.A01.A.13242100010', 'STC.ZN0019101.A02.D.19324023367', 'OUTPUT CARD CHANGED DUE TO OLD \"A\"DATA PACK', 9, 9, '2020-02-13 06:56:25', '2020-02-13 12:26:25'),
(108, 19, 'EZP0001003', NULL, 1, 'STC.ZP0001003.B04.G1.19062021445', 'STC.ZP0001003.B04.G1.19355020964', 'CPU TYPE 3 CHANGED DUE TO ETHERNET PORT NOT COMMUNICATING', 9, 9, '2020-02-13 12:29:49', '2020-02-13 17:59:49'),
(110, 20, 'EZP0016001', NULL, 1, 'SFO.ZP0016001.B6.J10.20016040030', 'SFO.ZP0016001.B6.J10.20016040163', 'CPU CARD CHANGED DUE TO IP ADDRESS NOT SHOWING IN CMT TOOL', 9, 9, '2020-02-13 12:35:30', '2020-02-13 18:05:30'),
(112, 21, 'NO MATERIAL USED', NULL, 0, 'NA', 'NA', 'TESTED AS IT IS IN TEST BENCH - ONLY FIRMWARE UPGRADATION 610A TO 620A', 9, 9, '2020-02-13 12:45:57', '2020-02-13 18:15:57'),
(114, 22, 'NO MATERIAL USED', NULL, 0, 'NA', 'NA', 'TESTED AS IT IS IN TEST BENCH - ONLY FIRMWARE UPGRADATION 610A TO 620A', 9, 9, '2020-02-13 12:52:31', '2020-02-13 18:22:31'),
(119, 23, 'EZN0020201', NULL, 1, 'NA', 'SFO.ZN0020201.A04.I.19358040042', 'CURRENT DIFF BOARD', 9, 9, '2020-02-13 13:01:58', '2020-02-14 11:09:47'),
(120, 23, 'EZG1087203', NULL, 2, 'NA', 'NA', '1300nm SINGLE MODE CHANNEL', 9, 9, '2020-02-13 13:01:58', '2020-02-14 11:09:47'),
(123, 24, 'EZN0020201', NULL, 1, 'NA', 'SFO.ZN0020201.A04.I.19358040042', 'CURRENT DIFF BOARD', 9, 9, '2020-02-13 13:06:48', '2020-02-13 18:36:48'),
(124, 24, 'EZG1087203', NULL, 2, 'NA', 'NA', '1300nm SINGLE MODE CHANNEL', 9, 9, '2020-02-13 13:06:48', '2020-02-13 18:36:48'),
(127, 25, 'EZN0020202', NULL, 1, 'NA', 'SFO.ZN0020201.A04.I.19358040048', 'CURRENT DIFF BOARD', 9, 9, '2020-02-13 13:10:59', '2020-02-13 18:40:59'),
(128, 25, 'EZG1087203', NULL, 2, 'NA', 'NA', '1300nm SINGLE MODE CHANNEL', 9, 9, '2020-02-13 13:10:59', '2020-02-13 18:40:59'),
(130, 26, 'NO MATERIAL USED', NULL, 0, 'NA', 'NA', 'FIRMWARE UPGRADED & RELAY BECOMES HEALTHY', 9, 9, '2020-02-14 05:49:07', '2020-02-14 11:19:07'),
(132, 27, 'NO MATERIAL USED', NULL, 0, 'NA', 'NA', 'FIRMWARE UPGRADED & RELAY BECOMES HEALTHY', 9, 9, '2020-02-14 05:54:29', '2020-02-14 11:24:29'),
(134, 28, 'NO MATERIAL USED', NULL, 0, 'NA', 'NA', 'FIRMWARE UPGRADED & RELAY BECOMES HEALTHY', 9, 9, '2020-02-14 05:58:36', '2020-02-14 11:28:36'),
(136, 29, 'NO MATERIAL USED', NULL, 0, 'NA', 'NA', 'FIRMWARE UPGRADED & RELAY BECOMES HEALTHY', 9, 9, '2020-02-14 06:03:23', '2020-02-14 11:33:23'),
(137, 30, 'NO MATERIAL USED', NULL, 0, 'NA', 'NA', 'FIRMWARE UPGRADED & RELAY BECOMES HEALTHY', 9, 9, '2020-02-14 06:07:37', '2020-02-14 11:37:37'),
(139, 31, 'NO MATERIAL USED', NULL, 0, 'NA', 'NA', 'RELAY HEALTHY & TESTED OK', 9, 9, '2020-02-14 06:34:13', '2020-02-14 12:04:13'),
(142, 16, 'EZN0084001', NULL, 6, 'SFO.ZN0084001.B04.B.16223040024,SFO.ZN0084001.B04.B.16244040033,SFO.ZN0084001.B04.B.16244040018,SFO.', 'SFO.ZN0084001.B04.D.19353040129,SFO.ZN0084001.B04.D.19353040083,SFO.ZN0084001.B04.D.20007040035,SFO.', 'COMM BOARD CHANGED DUE TO OLD DATA PACK AS PER CID', 9, 9, '2020-02-14 08:20:15', '2020-02-14 13:50:15'),
(143, 16, 'EZN0084003', NULL, 1, 'SFO.ZN0084003.B05.C.16251040104', 'SFO.ZN0084003.B05.E.19338040132', 'CO-PROCESSOR BOARD CHANGED DUE TO OLD DATA PACK AS PER CID', 9, 9, '2020-02-14 08:20:15', '2020-02-14 13:50:15'),
(145, 32, 'EGN0096001', NULL, 3, 'KJJKOSH', 'MNXJOSUY', NULL, 1, 1, '2020-02-26 14:31:18', '2020-02-26 20:01:18'),
(146, 32, 'EZC0414001L', NULL, 2, 'ADSFADSFA', 'XCVXBXCVB', NULL, 1, 1, '2020-02-26 14:31:18', '2020-02-26 20:01:18');

-- --------------------------------------------------------

--
-- Table structure for table `ma_customer`
--

CREATE TABLE `ma_customer` (
  `id` bigint(20) UNSIGNED NOT NULL,
  `code` varchar(25) COLLATE utf8mb4_unicode_ci DEFAULT NULL,
  `name` varchar(100) COLLATE utf8mb4_unicode_ci NOT NULL,
  `address` varchar(200) COLLATE utf8mb4_unicode_ci NOT NULL,
  `pincode` varchar(20) COLLATE utf8mb4_unicode_ci NOT NULL,
  `contact_person` varchar(25) COLLATE utf8mb4_unicode_ci NOT NULL,
  `email` varchar(100) COLLATE utf8mb4_unicode_ci NOT NULL,
  `gst` varchar(15) COLLATE utf8mb4_unicode_ci DEFAULT NULL,
  `contact` varchar(20) COLLATE utf8mb4_unicode_ci NOT NULL,
  `created_by` tinyint(4) NOT NULL,
  `updated_by` tinyint(4) NOT NULL,
  `created_at` timestamp NULL DEFAULT NULL,
  `updated_at` timestamp NULL DEFAULT NULL
) ENGINE=InnoDB DEFAULT CHARSET=utf8mb4 COLLATE=utf8mb4_unicode_ci;

--
-- Dumping data for table `ma_customer`
--

INSERT INTO `ma_customer` (`id`, `code`, `name`, `address`, `pincode`, `contact_person`, `email`, `gst`, `contact`, `created_by`, `updated_by`, `created_at`, `updated_at`) VALUES
(1, 'CS0001', 'APTRANSCO', 'Vidyut Soudha, Gunadala,Eluru Rd, Vijayawada, Andhra Pradesh 520004', '520004', 'Praveen Kumar', 'praveenkumar@aptransco.co.in', '29AADCC9174H1ZA', '87845613366', 1, 1, '2019-11-09 12:51:52', '2019-11-09 12:51:52'),
(2, 'CS0002', 'PGCIL', 'Plot No. 54, Beside Riya-Revti Resort, Opp. Ambe Vidhyalaya, 390008, Sama-Savli Rd, Chanakyapuri Society, Kasturba Nagar, New Sama, Vadodara, Gujarat 391740', '391740', 'NikalKumar', 'nikalkumar.n@pgcil.com', '24AAACP0252G1ZZ', '7463234499', 1, 1, '2019-11-13 11:51:38', '2019-11-13 11:51:38'),
(3, 'CS0003', 'Venus Electricals', '1st Main 3rd Cross Road, Sharadhamba Nagar, Jalahalli Village, Jalahalli, Bengaluru, Karnataka 560013', '560013', 'prabu', 'kumargs@venuselectricals.co.in', '25AABCO6063D1ZQ', '8744662616', 1, 1, '2019-11-13 11:58:28', '2019-11-13 11:58:28'),
(4, NULL, 'csg', 'fgsfg', '2341252', 'vbdsfgsdf', 'sfs@dgsd.bcn', '', '123242354', 1, 1, '2019-12-10 14:04:15', '2019-12-10 14:04:15'),
(5, NULL, 'fsadfasf', 'sdfsafas', '23425325', 'fssfs', 'sfs@dsf.nvc', '', '23545353', 1, 1, '2019-12-10 14:05:33', '2019-12-10 14:05:33'),
(6, NULL, 'NR ENERGY SOLUTIONS PVT LTD', 'PLOT NO:89 PANVEL IND \nCO-OP ESTATE LTD PANVEL\nNAVI MUMABI\nMAHARASHTRA', '410206', 'MR NIRMAL KUMAR', 'nirmal.kumar@nrec.com', '27AADCN9254B1ZI', '9551385141', 7, 7, '2020-01-07 09:38:22', '2020-01-07 09:38:22'),
(7, NULL, 'KPTCL', 'EXECUTIVE ENGINEER \n220KV RS MAHALINGPUR KPTCL \nRABKAVI ROAD\nMAHALINGUR', '587312', 'MR. JOHN DAS', 'john.das@ge.com', '29AABCK7281M7ZR', '7004706833', 7, 7, '2020-01-07 10:45:17', '2020-01-07 10:45:17'),
(8, NULL, 'ABB', 'SERVICE CENTRE \nSB-115 3RD CROSS PEENYA INDUSTRIAL AREA \nBANGALORE', '560058', 'MRS RASHMI', 'rashmi.ts@abb.com', '29AAACA3834B1ZA', '8022949687', 7, 7, '2020-01-07 11:04:13', '2020-01-07 11:04:13'),
(9, NULL, 'PCP CONTRACTS', 'GE TD INDIA LTD\nPALLAVARAM', '600043', 'MR  E HARIAHRAN', 'ekambaram.hariharan@ge.com', '', '9611896000', 7, 7, '2020-01-07 11:25:28', '2020-01-07 11:25:28'),
(10, NULL, 'SHREE NARAYAN SALES & SERVICES', '219 B, OLD CHINA BAZZAR STREET,\n1ST FLOOR, ROOM F1,\nKOLKATA', '700001', 'Customer', 'snss.anil@gmail.com', '', '9831000165', 13, 13, '2020-02-04 03:55:05', '2020-02-04 03:55:05'),
(11, NULL, 'TECHNO ELECTRIC & ENGINEERING CO.LTD', 'S-79,ASHIANA AMARGARH,NEW PALI ROAD SANGARIYA , JODHPUR , RAJASTHAN', '342001', 'Mr.GAUTAM', 'jodhpur@techno.co.in', NULL, '7976076883', 11, 11, '2020-02-06 04:01:28', '2020-02-06 04:02:40'),
(12, NULL, 'TATA PROJECTS LTD', '765/400/220KV PGCIL GSS BHADLA, VILLAGE NOOR KE BURJ , BHADLA ROAD , TEHSIL#BAP,JODHPUR', '342307', 'S.K.ANBUKARASU', 'anbukarasu@tatprojects.com', NULL, '6377445918', 11, 11, '2020-02-06 04:15:17', '2020-02-06 04:17:10'),
(13, NULL, 'BHARAT HEAVY ELECTRICAL LIMITED', '3*6690 MW NPGCIL STPP\nAT SHIVANPUR  ANKHORA AURANGABAD\nBIHAR', '824303', 'MR AWADESH KUMAR', 'snathdey@bhel.in', '07AAACG2115R2ZI', '9542491234', 11, 11, '2020-02-08 04:27:09', '2020-02-08 04:27:09'),
(14, NULL, 'REFEX ENERGY LTD', '100 MW SOLAR POWER PLANT\nSURVEY NO:337  ONAMAKULAM \nVILLAGE KAYATHAR TALUK \nTHOOTHUKUDI', '628714', 'MR MANOHARAN', 'electrical100@refexenergy.com', '33AADCR9790G1Z2', '9787831387', 11, 11, '2020-02-08 04:39:19', '2020-02-08 04:39:19'),
(15, NULL, 'MSETCL', '220/110/33 KV SS \n ADDITIONAL EXECUTIVE ENG\nWATHAR KOLHAPUR', '416112', 'SHRI V S JADHAV', 'adeeh518@mahatrasnco.in', '27AAECM2936N1Z2', '8411001869', 11, 11, '2020-02-08 04:52:14', '2020-02-08 04:52:14'),
(16, NULL, 'STEAG ENERGY PVT LTD', 'C/O ONGC TRIPURA POWER COMPANY LTD\nPALATANA UDAIPUR GOMATI DIST\nTRIPURA', '799116', 'MR J PRASAD', 'rawat.kuldeep@ongc.co.in', '16AAFCS1399L1ZV', '9774346331', 11, 11, '2020-02-08 05:18:49', '2020-02-08 05:18:49'),
(17, NULL, 'POPULAR SWITCH GEAR PVT LTD', 'BLOCK NO:298/D \nMOUJE VILLAGE LASUNDRA \nTALUK SAVLI DIST \nVADODARA', '391775', 'MR SAGAR JANGAM', 'gondequality@popularswitchgears.co.in', '24AABCP6540N1Z8', '0224011112', 11, 11, '2020-02-08 06:04:31', '2020-02-08 06:04:31'),
(18, NULL, 'TECHNO ELECTRIC AND ENG INEERING LTD', 'RAJSUKH PALACE TILAKNAGAR\nNEAR SOFIA SCHOOL BIKANEER \nRAJASTHAN', '334001', 'MR TARAK NANDY', 'site.bikaner@techno.co.in', '08AAJCS4400J1ZC', '7989108029', 11, 11, '2020-02-08 06:15:37', '2020-02-08 06:15:37'),
(19, NULL, 'MAHATRANSCO', '220/132/33 KV SS BIDRI\nA/P BIDRI TALUKA KAGAL DISTRICT\nKOLHAPUR', '416208', 'MR RANJIT CHAVAN', 'adeeh605@mahatransco.in', '27AAECM2936N1Z2', '8411001817', 11, 11, '2020-02-08 06:30:59', '2020-02-08 06:30:59'),
(20, NULL, 'NTPC', 'NTPC SWITCHYARD SIPAT BILLASPUR', '495555', 'MR J P PATEL', 'jaiprakashpatel@ntpc.co.in', '23AAACL0140P3ZP', '9424140838', 11, 11, '2020-02-08 07:08:38', '2020-02-08 07:08:38'),
(21, NULL, 'GETCO', 'GETCO 220KV RANASAN SS,S.P RING ROAD CIRCLE RANASAN,NEAR NANA CHILODA,AJMEDABAD', '382330', 'desscharaj', 'desscharaj.getco@gebmail.com', '', '9925208562', 15, 15, '2020-02-08 10:49:48', '2020-02-08 10:49:48'),
(22, NULL, 'L&T ELECTRICAL AUTOMATION', '32,SHIVAJI MARG,NEAR MATI NAGAR , NEW DELHI', '110015', 'YASHVEER SINGH', 'yashveer.singh@gmail.com', '', '911141419621', 11, 11, '2020-02-08 12:12:03', '2020-02-08 12:12:03'),
(23, NULL, 'SAKTHI SUGARS LIMITED', 'SAKTHI NAGAR , BHAVANI ERODE DISTRICT', '638315', '---', 'stores_u1@sakthisugars.com', '', '04422648164', 11, 11, '2020-02-08 12:21:52', '2020-02-08 12:21:52'),
(24, NULL, 'NLC', 'VILLA NO-32 , RAMAMOORTHI REDDIYAR NAGAR , P.O.GANDHI NAGAR , VADAKUTHU , NEYVELI', '607308', 'DHEERAJ GUPTA', 'dheeraj1.gupta@ge.com', '', '8280051374', 15, 15, '2020-02-10 04:15:19', '2020-02-10 04:15:19'),
(25, NULL, 'SRIVARI AGENCIES', 'NO.13 , MINT STREET', '600079', 'SUMATHI', 'srivari.relay@gmail.com', '', '9600018087', 1, 1, '2020-02-10 09:54:04', '2020-02-10 09:54:04'),
(26, NULL, 'ORISSA METALIKS PVT LIMITED', 'NH-6,GOKULPUR,SHYAMRAIPUR,KHARAGPUR,\nMEDINIPUR', '700001', 'S.NATRAJ', 'internal.audit@rashmigroup.com', '', '7477783800', 11, 11, '2020-02-10 10:11:31', '2020-02-10 10:11:31'),
(27, NULL, '220/132/33KV GSS RAMGARH', 'DVC NAISARAI CHAWK , RAMGARH', '823122', 'MR.RAJIB SARKAR', 'rajib.sarkar@ge.com', '', '8617090486', 11, 11, '2020-02-10 10:23:54', '2020-02-10 10:23:54'),
(28, NULL, 'TSTRANSCO', 'SE OMC CIRCLE , ARYA NAGAR , BANK COCLONY NIZAMABAD', '503230', 'MR.ARUN', 'eeelcnzbtsstransco@gmail.com', '', '9849005643', 11, 11, '2020-02-10 11:49:31', '2020-02-10 11:49:32'),
(29, NULL, 'KPCL', 'JOGFALLS , SHIMAGO , KARNATAKA', '577435', 'DYAALN', 'eecontrolsj.kpcl@gmail.com', '', '08022565658', 11, 11, '2020-02-11 06:53:53', '2020-02-11 06:53:53'),
(30, NULL, 'STELMEC LTD', '220/132/33KV MSETCL , NARANGWADI , OMERGA , OSMANABAD', '413606', 'SANTHOSH MURDANE', 'santhosh.stelmech@gmail.com', '', '9028856010', 15, 15, '2020-02-11 09:57:23', '2020-02-11 09:57:23'),
(31, NULL, 'DANS ENERGY PVT LTD', '2*48 MW JORETHANG LOOP \nHYDRO ELECTRIC PROJECT MAZITAR -J0RETHAN - MELLI ROAD SIKKIM', '737121', 'NITIN CHANDEL', 'nitin.chandel@dansenergy.com', '11AACCD022441ZN', '9382057858', 11, 11, '2020-02-12 03:09:09', '2020-02-12 03:09:09'),
(32, NULL, 'TANGEDCO', 'ASST EXE ENGN /MRT\n132 D CUTCHERY STREET \nGOBI ELECT DISTRIBUTION CIRCLE ERODE', '638452', 'MR JAYAKUMAR', 'aeemrtgobi@tnebnet.org', '33AADCT4784E1ZC', '9445852116', 11, 11, '2020-02-12 03:26:13', '2020-02-12 03:26:13'),
(33, NULL, 'SYSTEM CONTROLS & SWITCHGEARS', 'PLOT NO 8 , BLOCK A , PH-1 , INDUSTRIAL AREA , NARAINA , NEW DELHI', '110028', 'MRS.JASPREET', 'sales@systemcontrols.co.in', '', '9810057358', 11, 11, '2020-02-13 03:20:29', '2020-02-13 03:20:29'),
(34, NULL, 'CSPTCL', '400/220KV , KURUD , DHAMTARI , CHATTISGARH', '493663', 'GAUTAM KUMAR SINGH', 'gautam.singh@ge.com', '', '9970648638', 11, 11, '2020-02-13 10:02:02', '2020-02-13 10:02:02'),
(35, NULL, 'DANISH PRIVATE LIMITED', 'F-679-680&G-694 , SITAPURA INDUSTRIAL PARK, JAIPUR', '302022', 'DANISH', 'info@danish.co.in', '', '911415164500', 11, 11, '2020-02-13 11:07:43', '2020-02-13 11:07:43'),
(36, NULL, 'SYSTEM CONTROL & AUTOMATION PVT.LTD', 'UUYAN INDUSTRIAL ESTATE - PLOT - P87 & P -88 , PAGLADANGE ROAD , KOLKATA', '700015', 'SUBHABRATA KUNDU', 'dp@scapl.in', '', '9830614337', 11, 11, '2020-02-13 11:13:31', '2020-02-13 11:13:31'),
(37, NULL, 'GE T&D', '400/220KV GIS SUBSTATION , AT GUMMA , PRAGATINAGAR , HIMACHAL PRADESH', '171018', 'RAKESH KUMAR SINGH', 'rakeshkumar.singhconstruction@ge.com', '', '9096989623', 11, 11, '2020-02-13 11:17:11', '2020-02-13 11:17:11'),
(38, NULL, 'PROCUREMENT', 'ALSTOM T D INDIA LTD\n19/1 GST ROAD ,CHENNAI', '600043', 'MR GUNA VINOTH KUMAR', 'guna.vinothkumar@ge.com', '33AAACG2115R1ZO', '9600067351', 11, 11, '2020-02-14 05:28:33', '2020-02-14 05:28:33');

-- --------------------------------------------------------

--
-- Table structure for table `ma_customer_location_trans`
--

CREATE TABLE `ma_customer_location_trans` (
  `customer_id` bigint(20) NOT NULL,
  `location_id` bigint(20) NOT NULL,
  `created_by` tinyint(4) NOT NULL,
  `updated_by` tinyint(4) NOT NULL,
  `created_at` timestamp NULL DEFAULT NULL,
  `updated_at` timestamp NULL DEFAULT NULL
) ENGINE=InnoDB DEFAULT CHARSET=utf8mb4 COLLATE=utf8mb4_unicode_ci;

--
-- Dumping data for table `ma_customer_location_trans`
--

INSERT INTO `ma_customer_location_trans` (`customer_id`, `location_id`, `created_by`, `updated_by`, `created_at`, `updated_at`) VALUES
(1, 1, 1, 1, '2019-11-09 12:51:53', '2019-11-09 12:51:53'),
(2, 217, 1, 1, '2019-11-13 11:51:38', '2019-11-13 11:51:38'),
(3, 303, 1, 1, '2019-11-13 11:58:28', '2019-11-13 11:58:28'),
(4, 46, 1, 1, '2019-12-10 14:04:15', '2019-12-10 14:04:15'),
(5, 47, 1, 1, '2019-12-10 14:05:33', '2019-12-10 14:05:33'),
(6, 742, 7, 7, '2020-01-07 09:38:22', '2020-01-07 09:38:22'),
(7, 743, 7, 7, '2020-01-07 10:45:17', '2020-01-07 10:45:17'),
(8, 744, 7, 7, '2020-01-07 11:04:13', '2020-01-07 11:04:13'),
(9, 745, 7, 7, '2020-01-07 11:25:28', '2020-01-07 11:25:28'),
(10, 735, 13, 13, '2020-02-04 03:55:05', '2020-02-04 03:55:05'),
(11, 746, 11, 11, '2020-02-06 04:01:28', '2020-02-06 04:02:40'),
(12, 547, 11, 11, '2020-02-06 04:15:18', '2020-02-06 04:17:10'),
(13, 747, 11, 11, '2020-02-08 04:27:09', '2020-02-08 04:27:09'),
(14, 748, 11, 11, '2020-02-08 04:39:19', '2020-02-08 04:39:19'),
(15, 409, 11, 11, '2020-02-08 04:52:14', '2020-02-08 04:52:14'),
(16, 749, 11, 11, '2020-02-08 05:18:49', '2020-02-08 05:18:49'),
(17, 750, 11, 11, '2020-02-08 06:04:31', '2020-02-08 06:04:31'),
(18, 746, 11, 11, '2020-02-08 06:15:37', '2020-02-08 06:15:37'),
(19, 409, 11, 11, '2020-02-08 06:30:59', '2020-02-08 06:30:59'),
(20, 241, 11, 11, '2020-02-08 07:08:38', '2020-02-08 07:08:38'),
(21, 750, 15, 15, '2020-02-08 10:49:48', '2020-02-08 10:49:48'),
(22, 175, 11, 11, '2020-02-08 12:12:03', '2020-02-08 12:12:03'),
(23, 751, 11, 11, '2020-02-08 12:21:52', '2020-02-08 12:21:52'),
(24, 566, 15, 15, '2020-02-10 04:15:19', '2020-02-10 04:15:19'),
(25, 564, 1, 1, '2020-02-10 09:54:04', '2020-02-10 09:54:04'),
(26, 754, 11, 11, '2020-02-10 10:11:31', '2020-02-10 10:11:31'),
(27, 755, 11, 11, '2020-02-10 10:23:54', '2020-02-10 10:23:54'),
(28, 756, 11, 11, '2020-02-10 11:49:32', '2020-02-10 11:49:32'),
(29, 759, 11, 11, '2020-02-11 06:53:53', '2020-02-11 06:53:53'),
(30, 760, 15, 15, '2020-02-11 09:57:23', '2020-02-11 09:57:23'),
(31, 761, 11, 11, '2020-02-12 03:09:09', '2020-02-12 03:09:09'),
(32, 569, 11, 11, '2020-02-12 03:26:13', '2020-02-12 03:26:13'),
(33, 175, 11, 11, '2020-02-13 03:20:29', '2020-02-13 03:20:29'),
(34, 767, 11, 11, '2020-02-13 10:02:02', '2020-02-13 10:02:02'),
(35, 542, 11, 11, '2020-02-13 11:07:43', '2020-02-13 11:07:43'),
(36, 735, 11, 11, '2020-02-13 11:13:32', '2020-02-13 11:13:32'),
(37, 770, 11, 11, '2020-02-13 11:17:11', '2020-02-13 11:17:11'),
(38, 564, 11, 11, '2020-02-14 05:28:33', '2020-02-14 05:28:33');

-- --------------------------------------------------------

--
-- Table structure for table `ma_customer_site_trans`
--

CREATE TABLE `ma_customer_site_trans` (
  `customer_id` bigint(20) NOT NULL,
  `site_id` bigint(20) NOT NULL,
  `created_by` tinyint(4) NOT NULL,
  `updated_by` tinyint(4) NOT NULL,
  `created_at` timestamp NULL DEFAULT NULL,
  `updated_at` timestamp NULL DEFAULT NULL
) ENGINE=InnoDB DEFAULT CHARSET=utf8mb4 COLLATE=utf8mb4_unicode_ci;

--
-- Dumping data for table `ma_customer_site_trans`
--

INSERT INTO `ma_customer_site_trans` (`customer_id`, `site_id`, `created_by`, `updated_by`, `created_at`, `updated_at`) VALUES
(1, 1, 1, 1, '2019-11-09 12:51:53', '2019-11-09 12:51:53'),
(4, 1, 1, 1, '2019-12-10 14:04:15', '2019-12-10 14:04:15'),
(5, 1, 1, 1, '2019-12-10 14:05:33', '2019-12-10 14:05:33'),
(6, 2, 7, 7, '2020-01-07 09:38:22', '2020-01-07 09:38:22'),
(7, 3, 7, 7, '2020-01-07 10:45:17', '2020-01-07 10:45:17'),
(8, 4, 7, 7, '2020-01-07 11:04:13', '2020-01-07 11:04:13'),
(9, 5, 7, 7, '2020-01-07 11:25:28', '2020-01-07 11:25:28'),
(11, 8, 11, 11, '2020-02-06 04:01:28', '2020-02-06 04:02:40'),
(12, 9, 11, 11, '2020-02-06 04:15:18', '2020-02-06 04:17:10'),
(13, 10, 11, 11, '2020-02-08 04:27:09', '2020-02-08 04:27:09'),
(14, 11, 11, 11, '2020-02-08 04:39:19', '2020-02-08 04:39:19'),
(15, 12, 11, 11, '2020-02-08 04:52:14', '2020-02-08 04:52:14'),
(16, 13, 11, 11, '2020-02-08 05:18:49', '2020-02-08 05:18:49'),
(17, 14, 11, 11, '2020-02-08 06:04:31', '2020-02-08 06:04:31'),
(18, 8, 11, 11, '2020-02-08 06:15:37', '2020-02-08 06:15:37'),
(19, 15, 11, 11, '2020-02-08 06:30:59', '2020-02-08 06:30:59'),
(20, 16, 11, 11, '2020-02-08 07:08:38', '2020-02-08 07:08:38'),
(25, 22, 1, 1, '2020-02-10 09:54:04', '2020-02-10 09:54:04'),
(26, 23, 11, 11, '2020-02-10 10:11:31', '2020-02-10 10:11:31'),
(31, 25, 11, 11, '2020-02-12 03:09:09', '2020-02-12 03:09:09'),
(32, 20, 11, 11, '2020-02-12 03:26:13', '2020-02-12 03:26:13'),
(38, 22, 11, 11, '2020-02-14 05:28:33', '2020-02-14 05:28:33');

-- --------------------------------------------------------

--
-- Table structure for table `ma_location`
--

CREATE TABLE `ma_location` (
  `id` bigint(20) UNSIGNED NOT NULL,
  `code` varchar(20) COLLATE utf8mb4_unicode_ci NOT NULL,
  `name` varchar(50) COLLATE utf8mb4_unicode_ci NOT NULL,
  `created_by` tinyint(4) NOT NULL,
  `updated_by` tinyint(4) NOT NULL,
  `created_at` timestamp NULL DEFAULT NULL,
  `updated_at` timestamp NULL DEFAULT NULL
) ENGINE=InnoDB DEFAULT CHARSET=utf8mb4 COLLATE=utf8mb4_unicode_ci;

--
-- Dumping data for table `ma_location`
--

INSERT INTO `ma_location` (`id`, `code`, `name`, `created_by`, `updated_by`, `created_at`, `updated_at`) VALUES
(41, '603', 'NICOBARS', 1, 1, '0000-00-00 00:00:00', '0000-00-00 00:00:00'),
(42, '632', 'NORTH AND MIDDLE ANDAMAN', 1, 1, '0000-00-00 00:00:00', '0000-00-00 00:00:00'),
(43, '602', 'SOUTH ANDAMANS', 1, 1, '0000-00-00 00:00:00', '0000-00-00 00:00:00'),
(44, '502', 'ANANTAPUR', 1, 1, '0000-00-00 00:00:00', '0000-00-00 00:00:00'),
(45, '503', 'CHITTOOR', 1, 1, '0000-00-00 00:00:00', '0000-00-00 00:00:00'),
(46, '505', 'EAST GODAVARI', 1, 1, '0000-00-00 00:00:00', '0000-00-00 00:00:00'),
(47, '506', 'GUNTUR', 1, 1, '0000-00-00 00:00:00', '0000-00-00 00:00:00'),
(48, '510', 'KRISHNA', 1, 1, '0000-00-00 00:00:00', '0000-00-00 00:00:00'),
(49, '511', 'KURNOOL', 1, 1, '0000-00-00 00:00:00', '0000-00-00 00:00:00'),
(50, '517', 'PRAKASAM', 1, 1, '0000-00-00 00:00:00', '0000-00-00 00:00:00'),
(51, '515', 'SPSR NELLORE', 1, 1, '0000-00-00 00:00:00', '0000-00-00 00:00:00'),
(52, '519', 'SRIKAKULAM', 1, 1, '0000-00-00 00:00:00', '0000-00-00 00:00:00'),
(53, '520', 'VISAKHAPATANAM', 1, 1, '0000-00-00 00:00:00', '0000-00-00 00:00:00'),
(54, '521', 'VIZIANAGARAM', 1, 1, '0000-00-00 00:00:00', '0000-00-00 00:00:00'),
(55, '523', 'WEST GODAVARI', 1, 1, '0000-00-00 00:00:00', '0000-00-00 00:00:00'),
(56, '504', 'Y.S.R.', 1, 1, '0000-00-00 00:00:00', '0000-00-00 00:00:00'),
(57, '628', 'ANJAW', 1, 1, '0000-00-00 00:00:00', '0000-00-00 00:00:00'),
(58, '229', 'CHANGLANG', 1, 1, '0000-00-00 00:00:00', '0000-00-00 00:00:00'),
(59, '230', 'DIBANG VALLEY', 1, 1, '0000-00-00 00:00:00', '0000-00-00 00:00:00'),
(60, '231', 'EAST KAMENG', 1, 1, '0000-00-00 00:00:00', '0000-00-00 00:00:00'),
(61, '232', 'EAST SIANG', 1, 1, '0000-00-00 00:00:00', '0000-00-00 00:00:00'),
(62, '677', 'Kra Daadi', 1, 1, '0000-00-00 00:00:00', '0000-00-00 00:00:00'),
(63, '233', 'KURUNG KUMEY', 1, 1, '0000-00-00 00:00:00', '0000-00-00 00:00:00'),
(64, '234', 'LOHIT', 1, 1, '0000-00-00 00:00:00', '0000-00-00 00:00:00'),
(65, '666', 'LONGDING', 1, 1, '0000-00-00 00:00:00', '0000-00-00 00:00:00'),
(66, '235', 'LOWER DIBANG VALLEY', 0, 0, '0000-00-00 00:00:00', '0000-00-00 00:00:00'),
(67, '236', 'LOWER SUBANSIRI', 0, 0, '0000-00-00 00:00:00', '0000-00-00 00:00:00'),
(68, '678', 'NAMSAI', 0, 0, '0000-00-00 00:00:00', '0000-00-00 00:00:00'),
(69, '237', 'PAPUM PARE', 0, 0, '0000-00-00 00:00:00', '0000-00-00 00:00:00'),
(70, '679', 'SIANG', 0, 0, '0000-00-00 00:00:00', '0000-00-00 00:00:00'),
(71, '238', 'TAWANG', 0, 0, '0000-00-00 00:00:00', '0000-00-00 00:00:00'),
(72, '239', 'TIRAP', 0, 0, '0000-00-00 00:00:00', '0000-00-00 00:00:00'),
(73, '240', 'UPPER SIANG', 0, 0, '0000-00-00 00:00:00', '0000-00-00 00:00:00'),
(74, '241', 'UPPER SUBANSIRI', 0, 0, '0000-00-00 00:00:00', '0000-00-00 00:00:00'),
(75, '242', 'WEST KAMENG', 0, 0, '0000-00-00 00:00:00', '0000-00-00 00:00:00'),
(76, '243', 'WEST SIANG', 0, 0, '0000-00-00 00:00:00', '0000-00-00 00:00:00'),
(77, '616', 'BAKSA', 0, 0, '0000-00-00 00:00:00', '0000-00-00 00:00:00'),
(78, '280', 'BARPETA', 0, 0, '0000-00-00 00:00:00', '0000-00-00 00:00:00'),
(79, '281', 'BONGAIGAON', 0, 0, '0000-00-00 00:00:00', '0000-00-00 00:00:00'),
(80, '282', 'CACHAR', 0, 0, '0000-00-00 00:00:00', '0000-00-00 00:00:00'),
(81, '612', 'CHIRANG', 0, 0, '0000-00-00 00:00:00', '0000-00-00 00:00:00'),
(82, '283', 'DARRANG', 0, 0, '0000-00-00 00:00:00', '0000-00-00 00:00:00'),
(83, '284', 'DHEMAJI', 0, 0, '0000-00-00 00:00:00', '0000-00-00 00:00:00'),
(84, '285', 'DHUBRI', 0, 0, '0000-00-00 00:00:00', '0000-00-00 00:00:00'),
(85, '286', 'DIBRUGARH', 0, 0, '0000-00-00 00:00:00', '0000-00-00 00:00:00'),
(86, '299', 'DIMA HASAO', 0, 0, '0000-00-00 00:00:00', '0000-00-00 00:00:00'),
(87, '287', 'GOALPARA', 0, 0, '0000-00-00 00:00:00', '0000-00-00 00:00:00'),
(88, '288', 'GOLAGHAT', 0, 0, '0000-00-00 00:00:00', '0000-00-00 00:00:00'),
(89, '289', 'HAILAKANDI', 0, 0, '0000-00-00 00:00:00', '0000-00-00 00:00:00'),
(90, '290', 'JORHAT', 0, 0, '0000-00-00 00:00:00', '0000-00-00 00:00:00'),
(91, '291', 'KAMRUP', 0, 0, '0000-00-00 00:00:00', '0000-00-00 00:00:00'),
(92, '618', 'KAMRUP METRO', 0, 0, '0000-00-00 00:00:00', '0000-00-00 00:00:00'),
(93, '292', 'KARBI ANGLONG', 0, 0, '0000-00-00 00:00:00', '0000-00-00 00:00:00'),
(94, '293', 'KARIMGANJ', 0, 0, '0000-00-00 00:00:00', '0000-00-00 00:00:00'),
(95, '294', 'KOKRAJHAR', 0, 0, '0000-00-00 00:00:00', '0000-00-00 00:00:00'),
(96, '295', 'LAKHIMPUR', 0, 0, '0000-00-00 00:00:00', '0000-00-00 00:00:00'),
(97, '296', 'MARIGAON', 0, 0, '0000-00-00 00:00:00', '0000-00-00 00:00:00'),
(98, '297', 'NAGAON', 0, 0, '0000-00-00 00:00:00', '0000-00-00 00:00:00'),
(99, '298', 'NALBARI', 0, 0, '0000-00-00 00:00:00', '0000-00-00 00:00:00'),
(100, '300', 'SIVASAGAR', 0, 0, '0000-00-00 00:00:00', '0000-00-00 00:00:00'),
(101, '301', 'SONITPUR', 0, 0, '0000-00-00 00:00:00', '0000-00-00 00:00:00'),
(102, '302', 'TINSUKIA', 0, 0, '0000-00-00 00:00:00', '0000-00-00 00:00:00'),
(103, '617', 'UDALGURI', 0, 0, '0000-00-00 00:00:00', '0000-00-00 00:00:00'),
(104, '188', 'ARARIA', 0, 0, '0000-00-00 00:00:00', '0000-00-00 00:00:00'),
(105, '611', 'ARWAL', 0, 0, '0000-00-00 00:00:00', '0000-00-00 00:00:00'),
(106, '189', 'AURANGABAD', 0, 0, '0000-00-00 00:00:00', '0000-00-00 00:00:00'),
(107, '190', 'BANKA', 0, 0, '0000-00-00 00:00:00', '0000-00-00 00:00:00'),
(108, '191', 'BEGUSARAI', 0, 0, '0000-00-00 00:00:00', '0000-00-00 00:00:00'),
(109, '192', 'BHAGALPUR', 0, 0, '0000-00-00 00:00:00', '0000-00-00 00:00:00'),
(110, '193', 'BHOJPUR', 0, 0, '0000-00-00 00:00:00', '0000-00-00 00:00:00'),
(111, '194', 'BUXAR', 0, 0, '0000-00-00 00:00:00', '0000-00-00 00:00:00'),
(112, '195', 'DARBHANGA', 0, 0, '0000-00-00 00:00:00', '0000-00-00 00:00:00'),
(113, '196', 'GAYA', 0, 0, '0000-00-00 00:00:00', '0000-00-00 00:00:00'),
(114, '197', 'GOPALGANJ', 0, 0, '0000-00-00 00:00:00', '0000-00-00 00:00:00'),
(115, '198', 'JAMUI', 0, 0, '0000-00-00 00:00:00', '0000-00-00 00:00:00'),
(116, '199', 'JEHANABAD', 0, 0, '0000-00-00 00:00:00', '0000-00-00 00:00:00'),
(117, '200', 'KAIMUR (BHABUA)', 0, 0, '0000-00-00 00:00:00', '0000-00-00 00:00:00'),
(118, '201', 'KATIHAR', 0, 0, '0000-00-00 00:00:00', '0000-00-00 00:00:00'),
(119, '202', 'KHAGARIA', 0, 0, '0000-00-00 00:00:00', '0000-00-00 00:00:00'),
(120, '203', 'KISHANGANJ', 0, 0, '0000-00-00 00:00:00', '0000-00-00 00:00:00'),
(121, '204', 'LAKHISARAI', 0, 0, '0000-00-00 00:00:00', '0000-00-00 00:00:00'),
(122, '205', 'MADHEPURA', 0, 0, '0000-00-00 00:00:00', '0000-00-00 00:00:00'),
(123, '206', 'MADHUBANI', 0, 0, '0000-00-00 00:00:00', '0000-00-00 00:00:00'),
(124, '207', 'MUNGER', 0, 0, '0000-00-00 00:00:00', '0000-00-00 00:00:00'),
(125, '208', 'MUZAFFARPUR', 0, 0, '0000-00-00 00:00:00', '0000-00-00 00:00:00'),
(126, '209', 'NALANDA', 0, 0, '0000-00-00 00:00:00', '0000-00-00 00:00:00'),
(127, '210', 'NAWADA', 0, 0, '0000-00-00 00:00:00', '0000-00-00 00:00:00'),
(128, '211', 'PASHCHIM CHAMPARAN', 0, 0, '0000-00-00 00:00:00', '0000-00-00 00:00:00'),
(129, '212', 'PATNA', 0, 0, '0000-00-00 00:00:00', '0000-00-00 00:00:00'),
(130, '213', 'PURBI CHAMPARAN', 0, 0, '0000-00-00 00:00:00', '0000-00-00 00:00:00'),
(131, '214', 'PURNIA', 0, 0, '0000-00-00 00:00:00', '0000-00-00 00:00:00'),
(132, '215', 'ROHTAS', 0, 0, '0000-00-00 00:00:00', '0000-00-00 00:00:00'),
(133, '216', 'SAHARSA', 0, 0, '0000-00-00 00:00:00', '0000-00-00 00:00:00'),
(134, '217', 'SAMASTIPUR', 0, 0, '0000-00-00 00:00:00', '0000-00-00 00:00:00'),
(135, '218', 'SARAN', 0, 0, '0000-00-00 00:00:00', '0000-00-00 00:00:00'),
(136, '219', 'SHEIKHPURA', 0, 0, '0000-00-00 00:00:00', '0000-00-00 00:00:00'),
(137, '220', 'SHEOHAR', 0, 0, '0000-00-00 00:00:00', '0000-00-00 00:00:00'),
(138, '221', 'SITAMARHI', 0, 0, '0000-00-00 00:00:00', '0000-00-00 00:00:00'),
(139, '222', 'SIWAN', 0, 0, '0000-00-00 00:00:00', '0000-00-00 00:00:00'),
(140, '223', 'SUPAUL', 0, 0, '0000-00-00 00:00:00', '0000-00-00 00:00:00'),
(141, '224', 'VAISHALI', 0, 0, '0000-00-00 00:00:00', '0000-00-00 00:00:00'),
(142, '44', 'CHANDIGARH', 0, 0, '0000-00-00 00:00:00', '0000-00-00 00:00:00'),
(143, '646', 'BALOD', 0, 0, '0000-00-00 00:00:00', '0000-00-00 00:00:00'),
(144, '644', 'BALODA BAZAR', 0, 0, '0000-00-00 00:00:00', '0000-00-00 00:00:00'),
(145, '649', 'BALRAMPUR', 0, 0, '0000-00-00 00:00:00', '0000-00-00 00:00:00'),
(146, '374', 'BASTAR', 0, 0, '0000-00-00 00:00:00', '0000-00-00 00:00:00'),
(147, '650', 'BEMETARA', 0, 0, '0000-00-00 00:00:00', '0000-00-00 00:00:00'),
(148, '636', 'BIJAPUR', 0, 0, '0000-00-00 00:00:00', '0000-00-00 00:00:00'),
(149, '375', 'BILASPUR', 0, 0, '0000-00-00 00:00:00', '0000-00-00 00:00:00'),
(150, '376', 'DANTEWADA', 0, 0, '0000-00-00 00:00:00', '0000-00-00 00:00:00'),
(151, '377', 'DHAMTARI', 0, 0, '0000-00-00 00:00:00', '0000-00-00 00:00:00'),
(152, '378', 'DURG', 0, 0, '0000-00-00 00:00:00', '0000-00-00 00:00:00'),
(153, '645', 'GARIYABAND', 0, 0, '0000-00-00 00:00:00', '0000-00-00 00:00:00'),
(154, '379', 'JANJGIR-CHAMPA', 0, 0, '0000-00-00 00:00:00', '0000-00-00 00:00:00'),
(155, '380', 'JASHPUR', 0, 0, '0000-00-00 00:00:00', '0000-00-00 00:00:00'),
(156, '382', 'KABIRDHAM', 0, 0, '0000-00-00 00:00:00', '0000-00-00 00:00:00'),
(157, '381', 'KANKER', 0, 0, '0000-00-00 00:00:00', '0000-00-00 00:00:00'),
(158, '643', 'KONDAGAON', 0, 0, '0000-00-00 00:00:00', '0000-00-00 00:00:00'),
(159, '383', 'KORBA', 0, 0, '0000-00-00 00:00:00', '0000-00-00 00:00:00'),
(160, '384', 'KOREA', 0, 0, '0000-00-00 00:00:00', '0000-00-00 00:00:00'),
(161, '385', 'MAHASAMUND', 0, 0, '0000-00-00 00:00:00', '0000-00-00 00:00:00'),
(162, '647', 'MUNGELI', 0, 0, '0000-00-00 00:00:00', '0000-00-00 00:00:00'),
(163, '637', 'NARAYANPUR', 0, 0, '0000-00-00 00:00:00', '0000-00-00 00:00:00'),
(164, '386', 'RAIGARH', 0, 0, '0000-00-00 00:00:00', '0000-00-00 00:00:00'),
(165, '387', 'RAIPUR', 0, 0, '0000-00-00 00:00:00', '0000-00-00 00:00:00'),
(166, '388', 'RAJNANDGAON', 0, 0, '0000-00-00 00:00:00', '0000-00-00 00:00:00'),
(167, '642', 'SUKMA', 0, 0, '0000-00-00 00:00:00', '0000-00-00 00:00:00'),
(168, '648', 'SURAJPUR', 0, 0, '0000-00-00 00:00:00', '0000-00-00 00:00:00'),
(169, '389', 'SURGUJA', 0, 0, '0000-00-00 00:00:00', '0000-00-00 00:00:00'),
(170, '465', 'DADRA AND NAGAR HAVELI', 0, 0, '0000-00-00 00:00:00', '0000-00-00 00:00:00'),
(171, '463', 'DAMAN', 0, 0, '0000-00-00 00:00:00', '0000-00-00 00:00:00'),
(172, '464', 'DIU', 0, 0, '0000-00-00 00:00:00', '0000-00-00 00:00:00'),
(173, '77', 'CENTRAL', 0, 0, '0000-00-00 00:00:00', '0000-00-00 00:00:00'),
(174, '78', 'EAST', 0, 0, '0000-00-00 00:00:00', '0000-00-00 00:00:00'),
(175, '79', 'NEW DELHI', 0, 0, '0000-00-00 00:00:00', '0000-00-00 00:00:00'),
(176, '80', 'NORTH', 0, 0, '0000-00-00 00:00:00', '0000-00-00 00:00:00'),
(177, '81', 'NORTH EAST', 0, 0, '0000-00-00 00:00:00', '0000-00-00 00:00:00'),
(178, '82', 'NORTH WEST', 0, 0, '0000-00-00 00:00:00', '0000-00-00 00:00:00'),
(179, '671', 'SHAHDARA', 0, 0, '0000-00-00 00:00:00', '0000-00-00 00:00:00'),
(180, '83', 'SOUTH', 0, 0, '0000-00-00 00:00:00', '0000-00-00 00:00:00'),
(181, '670', 'South East', 0, 0, '0000-00-00 00:00:00', '0000-00-00 00:00:00'),
(182, '84', 'SOUTH WEST', 0, 0, '0000-00-00 00:00:00', '0000-00-00 00:00:00'),
(183, '85', 'WEST', 0, 0, '0000-00-00 00:00:00', '0000-00-00 00:00:00'),
(184, '551', 'NORTH GOA', 0, 0, '0000-00-00 00:00:00', '0000-00-00 00:00:00'),
(185, '552', 'SOUTH GOA', 0, 0, '0000-00-00 00:00:00', '0000-00-00 00:00:00'),
(186, '438', 'AHMADABAD', 0, 0, '0000-00-00 00:00:00', '0000-00-00 00:00:00'),
(187, '439', 'AMRELI', 0, 0, '0000-00-00 00:00:00', '0000-00-00 00:00:00'),
(188, '440', 'ANAND', 0, 0, '0000-00-00 00:00:00', '0000-00-00 00:00:00'),
(189, '672', 'ARVALLI', 0, 0, '0000-00-00 00:00:00', '0000-00-00 00:00:00'),
(190, '441', 'BANAS KANTHA', 0, 0, '0000-00-00 00:00:00', '0000-00-00 00:00:00'),
(191, '442', 'BHARUCH', 0, 0, '0000-00-00 00:00:00', '0000-00-00 00:00:00'),
(192, '443', 'BHAVNAGAR', 0, 0, '0000-00-00 00:00:00', '0000-00-00 00:00:00'),
(193, '676', 'BOTAD', 0, 0, '0000-00-00 00:00:00', '0000-00-00 00:00:00'),
(194, '668', 'CHHOTAUDEPUR', 0, 0, '0000-00-00 00:00:00', '0000-00-00 00:00:00'),
(195, '444', 'DANG', 0, 0, '0000-00-00 00:00:00', '0000-00-00 00:00:00'),
(196, '674', 'DEVBHUMI DWARKA', 0, 0, '0000-00-00 00:00:00', '0000-00-00 00:00:00'),
(197, '445', 'DOHAD', 0, 0, '0000-00-00 00:00:00', '0000-00-00 00:00:00'),
(198, '446', 'GANDHINAGAR', 0, 0, '0000-00-00 00:00:00', '0000-00-00 00:00:00'),
(199, '675', 'GIR SOMNATH', 0, 0, '0000-00-00 00:00:00', '0000-00-00 00:00:00'),
(200, '447', 'JAMNAGAR', 0, 0, '0000-00-00 00:00:00', '0000-00-00 00:00:00'),
(201, '448', 'JUNAGADH', 0, 0, '0000-00-00 00:00:00', '0000-00-00 00:00:00'),
(202, '449', 'KACHCHH', 0, 0, '0000-00-00 00:00:00', '0000-00-00 00:00:00'),
(203, '450', 'KHEDA', 0, 0, '0000-00-00 00:00:00', '0000-00-00 00:00:00'),
(204, '451', 'MAHESANA', 0, 0, '0000-00-00 00:00:00', '0000-00-00 00:00:00'),
(205, '669', 'Mahisagar', 0, 0, '0000-00-00 00:00:00', '0000-00-00 00:00:00'),
(206, '673', 'MORBI', 0, 0, '0000-00-00 00:00:00', '0000-00-00 00:00:00'),
(207, '452', 'NARMADA', 0, 0, '0000-00-00 00:00:00', '0000-00-00 00:00:00'),
(208, '453', 'NAVSARI', 0, 0, '0000-00-00 00:00:00', '0000-00-00 00:00:00'),
(209, '454', 'PANCH MAHALS', 0, 0, '0000-00-00 00:00:00', '0000-00-00 00:00:00'),
(210, '455', 'PATAN', 0, 0, '0000-00-00 00:00:00', '0000-00-00 00:00:00'),
(211, '456', 'PORBANDAR', 0, 0, '0000-00-00 00:00:00', '0000-00-00 00:00:00'),
(212, '457', 'RAJKOT', 0, 0, '0000-00-00 00:00:00', '0000-00-00 00:00:00'),
(213, '458', 'SABAR KANTHA', 0, 0, '0000-00-00 00:00:00', '0000-00-00 00:00:00'),
(214, '459', 'SURAT', 0, 0, '0000-00-00 00:00:00', '0000-00-00 00:00:00'),
(215, '460', 'SURENDRANAGAR', 0, 0, '0000-00-00 00:00:00', '0000-00-00 00:00:00'),
(216, '641', 'TAPI', 0, 0, '0000-00-00 00:00:00', '0000-00-00 00:00:00'),
(217, '461', 'VADODARA', 0, 0, '0000-00-00 00:00:00', '0000-00-00 00:00:00'),
(218, '462', 'VALSAD', 0, 0, '0000-00-00 00:00:00', '0000-00-00 00:00:00'),
(219, '58', 'AMBALA', 0, 0, '0000-00-00 00:00:00', '0000-00-00 00:00:00'),
(220, '59', 'BHIWANI', 0, 0, '0000-00-00 00:00:00', '0000-00-00 00:00:00'),
(221, '701', 'CHARKI DADRI', 0, 0, '0000-00-00 00:00:00', '0000-00-00 00:00:00'),
(222, '60', 'FARIDABAD', 0, 0, '0000-00-00 00:00:00', '0000-00-00 00:00:00'),
(223, '61', 'FATEHABAD', 0, 0, '0000-00-00 00:00:00', '0000-00-00 00:00:00'),
(224, '62', 'GURUGRAM', 0, 0, '0000-00-00 00:00:00', '0000-00-00 00:00:00'),
(225, '63', 'HISAR', 0, 0, '0000-00-00 00:00:00', '0000-00-00 00:00:00'),
(226, '64', 'JHAJJAR', 0, 0, '0000-00-00 00:00:00', '0000-00-00 00:00:00'),
(227, '65', 'JIND', 0, 0, '0000-00-00 00:00:00', '0000-00-00 00:00:00'),
(228, '66', 'KAITHAL', 0, 0, '0000-00-00 00:00:00', '0000-00-00 00:00:00'),
(229, '67', 'KARNAL', 0, 0, '0000-00-00 00:00:00', '0000-00-00 00:00:00'),
(230, '68', 'KURUKSHETRA', 0, 0, '0000-00-00 00:00:00', '0000-00-00 00:00:00'),
(231, '69', 'MAHENDRAGARH', 0, 0, '0000-00-00 00:00:00', '0000-00-00 00:00:00'),
(232, '604', 'MEWAT', 0, 0, '0000-00-00 00:00:00', '0000-00-00 00:00:00'),
(233, '619', 'PALWAL', 0, 0, '0000-00-00 00:00:00', '0000-00-00 00:00:00'),
(234, '70', 'PANCHKULA', 0, 0, '0000-00-00 00:00:00', '0000-00-00 00:00:00'),
(235, '71', 'PANIPAT', 0, 0, '0000-00-00 00:00:00', '0000-00-00 00:00:00'),
(236, '72', 'REWARI', 0, 0, '0000-00-00 00:00:00', '0000-00-00 00:00:00'),
(237, '73', 'ROHTAK', 0, 0, '0000-00-00 00:00:00', '0000-00-00 00:00:00'),
(238, '74', 'SIRSA', 0, 0, '0000-00-00 00:00:00', '0000-00-00 00:00:00'),
(239, '75', 'SONIPAT', 0, 0, '0000-00-00 00:00:00', '0000-00-00 00:00:00'),
(240, '76', 'YAMUNANAGAR', 0, 0, '0000-00-00 00:00:00', '0000-00-00 00:00:00'),
(241, '15', 'BILASPUR', 0, 0, '0000-00-00 00:00:00', '0000-00-00 00:00:00'),
(242, '16', 'CHAMBA', 0, 0, '0000-00-00 00:00:00', '0000-00-00 00:00:00'),
(243, '17', 'HAMIRPUR', 0, 0, '0000-00-00 00:00:00', '0000-00-00 00:00:00'),
(244, '18', 'KANGRA', 0, 0, '0000-00-00 00:00:00', '0000-00-00 00:00:00'),
(245, '19', 'KINNAUR', 0, 0, '0000-00-00 00:00:00', '0000-00-00 00:00:00'),
(246, '20', 'KULLU', 0, 0, '0000-00-00 00:00:00', '0000-00-00 00:00:00'),
(247, '21', 'LAHUL AND SPITI', 0, 0, '0000-00-00 00:00:00', '0000-00-00 00:00:00'),
(248, '22', 'MANDI', 0, 0, '0000-00-00 00:00:00', '0000-00-00 00:00:00'),
(249, '23', 'SHIMLA', 0, 0, '0000-00-00 00:00:00', '0000-00-00 00:00:00'),
(250, '24', 'SIRMAUR', 0, 0, '0000-00-00 00:00:00', '0000-00-00 00:00:00'),
(251, '25', 'SOLAN', 0, 0, '0000-00-00 00:00:00', '0000-00-00 00:00:00'),
(252, '26', 'UNA', 0, 0, '0000-00-00 00:00:00', '0000-00-00 00:00:00'),
(253, '1', 'ANANTNAG', 0, 0, '0000-00-00 00:00:00', '0000-00-00 00:00:00'),
(254, '2', 'BADGAM', 0, 0, '0000-00-00 00:00:00', '0000-00-00 00:00:00'),
(255, '623', 'BANDIPORA', 0, 0, '0000-00-00 00:00:00', '0000-00-00 00:00:00'),
(256, '3', 'BARAMULLA', 0, 0, '0000-00-00 00:00:00', '0000-00-00 00:00:00'),
(257, '4', 'DODA', 0, 0, '0000-00-00 00:00:00', '0000-00-00 00:00:00'),
(258, '626', 'GANDERBAL', 0, 0, '0000-00-00 00:00:00', '0000-00-00 00:00:00'),
(259, '5', 'JAMMU', 0, 0, '0000-00-00 00:00:00', '0000-00-00 00:00:00'),
(260, '6', 'KARGIL', 0, 0, '0000-00-00 00:00:00', '0000-00-00 00:00:00'),
(261, '7', 'KATHUA', 0, 0, '0000-00-00 00:00:00', '0000-00-00 00:00:00'),
(262, '620', 'KISHTWAR', 0, 0, '0000-00-00 00:00:00', '0000-00-00 00:00:00'),
(263, '622', 'KULGAM', 0, 0, '0000-00-00 00:00:00', '0000-00-00 00:00:00'),
(264, '8', 'KUPWARA', 0, 0, '0000-00-00 00:00:00', '0000-00-00 00:00:00'),
(265, '9', 'LEH LADAKH', 0, 0, '0000-00-00 00:00:00', '0000-00-00 00:00:00'),
(266, '10', 'POONCH', 0, 0, '0000-00-00 00:00:00', '0000-00-00 00:00:00'),
(267, '11', 'PULWAMA', 0, 0, '0000-00-00 00:00:00', '0000-00-00 00:00:00'),
(268, '12', 'RAJAURI', 0, 0, '0000-00-00 00:00:00', '0000-00-00 00:00:00'),
(269, '621', 'RAMBAN', 0, 0, '0000-00-00 00:00:00', '0000-00-00 00:00:00'),
(270, '627', 'REASI', 0, 0, '0000-00-00 00:00:00', '0000-00-00 00:00:00'),
(271, '624', 'SAMBA', 0, 0, '0000-00-00 00:00:00', '0000-00-00 00:00:00'),
(272, '625', 'SHOPIAN', 0, 0, '0000-00-00 00:00:00', '0000-00-00 00:00:00'),
(273, '13', 'SRINAGAR', 0, 0, '0000-00-00 00:00:00', '0000-00-00 00:00:00'),
(274, '14', 'UDHAMPUR', 0, 0, '0000-00-00 00:00:00', '0000-00-00 00:00:00'),
(275, '322', 'BOKARO', 0, 0, '0000-00-00 00:00:00', '0000-00-00 00:00:00'),
(276, '323', 'CHATRA', 0, 0, '0000-00-00 00:00:00', '0000-00-00 00:00:00'),
(277, '324', 'DEOGHAR', 0, 0, '0000-00-00 00:00:00', '0000-00-00 00:00:00'),
(278, '325', 'DHANBAD', 0, 0, '0000-00-00 00:00:00', '0000-00-00 00:00:00'),
(279, '326', 'DUMKA', 0, 0, '0000-00-00 00:00:00', '0000-00-00 00:00:00'),
(280, '327', 'EAST SINGHBUM', 0, 0, '0000-00-00 00:00:00', '0000-00-00 00:00:00'),
(281, '328', 'GARHWA', 0, 0, '0000-00-00 00:00:00', '0000-00-00 00:00:00'),
(282, '329', 'GIRIDIH', 0, 0, '0000-00-00 00:00:00', '0000-00-00 00:00:00'),
(283, '330', 'GODDA', 0, 0, '0000-00-00 00:00:00', '0000-00-00 00:00:00'),
(284, '331', 'GUMLA', 0, 0, '0000-00-00 00:00:00', '0000-00-00 00:00:00'),
(285, '332', 'HAZARIBAGH', 0, 0, '0000-00-00 00:00:00', '0000-00-00 00:00:00'),
(286, '333', 'JAMTARA', 0, 0, '0000-00-00 00:00:00', '0000-00-00 00:00:00'),
(287, '606', 'KHUNTI', 0, 0, '0000-00-00 00:00:00', '0000-00-00 00:00:00'),
(288, '334', 'KODERMA', 0, 0, '0000-00-00 00:00:00', '0000-00-00 00:00:00'),
(289, '335', 'LATEHAR', 0, 0, '0000-00-00 00:00:00', '0000-00-00 00:00:00'),
(290, '336', 'LOHARDAGA', 0, 0, '0000-00-00 00:00:00', '0000-00-00 00:00:00'),
(291, '337', 'PAKUR', 0, 0, '0000-00-00 00:00:00', '0000-00-00 00:00:00'),
(292, '338', 'PALAMU', 0, 0, '0000-00-00 00:00:00', '0000-00-00 00:00:00'),
(293, '607', 'RAMGARH', 0, 0, '0000-00-00 00:00:00', '0000-00-00 00:00:00'),
(294, '339', 'RANCHI', 0, 0, '0000-00-00 00:00:00', '0000-00-00 00:00:00'),
(295, '340', 'SAHEBGANJ', 0, 0, '0000-00-00 00:00:00', '0000-00-00 00:00:00'),
(296, '341', 'SARAIKELA KHARSAWAN', 0, 0, '0000-00-00 00:00:00', '0000-00-00 00:00:00'),
(297, '342', 'SIMDEGA', 0, 0, '0000-00-00 00:00:00', '0000-00-00 00:00:00'),
(298, '343', 'WEST SINGHBHUM', 0, 0, '0000-00-00 00:00:00', '0000-00-00 00:00:00'),
(299, '524', 'BAGALKOT', 0, 0, '0000-00-00 00:00:00', '0000-00-00 00:00:00'),
(300, '528', 'BALLARI', 0, 0, '0000-00-00 00:00:00', '0000-00-00 00:00:00'),
(301, '527', 'BELAGAVI', 0, 0, '0000-00-00 00:00:00', '0000-00-00 00:00:00'),
(302, '526', 'BENGALURU RURAL', 0, 0, '0000-00-00 00:00:00', '0000-00-00 00:00:00'),
(303, '525', 'BENGALURU URBAN', 0, 0, '0000-00-00 00:00:00', '0000-00-00 00:00:00'),
(304, '529', 'BIDAR', 0, 0, '0000-00-00 00:00:00', '0000-00-00 00:00:00'),
(305, '531', 'CHAMARAJANAGAR', 0, 0, '0000-00-00 00:00:00', '0000-00-00 00:00:00'),
(306, '630', 'CHIKBALLAPUR', 0, 0, '0000-00-00 00:00:00', '0000-00-00 00:00:00'),
(307, '532', 'CHIKKAMAGALURU', 0, 0, '0000-00-00 00:00:00', '0000-00-00 00:00:00'),
(308, '533', 'CHITRADURGA', 0, 0, '0000-00-00 00:00:00', '0000-00-00 00:00:00'),
(309, '534', 'DAKSHIN KANNAD', 0, 0, '0000-00-00 00:00:00', '0000-00-00 00:00:00'),
(310, '535', 'DAVANGERE', 0, 0, '0000-00-00 00:00:00', '0000-00-00 00:00:00'),
(311, '536', 'DHARWAD', 0, 0, '0000-00-00 00:00:00', '0000-00-00 00:00:00'),
(312, '537', 'GADAG', 0, 0, '0000-00-00 00:00:00', '0000-00-00 00:00:00'),
(313, '539', 'HASSAN', 0, 0, '0000-00-00 00:00:00', '0000-00-00 00:00:00'),
(314, '540', 'HAVERI', 0, 0, '0000-00-00 00:00:00', '0000-00-00 00:00:00'),
(315, '538', 'KALABURAGI', 0, 0, '0000-00-00 00:00:00', '0000-00-00 00:00:00'),
(316, '541', 'KODAGU', 0, 0, '0000-00-00 00:00:00', '0000-00-00 00:00:00'),
(317, '542', 'KOLAR', 0, 0, '0000-00-00 00:00:00', '0000-00-00 00:00:00'),
(318, '543', 'KOPPAL', 0, 0, '0000-00-00 00:00:00', '0000-00-00 00:00:00'),
(319, '544', 'MANDYA', 0, 0, '0000-00-00 00:00:00', '0000-00-00 00:00:00'),
(320, '545', 'MYSURU', 0, 0, '0000-00-00 00:00:00', '0000-00-00 00:00:00'),
(321, '546', 'RAICHUR', 0, 0, '0000-00-00 00:00:00', '0000-00-00 00:00:00'),
(322, '631', 'RAMANAGARA', 0, 0, '0000-00-00 00:00:00', '0000-00-00 00:00:00'),
(323, '547', 'SHIVAMOGGA', 0, 0, '0000-00-00 00:00:00', '0000-00-00 00:00:00'),
(324, '548', 'TUMAKURU', 0, 0, '0000-00-00 00:00:00', '0000-00-00 00:00:00'),
(325, '549', 'UDUPI', 0, 0, '0000-00-00 00:00:00', '0000-00-00 00:00:00'),
(326, '550', 'UTTAR KANNAD', 0, 0, '0000-00-00 00:00:00', '0000-00-00 00:00:00'),
(327, '530', 'VIJAYAPURA', 0, 0, '0000-00-00 00:00:00', '0000-00-00 00:00:00'),
(328, '635', 'YADGIR', 0, 0, '0000-00-00 00:00:00', '0000-00-00 00:00:00'),
(329, '554', 'ALAPPUZHA', 0, 0, '0000-00-00 00:00:00', '0000-00-00 00:00:00'),
(330, '555', 'ERNAKULAM', 0, 0, '0000-00-00 00:00:00', '0000-00-00 00:00:00'),
(331, '556', 'IDUKKI', 0, 0, '0000-00-00 00:00:00', '0000-00-00 00:00:00'),
(332, '557', 'KANNUR', 0, 0, '0000-00-00 00:00:00', '0000-00-00 00:00:00'),
(333, '558', 'KASARAGOD', 0, 0, '0000-00-00 00:00:00', '0000-00-00 00:00:00'),
(334, '559', 'KOLLAM', 0, 0, '0000-00-00 00:00:00', '0000-00-00 00:00:00'),
(335, '560', 'KOTTAYAM', 0, 0, '0000-00-00 00:00:00', '0000-00-00 00:00:00'),
(336, '561', 'KOZHIKODE', 0, 0, '0000-00-00 00:00:00', '0000-00-00 00:00:00'),
(337, '562', 'MALAPPURAM', 0, 0, '0000-00-00 00:00:00', '0000-00-00 00:00:00'),
(338, '563', 'PALAKKAD', 0, 0, '0000-00-00 00:00:00', '0000-00-00 00:00:00'),
(339, '564', 'PATHANAMTHITTA', 0, 0, '0000-00-00 00:00:00', '0000-00-00 00:00:00'),
(340, '565', 'THIRUVANANTHAPURAM', 0, 0, '0000-00-00 00:00:00', '0000-00-00 00:00:00'),
(341, '566', 'THRISSUR', 0, 0, '0000-00-00 00:00:00', '0000-00-00 00:00:00'),
(342, '567', 'WAYANAD', 0, 0, '0000-00-00 00:00:00', '0000-00-00 00:00:00'),
(343, '553', 'LAKSHADWEEP DISTRICT', 0, 0, '0000-00-00 00:00:00', '0000-00-00 00:00:00'),
(344, '667', 'AGAR MALWA', 0, 0, '0000-00-00 00:00:00', '0000-00-00 00:00:00'),
(345, '639', 'ALIRAJPUR', 0, 0, '0000-00-00 00:00:00', '0000-00-00 00:00:00'),
(346, '390', 'ANUPPUR', 0, 0, '0000-00-00 00:00:00', '0000-00-00 00:00:00'),
(347, '391', 'ASHOKNAGAR', 0, 0, '0000-00-00 00:00:00', '0000-00-00 00:00:00'),
(348, '392', 'BALAGHAT', 0, 0, '0000-00-00 00:00:00', '0000-00-00 00:00:00'),
(349, '393', 'BARWANI', 0, 0, '0000-00-00 00:00:00', '0000-00-00 00:00:00'),
(350, '394', 'BETUL', 0, 0, '0000-00-00 00:00:00', '0000-00-00 00:00:00'),
(351, '395', 'BHIND', 0, 0, '0000-00-00 00:00:00', '0000-00-00 00:00:00'),
(352, '396', 'BHOPAL', 0, 0, '0000-00-00 00:00:00', '0000-00-00 00:00:00'),
(353, '397', 'BURHANPUR', 0, 0, '0000-00-00 00:00:00', '0000-00-00 00:00:00'),
(354, '398', 'CHHATARPUR', 0, 0, '0000-00-00 00:00:00', '0000-00-00 00:00:00'),
(355, '399', 'CHHINDWARA', 0, 0, '0000-00-00 00:00:00', '0000-00-00 00:00:00'),
(356, '400', 'DAMOH', 0, 0, '0000-00-00 00:00:00', '0000-00-00 00:00:00'),
(357, '401', 'DATIA', 0, 0, '0000-00-00 00:00:00', '0000-00-00 00:00:00'),
(358, '402', 'DEWAS', 0, 0, '0000-00-00 00:00:00', '0000-00-00 00:00:00'),
(359, '403', 'DHAR', 0, 0, '0000-00-00 00:00:00', '0000-00-00 00:00:00'),
(360, '404', 'DINDORI', 0, 0, '0000-00-00 00:00:00', '0000-00-00 00:00:00'),
(361, '405', 'EAST NIMAR', 0, 0, '0000-00-00 00:00:00', '0000-00-00 00:00:00'),
(362, '406', 'GUNA', 0, 0, '0000-00-00 00:00:00', '0000-00-00 00:00:00'),
(363, '407', 'GWALIOR', 0, 0, '0000-00-00 00:00:00', '0000-00-00 00:00:00'),
(364, '408', 'HARDA', 0, 0, '0000-00-00 00:00:00', '0000-00-00 00:00:00'),
(365, '409', 'HOSHANGABAD', 0, 0, '0000-00-00 00:00:00', '0000-00-00 00:00:00'),
(366, '410', 'INDORE', 0, 0, '0000-00-00 00:00:00', '0000-00-00 00:00:00'),
(367, '411', 'JABALPUR', 0, 0, '0000-00-00 00:00:00', '0000-00-00 00:00:00'),
(368, '412', 'JHABUA', 0, 0, '0000-00-00 00:00:00', '0000-00-00 00:00:00'),
(369, '413', 'KATNI', 0, 0, '0000-00-00 00:00:00', '0000-00-00 00:00:00'),
(370, '414', 'KHARGONE', 0, 0, '0000-00-00 00:00:00', '0000-00-00 00:00:00'),
(371, '415', 'MANDLA', 0, 0, '0000-00-00 00:00:00', '0000-00-00 00:00:00'),
(372, '416', 'MANDSAUR', 0, 0, '0000-00-00 00:00:00', '0000-00-00 00:00:00'),
(373, '417', 'MORENA', 0, 0, '0000-00-00 00:00:00', '0000-00-00 00:00:00'),
(374, '418', 'NARSINGHPUR', 0, 0, '0000-00-00 00:00:00', '0000-00-00 00:00:00'),
(375, '419', 'NEEMUCH', 0, 0, '0000-00-00 00:00:00', '0000-00-00 00:00:00'),
(376, '420', 'PANNA', 0, 0, '0000-00-00 00:00:00', '0000-00-00 00:00:00'),
(377, '421', 'RAISEN', 0, 0, '0000-00-00 00:00:00', '0000-00-00 00:00:00'),
(378, '422', 'RAJGARH', 0, 0, '0000-00-00 00:00:00', '0000-00-00 00:00:00'),
(379, '423', 'RATLAM', 0, 0, '0000-00-00 00:00:00', '0000-00-00 00:00:00'),
(380, '424', 'REWA', 0, 0, '0000-00-00 00:00:00', '0000-00-00 00:00:00'),
(381, '425', 'SAGAR', 0, 0, '0000-00-00 00:00:00', '0000-00-00 00:00:00'),
(382, '426', 'SATNA', 0, 0, '0000-00-00 00:00:00', '0000-00-00 00:00:00'),
(383, '427', 'SEHORE', 0, 0, '0000-00-00 00:00:00', '0000-00-00 00:00:00'),
(384, '428', 'SEONI', 0, 0, '0000-00-00 00:00:00', '0000-00-00 00:00:00'),
(385, '429', 'SHAHDOL', 0, 0, '0000-00-00 00:00:00', '0000-00-00 00:00:00'),
(386, '430', 'SHAJAPUR', 0, 0, '0000-00-00 00:00:00', '0000-00-00 00:00:00'),
(387, '431', 'SHEOPUR', 0, 0, '0000-00-00 00:00:00', '0000-00-00 00:00:00'),
(388, '432', 'SHIVPURI', 0, 0, '0000-00-00 00:00:00', '0000-00-00 00:00:00'),
(389, '433', 'SIDHI', 0, 0, '0000-00-00 00:00:00', '0000-00-00 00:00:00'),
(390, '638', 'SINGRAULI', 0, 0, '0000-00-00 00:00:00', '0000-00-00 00:00:00'),
(391, '434', 'TIKAMGARH', 0, 0, '0000-00-00 00:00:00', '0000-00-00 00:00:00'),
(392, '435', 'UJJAIN', 0, 0, '0000-00-00 00:00:00', '0000-00-00 00:00:00'),
(393, '436', 'UMARIA', 0, 0, '0000-00-00 00:00:00', '0000-00-00 00:00:00'),
(394, '437', 'VIDISHA', 0, 0, '0000-00-00 00:00:00', '0000-00-00 00:00:00'),
(395, '466', 'AHMEDNAGAR', 0, 0, '0000-00-00 00:00:00', '0000-00-00 00:00:00'),
(396, '467', 'AKOLA', 0, 0, '0000-00-00 00:00:00', '0000-00-00 00:00:00'),
(397, '468', 'AMRAVATI', 0, 0, '0000-00-00 00:00:00', '0000-00-00 00:00:00'),
(398, '469', 'AURANGABAD', 0, 0, '0000-00-00 00:00:00', '0000-00-00 00:00:00'),
(399, '470', 'BEED', 0, 0, '0000-00-00 00:00:00', '0000-00-00 00:00:00'),
(400, '471', 'BHANDARA', 0, 0, '0000-00-00 00:00:00', '0000-00-00 00:00:00'),
(401, '472', 'BULDHANA', 0, 0, '0000-00-00 00:00:00', '0000-00-00 00:00:00'),
(402, '473', 'CHANDRAPUR', 0, 0, '0000-00-00 00:00:00', '0000-00-00 00:00:00'),
(403, '474', 'DHULE', 0, 0, '0000-00-00 00:00:00', '0000-00-00 00:00:00'),
(404, '475', 'GADCHIROLI', 0, 0, '0000-00-00 00:00:00', '0000-00-00 00:00:00'),
(405, '476', 'GONDIA', 0, 0, '0000-00-00 00:00:00', '0000-00-00 00:00:00'),
(406, '477', 'HINGOLI', 0, 0, '0000-00-00 00:00:00', '0000-00-00 00:00:00'),
(407, '478', 'JALGAON', 0, 0, '0000-00-00 00:00:00', '0000-00-00 00:00:00'),
(408, '479', 'JALNA', 0, 0, '0000-00-00 00:00:00', '0000-00-00 00:00:00'),
(409, '480', 'KOLHAPUR', 0, 0, '0000-00-00 00:00:00', '0000-00-00 00:00:00'),
(410, '481', 'LATUR', 0, 0, '0000-00-00 00:00:00', '0000-00-00 00:00:00'),
(411, '482', 'MUMBAI', 0, 0, '0000-00-00 00:00:00', '0000-00-00 00:00:00'),
(412, '483', 'MUMBAI SUBURBAN', 0, 0, '0000-00-00 00:00:00', '0000-00-00 00:00:00'),
(413, '484', 'NAGPUR', 0, 0, '0000-00-00 00:00:00', '0000-00-00 00:00:00'),
(414, '485', 'NANDED', 0, 0, '0000-00-00 00:00:00', '0000-00-00 00:00:00'),
(415, '486', 'NANDURBAR', 0, 0, '0000-00-00 00:00:00', '0000-00-00 00:00:00'),
(416, '487', 'NASHIK', 0, 0, '0000-00-00 00:00:00', '0000-00-00 00:00:00'),
(417, '488', 'OSMANABAD', 0, 0, '0000-00-00 00:00:00', '0000-00-00 00:00:00'),
(418, '665', 'PALGHAR', 0, 0, '0000-00-00 00:00:00', '0000-00-00 00:00:00'),
(419, '489', 'PARBHANI', 0, 0, '0000-00-00 00:00:00', '0000-00-00 00:00:00'),
(420, '490', 'PUNE', 0, 0, '0000-00-00 00:00:00', '0000-00-00 00:00:00'),
(421, '491', 'RAIGAD', 0, 0, '0000-00-00 00:00:00', '0000-00-00 00:00:00'),
(422, '492', 'RATNAGIRI', 0, 0, '0000-00-00 00:00:00', '0000-00-00 00:00:00'),
(423, '493', 'SANGLI', 0, 0, '0000-00-00 00:00:00', '0000-00-00 00:00:00'),
(424, '494', 'SATARA', 0, 0, '0000-00-00 00:00:00', '0000-00-00 00:00:00'),
(425, '495', 'SINDHUDURG', 0, 0, '0000-00-00 00:00:00', '0000-00-00 00:00:00'),
(426, '496', 'SOLAPUR', 0, 0, '0000-00-00 00:00:00', '0000-00-00 00:00:00'),
(427, '497', 'THANE', 0, 0, '0000-00-00 00:00:00', '0000-00-00 00:00:00'),
(428, '498', 'WARDHA', 0, 0, '0000-00-00 00:00:00', '0000-00-00 00:00:00'),
(429, '499', 'WASHIM', 0, 0, '0000-00-00 00:00:00', '0000-00-00 00:00:00'),
(430, '500', 'YAVATMAL', 0, 0, '0000-00-00 00:00:00', '0000-00-00 00:00:00'),
(431, '252', 'BISHNUPUR', 0, 0, '0000-00-00 00:00:00', '0000-00-00 00:00:00'),
(432, '253', 'CHANDEL', 0, 0, '0000-00-00 00:00:00', '0000-00-00 00:00:00'),
(433, '254', 'CHURACHANDPUR', 0, 0, '0000-00-00 00:00:00', '0000-00-00 00:00:00'),
(434, '255', 'IMPHAL EAST', 0, 0, '0000-00-00 00:00:00', '0000-00-00 00:00:00'),
(435, '256', 'IMPHAL WEST', 0, 0, '0000-00-00 00:00:00', '0000-00-00 00:00:00'),
(436, '257', 'SENAPATI', 0, 0, '0000-00-00 00:00:00', '0000-00-00 00:00:00'),
(437, '258', 'TAMENGLONG', 0, 0, '0000-00-00 00:00:00', '0000-00-00 00:00:00'),
(438, '259', 'THOUBAL', 0, 0, '0000-00-00 00:00:00', '0000-00-00 00:00:00'),
(439, '260', 'UKHRUL', 0, 0, '0000-00-00 00:00:00', '0000-00-00 00:00:00'),
(440, '273', 'EAST GARO HILLS', 0, 0, '0000-00-00 00:00:00', '0000-00-00 00:00:00'),
(441, '657', 'EAST JAINTIA HILLS', 0, 0, '0000-00-00 00:00:00', '0000-00-00 00:00:00'),
(442, '274', 'EAST KHASI HILLS', 0, 0, '0000-00-00 00:00:00', '0000-00-00 00:00:00'),
(443, '656', 'NORTH GARO HILLS', 0, 0, '0000-00-00 00:00:00', '0000-00-00 00:00:00'),
(444, '276', 'RI BHOI', 0, 0, '0000-00-00 00:00:00', '0000-00-00 00:00:00'),
(445, '277', 'SOUTH GARO HILLS', 0, 0, '0000-00-00 00:00:00', '0000-00-00 00:00:00'),
(446, '663', 'SOUTH WEST GARO HILLS', 0, 0, '0000-00-00 00:00:00', '0000-00-00 00:00:00'),
(447, '658', 'SOUTH WEST KHASI HILLS', 0, 0, '0000-00-00 00:00:00', '0000-00-00 00:00:00'),
(448, '278', 'WEST GARO HILLS', 0, 0, '0000-00-00 00:00:00', '0000-00-00 00:00:00'),
(449, '275', 'WEST JAINTIA HILLS', 0, 0, '0000-00-00 00:00:00', '0000-00-00 00:00:00'),
(450, '279', 'WEST KHASI HILLS', 0, 0, '0000-00-00 00:00:00', '0000-00-00 00:00:00'),
(451, '261', 'AIZAWL', 0, 0, '0000-00-00 00:00:00', '0000-00-00 00:00:00'),
(452, '262', 'CHAMPHAI', 0, 0, '0000-00-00 00:00:00', '0000-00-00 00:00:00'),
(453, '263', 'KOLASIB', 0, 0, '0000-00-00 00:00:00', '0000-00-00 00:00:00'),
(454, '264', 'LAWNGTLAI', 0, 0, '0000-00-00 00:00:00', '0000-00-00 00:00:00'),
(455, '265', 'LUNGLEI', 0, 0, '0000-00-00 00:00:00', '0000-00-00 00:00:00'),
(456, '266', 'MAMIT', 0, 0, '0000-00-00 00:00:00', '0000-00-00 00:00:00'),
(457, '267', 'SAIHA', 0, 0, '0000-00-00 00:00:00', '0000-00-00 00:00:00'),
(458, '268', 'SERCHHIP', 0, 0, '0000-00-00 00:00:00', '0000-00-00 00:00:00'),
(459, '244', 'DIMAPUR', 0, 0, '0000-00-00 00:00:00', '0000-00-00 00:00:00'),
(460, '614', 'KIPHIRE', 0, 0, '0000-00-00 00:00:00', '0000-00-00 00:00:00'),
(461, '245', 'KOHIMA', 0, 0, '0000-00-00 00:00:00', '0000-00-00 00:00:00'),
(462, '615', 'LONGLENG', 0, 0, '0000-00-00 00:00:00', '0000-00-00 00:00:00'),
(463, '246', 'MOKOKCHUNG', 0, 0, '0000-00-00 00:00:00', '0000-00-00 00:00:00'),
(464, '247', 'MON', 0, 0, '0000-00-00 00:00:00', '0000-00-00 00:00:00'),
(465, '613', 'PEREN', 0, 0, '0000-00-00 00:00:00', '0000-00-00 00:00:00'),
(466, '248', 'PHEK', 0, 0, '0000-00-00 00:00:00', '0000-00-00 00:00:00'),
(467, '249', 'TUENSANG', 0, 0, '0000-00-00 00:00:00', '0000-00-00 00:00:00'),
(468, '250', 'WOKHA', 0, 0, '0000-00-00 00:00:00', '0000-00-00 00:00:00'),
(469, '251', 'ZUNHEBOTO', 0, 0, '0000-00-00 00:00:00', '0000-00-00 00:00:00'),
(470, '344', 'ANUGUL', 0, 0, '0000-00-00 00:00:00', '0000-00-00 00:00:00'),
(471, '345', 'BALANGIR', 0, 0, '0000-00-00 00:00:00', '0000-00-00 00:00:00'),
(472, '346', 'BALESHWAR', 0, 0, '0000-00-00 00:00:00', '0000-00-00 00:00:00'),
(473, '347', 'BARGARH', 0, 0, '0000-00-00 00:00:00', '0000-00-00 00:00:00'),
(474, '348', 'BHADRAK', 0, 0, '0000-00-00 00:00:00', '0000-00-00 00:00:00'),
(475, '349', 'BOUDH', 0, 0, '0000-00-00 00:00:00', '0000-00-00 00:00:00'),
(476, '350', 'CUTTACK', 0, 0, '0000-00-00 00:00:00', '0000-00-00 00:00:00'),
(477, '351', 'DEOGARH', 0, 0, '0000-00-00 00:00:00', '0000-00-00 00:00:00'),
(478, '352', 'DHENKANAL', 0, 0, '0000-00-00 00:00:00', '0000-00-00 00:00:00'),
(479, '353', 'GAJAPATI', 0, 0, '0000-00-00 00:00:00', '0000-00-00 00:00:00'),
(480, '354', 'GANJAM', 0, 0, '0000-00-00 00:00:00', '0000-00-00 00:00:00'),
(481, '355', 'JAGATSINGHAPUR', 0, 0, '0000-00-00 00:00:00', '0000-00-00 00:00:00'),
(482, '356', 'JAJAPUR', 0, 0, '0000-00-00 00:00:00', '0000-00-00 00:00:00'),
(483, '357', 'JHARSUGUDA', 0, 0, '0000-00-00 00:00:00', '0000-00-00 00:00:00'),
(484, '358', 'KALAHANDI', 0, 0, '0000-00-00 00:00:00', '0000-00-00 00:00:00'),
(485, '359', 'KANDHAMAL', 0, 0, '0000-00-00 00:00:00', '0000-00-00 00:00:00'),
(486, '360', 'KENDRAPARA', 0, 0, '0000-00-00 00:00:00', '0000-00-00 00:00:00'),
(487, '361', 'KENDUJHAR', 0, 0, '0000-00-00 00:00:00', '0000-00-00 00:00:00'),
(488, '362', 'KHORDHA', 0, 0, '0000-00-00 00:00:00', '0000-00-00 00:00:00'),
(489, '363', 'KORAPUT', 0, 0, '0000-00-00 00:00:00', '0000-00-00 00:00:00'),
(490, '364', 'MALKANGIRI', 0, 0, '0000-00-00 00:00:00', '0000-00-00 00:00:00'),
(491, '365', 'MAYURBHANJ', 0, 0, '0000-00-00 00:00:00', '0000-00-00 00:00:00'),
(492, '366', 'NABARANGPUR', 0, 0, '0000-00-00 00:00:00', '0000-00-00 00:00:00'),
(493, '367', 'NAYAGARH', 0, 0, '0000-00-00 00:00:00', '0000-00-00 00:00:00'),
(494, '368', 'NUAPADA', 0, 0, '0000-00-00 00:00:00', '0000-00-00 00:00:00'),
(495, '369', 'PURI', 0, 0, '0000-00-00 00:00:00', '0000-00-00 00:00:00'),
(496, '370', 'RAYAGADA', 0, 0, '0000-00-00 00:00:00', '0000-00-00 00:00:00'),
(497, '371', 'SAMBALPUR', 0, 0, '0000-00-00 00:00:00', '0000-00-00 00:00:00'),
(498, '372', 'SONEPUR', 0, 0, '0000-00-00 00:00:00', '0000-00-00 00:00:00'),
(499, '373', 'SUNDARGARH', 0, 0, '0000-00-00 00:00:00', '0000-00-00 00:00:00'),
(500, '598', 'KARAIKAL', 0, 0, '0000-00-00 00:00:00', '0000-00-00 00:00:00'),
(501, '599', 'MAHE', 0, 0, '0000-00-00 00:00:00', '0000-00-00 00:00:00'),
(502, '600', 'PONDICHERRY', 0, 0, '0000-00-00 00:00:00', '0000-00-00 00:00:00'),
(503, '601', 'YANAM', 0, 0, '0000-00-00 00:00:00', '0000-00-00 00:00:00'),
(504, '27', 'AMRITSAR', 0, 0, '0000-00-00 00:00:00', '0000-00-00 00:00:00'),
(505, '605', 'BARNALA', 0, 0, '0000-00-00 00:00:00', '0000-00-00 00:00:00'),
(506, '28', 'BATHINDA', 0, 0, '0000-00-00 00:00:00', '0000-00-00 00:00:00'),
(507, '29', 'FARIDKOT', 0, 0, '0000-00-00 00:00:00', '0000-00-00 00:00:00'),
(508, '30', 'FATEHGARH SAHIB', 0, 0, '0000-00-00 00:00:00', '0000-00-00 00:00:00'),
(509, '651', 'FAZILKA', 0, 0, '0000-00-00 00:00:00', '0000-00-00 00:00:00'),
(510, '31', 'FIROZEPUR', 0, 0, '0000-00-00 00:00:00', '0000-00-00 00:00:00'),
(511, '32', 'GURDASPUR', 0, 0, '0000-00-00 00:00:00', '0000-00-00 00:00:00'),
(512, '33', 'HOSHIARPUR', 0, 0, '0000-00-00 00:00:00', '0000-00-00 00:00:00'),
(513, '34', 'JALANDHAR', 0, 0, '0000-00-00 00:00:00', '0000-00-00 00:00:00'),
(514, '35', 'KAPURTHALA', 0, 0, '0000-00-00 00:00:00', '0000-00-00 00:00:00'),
(515, '36', 'LUDHIANA', 0, 0, '0000-00-00 00:00:00', '0000-00-00 00:00:00'),
(516, '37', 'MANSA', 0, 0, '0000-00-00 00:00:00', '0000-00-00 00:00:00'),
(517, '38', 'MOGA', 0, 0, '0000-00-00 00:00:00', '0000-00-00 00:00:00'),
(518, '40', 'NAWANSHAHR', 0, 0, '0000-00-00 00:00:00', '0000-00-00 00:00:00'),
(519, '662', 'PATHANKOT', 0, 0, '0000-00-00 00:00:00', '0000-00-00 00:00:00'),
(520, '41', 'PATIALA', 0, 0, '0000-00-00 00:00:00', '0000-00-00 00:00:00'),
(521, '42', 'RUPNAGAR', 0, 0, '0000-00-00 00:00:00', '0000-00-00 00:00:00'),
(522, '43', 'SANGRUR', 0, 0, '0000-00-00 00:00:00', '0000-00-00 00:00:00'),
(523, '608', 'S.A.S Nagar', 0, 0, '0000-00-00 00:00:00', '0000-00-00 00:00:00'),
(524, '39', 'SRI MUKTSAR SAHIB', 0, 0, '0000-00-00 00:00:00', '0000-00-00 00:00:00'),
(525, '609', 'Tarn Taran', 0, 0, '0000-00-00 00:00:00', '0000-00-00 00:00:00'),
(526, '86', 'AJMER', 0, 0, '0000-00-00 00:00:00', '0000-00-00 00:00:00'),
(527, '87', 'ALWAR', 0, 0, '0000-00-00 00:00:00', '0000-00-00 00:00:00'),
(528, '88', 'BANSWARA', 0, 0, '0000-00-00 00:00:00', '0000-00-00 00:00:00'),
(529, '89', 'BARAN', 0, 0, '0000-00-00 00:00:00', '0000-00-00 00:00:00'),
(530, '90', 'BARMER', 0, 0, '0000-00-00 00:00:00', '0000-00-00 00:00:00'),
(531, '91', 'BHARATPUR', 0, 0, '0000-00-00 00:00:00', '0000-00-00 00:00:00'),
(532, '92', 'BHILWARA', 0, 0, '0000-00-00 00:00:00', '0000-00-00 00:00:00'),
(533, '93', 'BIKANER', 0, 0, '0000-00-00 00:00:00', '0000-00-00 00:00:00'),
(534, '94', 'BUNDI', 0, 0, '0000-00-00 00:00:00', '0000-00-00 00:00:00'),
(535, '95', 'CHITTORGARH', 0, 0, '0000-00-00 00:00:00', '0000-00-00 00:00:00'),
(536, '96', 'CHURU', 0, 0, '0000-00-00 00:00:00', '0000-00-00 00:00:00'),
(537, '97', 'DAUSA', 0, 0, '0000-00-00 00:00:00', '0000-00-00 00:00:00'),
(538, '98', 'DHOLPUR', 0, 0, '0000-00-00 00:00:00', '0000-00-00 00:00:00'),
(539, '99', 'DUNGARPUR', 0, 0, '0000-00-00 00:00:00', '0000-00-00 00:00:00'),
(540, '100', 'GANGANAGAR', 0, 0, '0000-00-00 00:00:00', '0000-00-00 00:00:00'),
(541, '101', 'HANUMANGARH', 0, 0, '0000-00-00 00:00:00', '0000-00-00 00:00:00'),
(542, '102', 'JAIPUR', 0, 0, '0000-00-00 00:00:00', '0000-00-00 00:00:00'),
(543, '103', 'JAISALMER', 0, 0, '0000-00-00 00:00:00', '0000-00-00 00:00:00'),
(544, '104', 'JALORE', 0, 0, '0000-00-00 00:00:00', '0000-00-00 00:00:00'),
(545, '105', 'JHALAWAR', 0, 0, '0000-00-00 00:00:00', '0000-00-00 00:00:00'),
(546, '106', 'JHUNJHUNU', 0, 0, '0000-00-00 00:00:00', '0000-00-00 00:00:00'),
(547, '107', 'JODHPUR', 0, 0, '0000-00-00 00:00:00', '0000-00-00 00:00:00'),
(548, '108', 'KARAULI', 0, 0, '0000-00-00 00:00:00', '0000-00-00 00:00:00'),
(549, '109', 'KOTA', 0, 0, '0000-00-00 00:00:00', '0000-00-00 00:00:00'),
(550, '110', 'NAGAUR', 0, 0, '0000-00-00 00:00:00', '0000-00-00 00:00:00'),
(551, '111', 'PALI', 0, 0, '0000-00-00 00:00:00', '0000-00-00 00:00:00'),
(552, '629', 'PRATAPGARH', 0, 0, '0000-00-00 00:00:00', '0000-00-00 00:00:00'),
(553, '112', 'RAJSAMAND', 0, 0, '0000-00-00 00:00:00', '0000-00-00 00:00:00'),
(554, '113', 'SAWAI MADHOPUR', 0, 0, '0000-00-00 00:00:00', '0000-00-00 00:00:00'),
(555, '114', 'SIKAR', 0, 0, '0000-00-00 00:00:00', '0000-00-00 00:00:00'),
(556, '115', 'SIROHI', 0, 0, '0000-00-00 00:00:00', '0000-00-00 00:00:00'),
(557, '116', 'TONK', 0, 0, '0000-00-00 00:00:00', '0000-00-00 00:00:00'),
(558, '117', 'UDAIPUR', 0, 0, '0000-00-00 00:00:00', '0000-00-00 00:00:00'),
(559, '225', 'EAST DISTRICT', 0, 0, '0000-00-00 00:00:00', '0000-00-00 00:00:00'),
(560, '226', 'NORTH DISTRICT', 0, 0, '0000-00-00 00:00:00', '0000-00-00 00:00:00'),
(561, '227', 'SOUTH DISTRICT', 0, 0, '0000-00-00 00:00:00', '0000-00-00 00:00:00'),
(562, '228', 'WEST DISTRICT', 0, 0, '0000-00-00 00:00:00', '0000-00-00 00:00:00'),
(563, '610', 'Ariyalur', 0, 0, '0000-00-00 00:00:00', '0000-00-00 00:00:00'),
(564, '568', 'CHENNAI', 0, 0, '0000-00-00 00:00:00', '0000-00-00 00:00:00'),
(565, '569', 'COIMBATORE', 0, 0, '0000-00-00 00:00:00', '0000-00-00 00:00:00'),
(566, '570', 'CUDDALORE', 0, 0, '0000-00-00 00:00:00', '0000-00-00 00:00:00'),
(567, '571', 'DHARMAPURI', 0, 0, '0000-00-00 00:00:00', '0000-00-00 00:00:00'),
(568, '572', 'DINDIGUL', 0, 0, '0000-00-00 00:00:00', '0000-00-00 00:00:00'),
(569, '573', 'ERODE', 0, 0, '0000-00-00 00:00:00', '0000-00-00 00:00:00'),
(570, '574', 'KANCHIPURAM', 0, 0, '0000-00-00 00:00:00', '0000-00-00 00:00:00'),
(571, '575', 'KANNIYAKUMARI', 0, 0, '0000-00-00 00:00:00', '0000-00-00 00:00:00'),
(572, '576', 'KARUR', 0, 0, '0000-00-00 00:00:00', '0000-00-00 00:00:00'),
(573, '577', 'KRISHNAGIRI', 0, 0, '0000-00-00 00:00:00', '0000-00-00 00:00:00'),
(574, '578', 'MADURAI', 0, 0, '0000-00-00 00:00:00', '0000-00-00 00:00:00'),
(575, '579', 'NAGAPATTINAM', 0, 0, '0000-00-00 00:00:00', '0000-00-00 00:00:00'),
(576, '580', 'NAMAKKAL', 0, 0, '0000-00-00 00:00:00', '0000-00-00 00:00:00'),
(577, '581', 'PERAMBALUR', 0, 0, '0000-00-00 00:00:00', '0000-00-00 00:00:00'),
(578, '582', 'PUDUKKOTTAI', 0, 0, '0000-00-00 00:00:00', '0000-00-00 00:00:00'),
(579, '583', 'RAMANATHAPURAM', 0, 0, '0000-00-00 00:00:00', '0000-00-00 00:00:00'),
(580, '584', 'SALEM', 0, 0, '0000-00-00 00:00:00', '0000-00-00 00:00:00'),
(581, '585', 'SIVAGANGA', 0, 0, '0000-00-00 00:00:00', '0000-00-00 00:00:00'),
(582, '586', 'THANJAVUR', 0, 0, '0000-00-00 00:00:00', '0000-00-00 00:00:00'),
(583, '588', 'THENI', 0, 0, '0000-00-00 00:00:00', '0000-00-00 00:00:00'),
(584, '587', 'THE NILGIRIS', 0, 0, '0000-00-00 00:00:00', '0000-00-00 00:00:00'),
(585, '589', 'THIRUVALLUR', 0, 0, '0000-00-00 00:00:00', '0000-00-00 00:00:00'),
(586, '590', 'THIRUVARUR', 0, 0, '0000-00-00 00:00:00', '0000-00-00 00:00:00'),
(587, '591', 'TIRUCHIRAPPALLI', 0, 0, '0000-00-00 00:00:00', '0000-00-00 00:00:00'),
(588, '592', 'TIRUNELVELI', 0, 0, '0000-00-00 00:00:00', '0000-00-00 00:00:00'),
(589, '634', 'TIRUPPUR', 0, 0, '0000-00-00 00:00:00', '0000-00-00 00:00:00'),
(590, '593', 'TIRUVANNAMALAI', 0, 0, '0000-00-00 00:00:00', '0000-00-00 00:00:00'),
(591, '594', 'TUTICORIN', 0, 0, '0000-00-00 00:00:00', '0000-00-00 00:00:00'),
(592, '595', 'VELLORE', 0, 0, '0000-00-00 00:00:00', '0000-00-00 00:00:00'),
(593, '596', 'VILLUPURAM', 0, 0, '0000-00-00 00:00:00', '0000-00-00 00:00:00'),
(594, '597', 'VIRUDHUNAGAR', 0, 0, '0000-00-00 00:00:00', '0000-00-00 00:00:00'),
(595, '501', 'ADILABAD', 0, 0, '0000-00-00 00:00:00', '0000-00-00 00:00:00'),
(596, '690', 'BHADRADRI', 0, 0, '0000-00-00 00:00:00', '0000-00-00 00:00:00'),
(597, '507', 'HYDERABAD', 0, 0, '0000-00-00 00:00:00', '0000-00-00 00:00:00'),
(598, '681', 'Jagitial', 0, 0, '0000-00-00 00:00:00', '0000-00-00 00:00:00'),
(599, '689', 'JANGOAN', 0, 0, '0000-00-00 00:00:00', '0000-00-00 00:00:00'),
(600, '687', 'JAYASHANKAR', 0, 0, '0000-00-00 00:00:00', '0000-00-00 00:00:00'),
(601, '695', 'JOGULAMBA', 0, 0, '0000-00-00 00:00:00', '0000-00-00 00:00:00'),
(602, '685', 'KAMAREDDY', 0, 0, '0000-00-00 00:00:00', '0000-00-00 00:00:00'),
(603, '508', 'KARIMNAGAR', 0, 0, '0000-00-00 00:00:00', '0000-00-00 00:00:00'),
(604, '509', 'KHAMMAM', 0, 0, '0000-00-00 00:00:00', '0000-00-00 00:00:00'),
(605, '699', 'KOMARAM BHEEM ASIFABAD', 0, 0, '0000-00-00 00:00:00', '0000-00-00 00:00:00'),
(606, '688', 'MAHABUBABAD', 0, 0, '0000-00-00 00:00:00', '0000-00-00 00:00:00'),
(607, '512', 'MAHBUBNAGAR', 0, 0, '0000-00-00 00:00:00', '0000-00-00 00:00:00'),
(608, '684', 'MANCHERIAL', 0, 0, '0000-00-00 00:00:00', '0000-00-00 00:00:00'),
(609, '513', 'MEDAK', 0, 0, '0000-00-00 00:00:00', '0000-00-00 00:00:00'),
(610, '700', 'MEDCHAL', 0, 0, '0000-00-00 00:00:00', '0000-00-00 00:00:00'),
(611, '694', 'NAGARKURNOOL', 0, 0, '0000-00-00 00:00:00', '0000-00-00 00:00:00'),
(612, '514', 'NALGONDA', 0, 0, '0000-00-00 00:00:00', '0000-00-00 00:00:00'),
(613, '680', 'Nirmal', 0, 0, '0000-00-00 00:00:00', '0000-00-00 00:00:00'),
(614, '516', 'NIZAMABAD', 0, 0, '0000-00-00 00:00:00', '0000-00-00 00:00:00'),
(615, '682', 'PEDDAPALLI', 0, 0, '0000-00-00 00:00:00', '0000-00-00 00:00:00'),
(616, '683', 'RAJANNA', 0, 0, '0000-00-00 00:00:00', '0000-00-00 00:00:00'),
(617, '518', 'RANGAREDDI', 0, 0, '0000-00-00 00:00:00', '0000-00-00 00:00:00'),
(618, '691', 'SANGAREDDY', 0, 0, '0000-00-00 00:00:00', '0000-00-00 00:00:00'),
(619, '692', 'SIDDIPET', 0, 0, '0000-00-00 00:00:00', '0000-00-00 00:00:00'),
(620, '696', 'SURYAPET', 0, 0, '0000-00-00 00:00:00', '0000-00-00 00:00:00'),
(621, '698', 'VIKARABAD', 0, 0, '0000-00-00 00:00:00', '0000-00-00 00:00:00'),
(622, '693', 'WANAPARTHY', 0, 0, '0000-00-00 00:00:00', '0000-00-00 00:00:00'),
(623, '522', 'WARANGAL', 0, 0, '0000-00-00 00:00:00', '0000-00-00 00:00:00'),
(624, '686', 'WARANGAL URBAN', 0, 0, '0000-00-00 00:00:00', '0000-00-00 00:00:00'),
(625, '697', 'YADADRI', 0, 0, '0000-00-00 00:00:00', '0000-00-00 00:00:00'),
(626, '269', 'Dhalai', 0, 0, '0000-00-00 00:00:00', '0000-00-00 00:00:00'),
(627, '654', 'Gomati', 0, 0, '0000-00-00 00:00:00', '0000-00-00 00:00:00'),
(628, '652', 'Khowai', 0, 0, '0000-00-00 00:00:00', '0000-00-00 00:00:00'),
(629, '270', 'North Tripura', 0, 0, '0000-00-00 00:00:00', '0000-00-00 00:00:00'),
(630, '653', 'Sepahijala', 0, 0, '0000-00-00 00:00:00', '0000-00-00 00:00:00'),
(631, '271', 'South Tripura', 0, 0, '0000-00-00 00:00:00', '0000-00-00 00:00:00'),
(632, '655', 'Unakoti', 0, 0, '0000-00-00 00:00:00', '0000-00-00 00:00:00'),
(633, '272', 'West Tripura', 0, 0, '0000-00-00 00:00:00', '0000-00-00 00:00:00'),
(634, '45', 'ALMORA', 0, 0, '0000-00-00 00:00:00', '0000-00-00 00:00:00'),
(635, '46', 'BAGESHWAR', 0, 0, '0000-00-00 00:00:00', '0000-00-00 00:00:00'),
(636, '47', 'CHAMOLI', 0, 0, '0000-00-00 00:00:00', '0000-00-00 00:00:00'),
(637, '48', 'CHAMPAWAT', 0, 0, '0000-00-00 00:00:00', '0000-00-00 00:00:00'),
(638, '49', 'DEHRADUN', 0, 0, '0000-00-00 00:00:00', '0000-00-00 00:00:00'),
(639, '50', 'HARIDWAR', 0, 0, '0000-00-00 00:00:00', '0000-00-00 00:00:00'),
(640, '51', 'NAINITAL', 0, 0, '0000-00-00 00:00:00', '0000-00-00 00:00:00'),
(641, '52', 'PAURI GARHWAL', 0, 0, '0000-00-00 00:00:00', '0000-00-00 00:00:00'),
(642, '53', 'PITHORAGARH', 0, 0, '0000-00-00 00:00:00', '0000-00-00 00:00:00'),
(643, '54', 'RUDRA PRAYAG', 0, 0, '0000-00-00 00:00:00', '0000-00-00 00:00:00'),
(644, '55', 'TEHRI GARHWAL', 0, 0, '0000-00-00 00:00:00', '0000-00-00 00:00:00'),
(645, '56', 'UDAM SINGH NAGAR', 0, 0, '0000-00-00 00:00:00', '0000-00-00 00:00:00'),
(646, '57', 'UTTAR KASHI', 0, 0, '0000-00-00 00:00:00', '0000-00-00 00:00:00'),
(647, '118', 'AGRA', 0, 0, '0000-00-00 00:00:00', '0000-00-00 00:00:00'),
(648, '119', 'ALIGARH', 0, 0, '0000-00-00 00:00:00', '0000-00-00 00:00:00'),
(649, '120', 'ALLAHABAD', 0, 0, '0000-00-00 00:00:00', '0000-00-00 00:00:00'),
(650, '121', 'AMBEDKAR NAGAR', 0, 0, '0000-00-00 00:00:00', '0000-00-00 00:00:00'),
(651, '640', 'Amethi', 0, 0, '0000-00-00 00:00:00', '0000-00-00 00:00:00'),
(652, '154', 'AMROHA', 0, 0, '0000-00-00 00:00:00', '0000-00-00 00:00:00'),
(653, '122', 'AURAIYA', 0, 0, '0000-00-00 00:00:00', '0000-00-00 00:00:00'),
(654, '123', 'AZAMGARH', 0, 0, '0000-00-00 00:00:00', '0000-00-00 00:00:00'),
(655, '124', 'BAGHPAT', 0, 0, '0000-00-00 00:00:00', '0000-00-00 00:00:00'),
(656, '125', 'BAHRAICH', 0, 0, '0000-00-00 00:00:00', '0000-00-00 00:00:00'),
(657, '126', 'BALLIA', 0, 0, '0000-00-00 00:00:00', '0000-00-00 00:00:00'),
(658, '127', 'BALRAMPUR', 0, 0, '0000-00-00 00:00:00', '0000-00-00 00:00:00'),
(659, '128', 'BANDA', 0, 0, '0000-00-00 00:00:00', '0000-00-00 00:00:00'),
(660, '129', 'BARABANKI', 0, 0, '0000-00-00 00:00:00', '0000-00-00 00:00:00'),
(661, '130', 'BAREILLY', 0, 0, '0000-00-00 00:00:00', '0000-00-00 00:00:00'),
(662, '131', 'BASTI', 0, 0, '0000-00-00 00:00:00', '0000-00-00 00:00:00'),
(663, '179', 'BHADOHI', 0, 0, '0000-00-00 00:00:00', '0000-00-00 00:00:00'),
(664, '132', 'BIJNOR', 0, 0, '0000-00-00 00:00:00', '0000-00-00 00:00:00'),
(665, '133', 'BUDAUN', 0, 0, '0000-00-00 00:00:00', '0000-00-00 00:00:00'),
(666, '134', 'BULANDSHAHR', 0, 0, '0000-00-00 00:00:00', '0000-00-00 00:00:00'),
(667, '135', 'CHANDAULI', 0, 0, '0000-00-00 00:00:00', '0000-00-00 00:00:00'),
(668, '136', 'CHITRAKOOT', 0, 0, '0000-00-00 00:00:00', '0000-00-00 00:00:00'),
(669, '137', 'DEORIA', 0, 0, '0000-00-00 00:00:00', '0000-00-00 00:00:00'),
(670, '138', 'ETAH', 0, 0, '0000-00-00 00:00:00', '0000-00-00 00:00:00'),
(671, '139', 'ETAWAH', 0, 0, '0000-00-00 00:00:00', '0000-00-00 00:00:00'),
(672, '140', 'FAIZABAD', 0, 0, '0000-00-00 00:00:00', '0000-00-00 00:00:00'),
(673, '141', 'FARRUKHABAD', 0, 0, '0000-00-00 00:00:00', '0000-00-00 00:00:00'),
(674, '142', 'FATEHPUR', 0, 0, '0000-00-00 00:00:00', '0000-00-00 00:00:00'),
(675, '143', 'FIROZABAD', 0, 0, '0000-00-00 00:00:00', '0000-00-00 00:00:00'),
(676, '144', 'GAUTAM BUDDHA NAGAR', 0, 0, '0000-00-00 00:00:00', '0000-00-00 00:00:00'),
(677, '145', 'GHAZIABAD', 0, 0, '0000-00-00 00:00:00', '0000-00-00 00:00:00'),
(678, '146', 'GHAZIPUR', 0, 0, '0000-00-00 00:00:00', '0000-00-00 00:00:00'),
(679, '147', 'GONDA', 0, 0, '0000-00-00 00:00:00', '0000-00-00 00:00:00'),
(680, '148', 'GORAKHPUR', 0, 0, '0000-00-00 00:00:00', '0000-00-00 00:00:00'),
(681, '149', 'HAMIRPUR', 0, 0, '0000-00-00 00:00:00', '0000-00-00 00:00:00'),
(682, '661', 'HAPUR', 0, 0, '0000-00-00 00:00:00', '0000-00-00 00:00:00'),
(683, '150', 'HARDOI', 0, 0, '0000-00-00 00:00:00', '0000-00-00 00:00:00'),
(684, '163', 'HATHRAS', 0, 0, '0000-00-00 00:00:00', '0000-00-00 00:00:00'),
(685, '151', 'JALAUN', 0, 0, '0000-00-00 00:00:00', '0000-00-00 00:00:00'),
(686, '152', 'JAUNPUR', 0, 0, '0000-00-00 00:00:00', '0000-00-00 00:00:00'),
(687, '153', 'JHANSI', 0, 0, '0000-00-00 00:00:00', '0000-00-00 00:00:00'),
(688, '155', 'KANNAUJ', 0, 0, '0000-00-00 00:00:00', '0000-00-00 00:00:00'),
(689, '156', 'KANPUR DEHAT', 0, 0, '0000-00-00 00:00:00', '0000-00-00 00:00:00'),
(690, '157', 'KANPUR NAGAR', 0, 0, '0000-00-00 00:00:00', '0000-00-00 00:00:00'),
(691, '633', 'Kasganj', 0, 0, '0000-00-00 00:00:00', '0000-00-00 00:00:00'),
(692, '158', 'KAUSHAMBI', 0, 0, '0000-00-00 00:00:00', '0000-00-00 00:00:00'),
(693, '159', 'KHERI', 0, 0, '0000-00-00 00:00:00', '0000-00-00 00:00:00'),
(694, '160', 'KUSHI NAGAR', 0, 0, '0000-00-00 00:00:00', '0000-00-00 00:00:00'),
(695, '161', 'LALITPUR', 0, 0, '0000-00-00 00:00:00', '0000-00-00 00:00:00');
INSERT INTO `ma_location` (`id`, `code`, `name`, `created_by`, `updated_by`, `created_at`, `updated_at`) VALUES
(696, '162', 'LUCKNOW', 0, 0, '0000-00-00 00:00:00', '0000-00-00 00:00:00'),
(697, '164', 'MAHARAJGANJ', 0, 0, '0000-00-00 00:00:00', '0000-00-00 00:00:00'),
(698, '165', 'MAHOBA', 0, 0, '0000-00-00 00:00:00', '0000-00-00 00:00:00'),
(699, '166', 'MAINPURI', 0, 0, '0000-00-00 00:00:00', '0000-00-00 00:00:00'),
(700, '167', 'MATHURA', 0, 0, '0000-00-00 00:00:00', '0000-00-00 00:00:00'),
(701, '168', 'MAU', 0, 0, '0000-00-00 00:00:00', '0000-00-00 00:00:00'),
(702, '169', 'MEERUT', 0, 0, '0000-00-00 00:00:00', '0000-00-00 00:00:00'),
(703, '170', 'MIRZAPUR', 0, 0, '0000-00-00 00:00:00', '0000-00-00 00:00:00'),
(704, '171', 'MORADABAD', 0, 0, '0000-00-00 00:00:00', '0000-00-00 00:00:00'),
(705, '172', 'MUZAFFARNAGAR', 0, 0, '0000-00-00 00:00:00', '0000-00-00 00:00:00'),
(706, '173', 'PILIBHIT', 0, 0, '0000-00-00 00:00:00', '0000-00-00 00:00:00'),
(707, '174', 'PRATAPGARH', 0, 0, '0000-00-00 00:00:00', '0000-00-00 00:00:00'),
(708, '175', 'RAE BARELI', 0, 0, '0000-00-00 00:00:00', '0000-00-00 00:00:00'),
(709, '176', 'RAMPUR', 0, 0, '0000-00-00 00:00:00', '0000-00-00 00:00:00'),
(710, '177', 'SAHARANPUR', 0, 0, '0000-00-00 00:00:00', '0000-00-00 00:00:00'),
(711, '659', 'SAMBHAL', 0, 0, '0000-00-00 00:00:00', '0000-00-00 00:00:00'),
(712, '178', 'SANT KABEER NAGAR', 0, 0, '0000-00-00 00:00:00', '0000-00-00 00:00:00'),
(713, '180', 'SHAHJAHANPUR', 0, 0, '0000-00-00 00:00:00', '0000-00-00 00:00:00'),
(714, '660', 'SHAMLI', 0, 0, '0000-00-00 00:00:00', '0000-00-00 00:00:00'),
(715, '181', 'SHRAVASTI', 0, 0, '0000-00-00 00:00:00', '0000-00-00 00:00:00'),
(716, '182', 'SIDDHARTH NAGAR', 0, 0, '0000-00-00 00:00:00', '0000-00-00 00:00:00'),
(717, '183', 'SITAPUR', 0, 0, '0000-00-00 00:00:00', '0000-00-00 00:00:00'),
(718, '184', 'SONBHADRA', 0, 0, '0000-00-00 00:00:00', '0000-00-00 00:00:00'),
(719, '185', 'SULTANPUR', 0, 0, '0000-00-00 00:00:00', '0000-00-00 00:00:00'),
(720, '186', 'UNNAO', 0, 0, '0000-00-00 00:00:00', '0000-00-00 00:00:00'),
(721, '187', 'VARANASI', 0, 0, '0000-00-00 00:00:00', '0000-00-00 00:00:00'),
(722, '303', '24 PARAGANAS NORTH', 0, 0, '0000-00-00 00:00:00', '0000-00-00 00:00:00'),
(723, '304', '24 PARAGANAS SOUTH', 0, 0, '0000-00-00 00:00:00', '0000-00-00 00:00:00'),
(724, '664', 'Alipurduar', 0, 0, '0000-00-00 00:00:00', '0000-00-00 00:00:00'),
(725, '305', 'BANKURA', 0, 0, '0000-00-00 00:00:00', '0000-00-00 00:00:00'),
(726, '306', 'BARDHAMAN', 0, 0, '0000-00-00 00:00:00', '0000-00-00 00:00:00'),
(727, '307', 'BIRBHUM', 0, 0, '0000-00-00 00:00:00', '0000-00-00 00:00:00'),
(728, '308', 'COOCHBEHAR', 0, 0, '0000-00-00 00:00:00', '0000-00-00 00:00:00'),
(729, '309', 'DARJEELING', 0, 0, '0000-00-00 00:00:00', '0000-00-00 00:00:00'),
(730, '310', 'DINAJPUR DAKSHIN', 0, 0, '0000-00-00 00:00:00', '0000-00-00 00:00:00'),
(731, '311', 'DINAJPUR UTTAR', 0, 0, '0000-00-00 00:00:00', '0000-00-00 00:00:00'),
(732, '312', 'HOOGHLY', 0, 0, '0000-00-00 00:00:00', '0000-00-00 00:00:00'),
(733, '313', 'HOWRAH', 0, 0, '0000-00-00 00:00:00', '0000-00-00 00:00:00'),
(734, '314', 'JALPAIGURI', 0, 0, '0000-00-00 00:00:00', '0000-00-00 00:00:00'),
(735, '315', 'KOLKATA', 0, 0, '0000-00-00 00:00:00', '0000-00-00 00:00:00'),
(736, '316', 'MALDAH', 0, 0, '0000-00-00 00:00:00', '0000-00-00 00:00:00'),
(737, '317', 'MEDINIPUR EAST', 0, 0, '0000-00-00 00:00:00', '0000-00-00 00:00:00'),
(738, '318', 'MEDINIPUR WEST', 0, 0, '0000-00-00 00:00:00', '0000-00-00 00:00:00'),
(739, '319', 'MURSHIDABAD', 0, 0, '0000-00-00 00:00:00', '0000-00-00 00:00:00'),
(740, '320', 'NADIA', 0, 0, '0000-00-00 00:00:00', '0000-00-00 00:00:00'),
(741, '321', 'PURULIA', 0, 0, '0000-00-00 00:00:00', '0000-00-00 00:00:00'),
(742, '750', 'MAHARASHTRA', 7, 7, '2020-01-07 09:32:10', '2020-01-07 09:32:10'),
(743, '780', 'MAHALINGUR', 7, 7, '2020-01-07 10:40:12', '2020-01-07 10:40:12'),
(744, '768', 'BANGALORE', 7, 7, '2020-01-07 10:57:47', '2020-01-07 10:57:47'),
(745, '4644', 'PALLAVARAM', 7, 7, '2020-01-07 11:19:04', '2020-01-07 11:19:04'),
(746, '342001', 'RAJASTHAN', 11, 11, '2020-02-06 03:58:40', '2020-02-06 03:58:40'),
(747, '854', 'BIHAR', 11, 11, '2020-02-08 04:21:09', '2020-02-08 04:21:09'),
(748, '4465', 'THOOTHUKUDI', 11, 11, '2020-02-08 04:35:01', '2020-02-08 04:35:01'),
(749, '6546', 'TRIPURA', 11, 11, '2020-02-08 05:00:24', '2020-02-08 05:00:24'),
(750, '1522', 'GUJARAT', 11, 11, '2020-02-08 05:55:16', '2020-02-08 05:55:16'),
(751, '638315', 'ERODE', 11, 11, '2020-02-08 12:14:47', '2020-02-08 12:14:47'),
(752, '607308', 'CUDDALORE', 15, 15, '2020-02-10 04:16:09', '2020-02-10 04:16:09'),
(753, '600079', 'CHENNAI', 1, 1, '2020-02-10 09:52:35', '2020-02-10 09:52:35'),
(754, '700001', 'MEDINIPUR', 11, 11, '2020-02-10 10:08:55', '2020-02-10 10:08:55'),
(755, '829122', '220/132/33KV GSS RAMGARH,DVC', 11, 11, '2020-02-10 10:20:32', '2020-02-10 10:20:32'),
(756, '503230', 'TELANGANA', 11, 11, '2020-02-10 11:47:51', '2020-02-10 11:47:51'),
(757, '4656', 'PALANPUR', 11, 11, '2020-02-11 04:21:24', '2020-02-11 04:21:24'),
(758, '4547', 'WEST BENGAL', 11, 11, '2020-02-11 04:59:27', '2020-02-11 04:59:27'),
(759, '577435', 'KARNATAKA', 11, 11, '2020-02-11 06:50:29', '2020-02-11 06:50:29'),
(760, '413606', 'MAHARASTRA', 15, 15, '2020-02-11 09:55:23', '2020-02-11 09:55:23'),
(761, '4235', 'sikkim', 11, 11, '2020-02-12 03:03:56', '2020-02-12 03:03:56'),
(762, '4434', 'ERODE', 11, 11, '2020-02-12 03:21:00', '2020-02-12 03:21:00'),
(763, '5454', 'CHENNAI', 11, 11, '2020-02-12 03:56:12', '2020-02-12 03:56:12'),
(764, '4572', 'AHMADABAD', 11, 11, '2020-02-12 08:37:39', '2020-02-12 08:37:39'),
(765, '1241', 'U P', 11, 11, '2020-02-12 09:02:11', '2020-02-12 09:02:11'),
(766, '110028', 'NEW DELHI', 11, 11, '2020-02-13 03:18:33', '2020-02-13 03:18:33'),
(767, '493663', 'CHATTISGARH', 11, 11, '2020-02-13 10:00:44', '2020-02-13 10:00:44'),
(768, '302022', 'JAIPUR', 11, 11, '2020-02-13 11:05:29', '2020-02-13 11:05:29'),
(769, '700015', 'KOLKATA', 11, 11, '2020-02-13 11:09:58', '2020-02-13 11:09:58'),
(770, '171018', 'HIMACHAL PRADESH', 11, 11, '2020-02-13 11:15:38', '2020-02-13 11:15:38'),
(771, '7987', 'KALLAKURCHI', 11, 11, '2020-02-13 12:29:34', '2020-02-13 12:29:34'),
(772, '5448', 'BANGALORE', 11, 11, '2020-02-14 03:10:45', '2020-02-14 03:10:45'),
(773, '4454', 'CHHATTISGARH', 11, 11, '2020-02-14 03:41:32', '2020-02-14 03:41:32');

-- --------------------------------------------------------

--
-- Table structure for table `ma_manufacture`
--

CREATE TABLE `ma_manufacture` (
  `id` bigint(20) UNSIGNED NOT NULL,
  `code` varchar(15) COLLATE utf8mb4_unicode_ci NOT NULL,
  `name` varchar(20) COLLATE utf8mb4_unicode_ci NOT NULL,
  `created_by` tinyint(4) NOT NULL,
  `updated_by` tinyint(4) NOT NULL,
  `created_at` timestamp NULL DEFAULT NULL,
  `updated_at` timestamp NULL DEFAULT NULL
) ENGINE=InnoDB DEFAULT CHARSET=utf8mb4 COLLATE=utf8mb4_unicode_ci;

-- --------------------------------------------------------

--
-- Table structure for table `ma_material`
--

CREATE TABLE `ma_material` (
  `id` bigint(20) UNSIGNED NOT NULL,
  `part_no` varchar(15) COLLATE utf8mb4_unicode_ci NOT NULL,
  `description` varchar(50) COLLATE utf8mb4_unicode_ci NOT NULL,
  `type` int(11) NOT NULL,
  `created_by` tinyint(4) NOT NULL,
  `updated_by` tinyint(4) NOT NULL,
  `created_at` timestamp NULL DEFAULT NULL,
  `updated_at` timestamp NULL DEFAULT NULL
) ENGINE=InnoDB DEFAULT CHARSET=utf8mb4 COLLATE=utf8mb4_unicode_ci;

-- --------------------------------------------------------

--
-- Table structure for table `ma_material_type`
--

CREATE TABLE `ma_material_type` (
  `id` bigint(20) UNSIGNED NOT NULL,
  `code` varchar(15) COLLATE utf8mb4_unicode_ci NOT NULL,
  `name` varchar(25) COLLATE utf8mb4_unicode_ci NOT NULL,
  `created_by` tinyint(4) NOT NULL,
  `updated_by` tinyint(4) NOT NULL,
  `created_at` timestamp NULL DEFAULT NULL,
  `updated_at` timestamp NULL DEFAULT NULL
) ENGINE=InnoDB DEFAULT CHARSET=utf8mb4 COLLATE=utf8mb4_unicode_ci;

--
-- Dumping data for table `ma_material_type`
--

INSERT INTO `ma_material_type` (`id`, `code`, `name`, `created_by`, `updated_by`, `created_at`, `updated_at`) VALUES
(1, 'MT001', 'Mat One', 1, 1, '2019-08-26 13:30:35', '2019-08-26 13:30:35');

-- --------------------------------------------------------

--
-- Table structure for table `ma_packing_style`
--

CREATE TABLE `ma_packing_style` (
  `id` bigint(20) UNSIGNED NOT NULL,
  `code` varchar(15) COLLATE utf8mb4_unicode_ci NOT NULL,
  `name` varchar(20) COLLATE utf8mb4_unicode_ci NOT NULL,
  `created_by` tinyint(4) NOT NULL,
  `updated_by` tinyint(4) NOT NULL,
  `created_at` timestamp NULL DEFAULT NULL,
  `updated_at` timestamp NULL DEFAULT NULL
) ENGINE=InnoDB DEFAULT CHARSET=utf8mb4 COLLATE=utf8mb4_unicode_ci;

-- --------------------------------------------------------

--
-- Table structure for table `ma_product`
--

CREATE TABLE `ma_product` (
  `id` bigint(20) UNSIGNED NOT NULL,
  `part_no` varchar(50) COLLATE utf8mb4_unicode_ci NOT NULL,
  `description` varchar(200) COLLATE utf8mb4_unicode_ci DEFAULT NULL,
  `type` bigint(20) NOT NULL,
  `created_by` tinyint(4) NOT NULL,
  `updated_by` tinyint(4) NOT NULL,
  `created_at` timestamp NULL DEFAULT NULL,
  `updated_at` timestamp NULL DEFAULT NULL
) ENGINE=InnoDB DEFAULT CHARSET=utf8mb4 COLLATE=utf8mb4_unicode_ci;

--
-- Dumping data for table `ma_product`
--

INSERT INTO `ma_product` (`id`, `part_no`, `description`, `type`, `created_by`, `updated_by`, `created_at`, `updated_at`) VALUES
(1, ' C264MB1M6910013044000030111N10', NULL, 1, 1, 1, '2019-11-29 08:03:40', '2019-11-29 08:03:40'),
(2, 'C264CB1D6AB620301100000C000010', NULL, 1, 1, 1, '2019-11-29 08:03:40', '2019-11-29 08:03:40'),
(3, 'C264CB1M6910003302000001111N10', NULL, 1, 1, 1, '2019-11-29 08:03:40', '2019-11-29 08:03:40'),
(4, 'C264LB1M691000340400B000000N0', NULL, 1, 1, 1, '2019-11-29 08:03:40', '2019-11-29 08:03:40'),
(5, 'C264LB1M691001307100D000111N10', NULL, 1, 1, 1, '2019-11-29 08:03:40', '2019-11-29 08:03:40'),
(6, 'C264M11I6910022202000001111N10', NULL, 1, 1, 1, '2019-11-29 08:03:40', '2019-11-29 08:03:40'),
(7, 'C264M11M691002330300A001111N10', NULL, 1, 1, 1, '2019-11-29 08:03:40', '2019-11-29 08:03:40'),
(8, 'C264MA1D6910013022000000C111N10', NULL, 1, 1, 1, '2019-11-29 08:03:40', '2019-11-29 08:03:40'),
(9, 'C264MB116910012502000030111N10', NULL, 1, 1, 1, '2019-11-29 08:03:40', '2019-11-29 08:03:40'),
(10, 'C264MB1I691001220300A001111N10', NULL, 1, 1, 1, '2019-11-29 08:03:40', '2019-11-29 08:03:40'),
(11, 'C264MB1I69100124040000011111N10', NULL, 1, 1, 1, '2019-11-29 08:03:40', '2019-11-29 08:03:40'),
(12, 'C264MB1M691000306000D000111N100', NULL, 1, 1, 1, '2019-11-29 08:03:40', '2019-11-29 08:03:40'),
(13, 'C264MB1M6910013055000030000N10', NULL, 1, 1, 1, '2019-11-29 08:03:40', '2019-11-29 08:03:40'),
(14, 'C264MB1M691001306700A000111N10', NULL, 1, 1, 1, '2019-11-29 08:03:40', '2019-11-29 08:03:40'),
(15, 'C264MB1M6910013303000031111N10', NULL, 1, 1, 1, '2019-11-29 08:03:40', '2019-11-29 08:03:40'),
(16, 'C264MB1M69100134020000301111N10', NULL, 1, 1, 1, '2019-11-29 08:03:40', '2019-11-29 08:03:40'),
(17, 'C264MB1M6910013403000001111N10', NULL, 1, 1, 1, '2019-11-29 08:03:40', '2019-11-29 08:03:40'),
(18, 'C264MB1M6910013403000001111N11', NULL, 1, 1, 1, '2019-11-29 08:03:40', '2019-11-29 08:03:40'),
(19, 'C264MB1M6910013403000001111N11', NULL, 1, 1, 1, '2019-11-29 08:03:40', '2019-11-29 08:03:40'),
(20, 'C264MB1M6910013403000030111N10', NULL, 1, 1, 1, '2019-11-29 08:03:40', '2019-11-29 08:03:40'),
(21, 'C264MB1M6910013403000031111N10', NULL, 1, 1, 1, '2019-11-29 08:03:40', '2019-11-29 08:03:40'),
(22, 'C264MB1M691001340300B001111N10', NULL, 1, 1, 1, '2019-11-29 08:03:40', '2019-11-29 08:03:40'),
(23, 'C264MB1M6910013404000030111N10', NULL, 1, 1, 1, '2019-11-29 08:03:40', '2019-11-29 08:03:40'),
(24, 'C264MB1M691001340400031111N10', NULL, 1, 1, 1, '2019-11-29 08:03:40', '2019-11-29 08:03:40'),
(25, 'C264MB1M691001340500A031111N10', NULL, 1, 1, 1, '2019-11-29 08:03:40', '2019-11-29 08:03:40'),
(26, 'C264MB1M691001350400031111N10', NULL, 1, 1, 1, '2019-11-29 08:03:40', '2019-11-29 08:03:40'),
(27, 'C264MB1M6910013603000001111N10', NULL, 1, 1, 1, '2019-11-29 08:03:40', '2019-11-29 08:03:40'),
(28, 'C264MB1M691001360400030111N10', NULL, 1, 1, 1, '2019-11-29 08:03:40', '2019-11-29 08:03:40'),
(29, 'C264MB1M691001360600A000111N10', NULL, 1, 1, 1, '2019-11-29 08:03:40', '2019-11-29 08:03:40'),
(30, 'C264MB1M6910023043000030000N10', NULL, 1, 1, 1, '2019-11-29 08:03:40', '2019-11-29 08:03:40'),
(31, 'C264MB1M6910023063000030111N10', NULL, 1, 1, 1, '2019-11-29 08:03:40', '2019-11-29 08:03:40'),
(32, 'C264MB1M691002330300001111N10', NULL, 1, 1, 1, '2019-11-29 08:03:40', '2019-11-29 08:03:40'),
(33, 'C264MB1M6910023303000030000N10', NULL, 1, 1, 1, '2019-11-29 08:03:40', '2019-11-29 08:03:40'),
(34, 'C264MB1M6910023303000031111N10', NULL, 1, 1, 1, '2019-11-29 08:03:40', '2019-11-29 08:03:40'),
(35, 'C264MB1S6AB001305500A0000000010', NULL, 1, 1, 1, '2019-11-29 08:03:40', '2019-11-29 08:03:40'),
(36, 'C264SB1M69100132020000111N10', NULL, 1, 1, 1, '2019-11-29 08:03:40', '2019-11-29 08:03:40'),
(37, 'CCUM21PF102A', NULL, 2, 1, 1, '2019-11-29 08:03:40', '2019-11-29 08:03:40'),
(38, 'CTMM509DF115A', NULL, 2, 1, 1, '2019-11-29 08:03:40', '2019-11-29 08:03:40'),
(39, 'CTU12BF8023ACH', NULL, 2, 1, 1, '2019-11-29 08:03:40', '2019-11-29 08:03:40'),
(40, 'CTU12BF8025ACH', NULL, 2, 1, 1, '2019-11-29 08:03:40', '2019-11-29 08:03:40'),
(41, 'CTU12BF8031ACH', NULL, 2, 1, 1, '2019-11-29 08:03:40', '2019-11-29 08:03:40'),
(42, 'CTU12BF8050ACH', NULL, 2, 1, 1, '2019-11-29 08:03:40', '2019-11-29 08:03:40'),
(43, 'CTU12BF8051ACH', NULL, 2, 1, 1, '2019-11-29 08:03:40', '2019-11-29 08:03:40'),
(44, 'CTU12BF8095ACH', NULL, 2, 1, 1, '2019-11-29 08:03:40', '2019-11-29 08:03:40'),
(45, 'CTU62BF8025BCH', NULL, 2, 1, 1, '2019-11-29 08:03:40', '2019-11-29 08:03:40'),
(46, 'CTU62BF8046BCH', NULL, 2, 1, 1, '2019-11-29 08:03:40', '2019-11-29 08:03:40'),
(47, 'CTUM15ZG001A', NULL, 2, 1, 1, '2019-11-29 08:03:40', '2019-11-29 08:03:40'),
(48, 'E14DA11A2B0530A', NULL, 3, 1, 1, '2019-11-29 08:03:40', '2019-11-29 08:03:40'),
(49, 'E14DB11C2C0530A', NULL, 3, 1, 1, '2019-11-29 08:03:40', '2019-11-29 08:03:40'),
(50, 'E14DB16A7C0540A', NULL, 3, 1, 1, '2019-11-29 08:03:40', '2019-11-29 08:03:40'),
(51, 'E14NB11A2B0510A', NULL, 3, 1, 1, '2019-11-29 08:03:40', '2019-11-29 08:03:40'),
(52, 'E14NB16A6C0560A', NULL, 3, 1, 1, '2019-11-29 08:03:40', '2019-11-29 08:03:40'),
(53, 'E14NB1CA6C0570A', NULL, 3, 1, 1, '2019-11-29 08:03:40', '2019-11-29 08:03:40'),
(54, 'EA01004238PFS', NULL, 4, 1, 1, '2019-11-29 08:03:40', '2019-11-29 08:03:40'),
(55, 'EA01004238PFS', NULL, 4, 1, 1, '2019-11-29 08:03:40', '2019-11-29 08:03:40'),
(56, 'EGP0027001PFC', NULL, 4, 1, 1, '2019-11-29 08:03:40', '2019-11-29 08:03:40'),
(57, 'EGP0027001PFC', NULL, 4, 1, 1, '2019-11-29 08:03:40', '2019-11-29 08:03:40'),
(58, 'EGP0027001PFC', NULL, 4, 1, 1, '2019-11-29 08:03:40', '2019-11-29 08:03:40'),
(59, 'EGP0027001PFC', NULL, 4, 1, 1, '2019-11-29 08:03:40', '2019-11-29 08:03:40'),
(60, 'EH49-0005', NULL, 4, 1, 1, '2019-11-29 08:03:40', '2019-11-29 08:03:40'),
(61, 'EH49-0006', NULL, 4, 1, 1, '2019-11-29 08:03:40', '2019-11-29 08:03:40'),
(62, 'EH49-0007', NULL, 4, 1, 1, '2019-11-29 08:03:40', '2019-11-29 08:03:40'),
(63, 'EH49-0007', NULL, 4, 1, 1, '2019-11-29 08:03:40', '2019-11-29 08:03:40'),
(64, 'EH49-0011', NULL, 4, 1, 1, '2019-11-29 08:03:40', '2019-11-29 08:03:40'),
(65, 'EH49-0013', NULL, 4, 1, 1, '2019-11-29 08:03:40', '2019-11-29 08:03:40'),
(66, 'EH49-0013', NULL, 4, 1, 1, '2019-11-29 08:03:40', '2019-11-29 08:03:40'),
(67, 'EH49-0013', NULL, 4, 1, 1, '2019-11-29 08:03:40', '2019-11-29 08:03:40'),
(68, 'EH49-0013', NULL, 4, 1, 1, '2019-11-29 08:03:40', '2019-11-29 08:03:40'),
(69, 'EM870-H12M512E3A10', NULL, 5, 1, 1, '2019-11-29 08:03:40', '2019-11-29 08:03:40'),
(70, 'EM871-087', NULL, 6, 1, 1, '2019-11-29 08:03:40', '2019-11-29 08:03:40'),
(71, 'EMCAG34-035', NULL, 7, 1, 1, '2019-11-29 08:03:40', '2019-11-29 08:03:40'),
(72, 'EMCAG34-035', NULL, 8, 1, 1, '2019-11-29 08:03:40', '2019-11-29 08:03:40'),
(73, 'EMVAJ055-019', NULL, 8, 1, 1, '2019-11-29 08:03:40', '2019-11-29 08:03:40'),
(74, 'EMVAJ055-025', NULL, 8, 1, 1, '2019-11-29 08:03:40', '2019-11-29 08:03:40'),
(75, 'EMVAJ101-003', NULL, 8, 1, 1, '2019-11-29 08:03:40', '2019-11-29 08:03:40'),
(76, 'EMVAJ25-015', NULL, 8, 1, 1, '2019-11-29 08:03:40', '2019-11-29 08:03:40'),
(77, 'EMVAX91-007', NULL, 8, 1, 1, '2019-11-29 08:03:40', '2019-11-29 08:03:40'),
(78, 'ERPV311-0020', NULL, 9, 1, 1, '2019-11-29 08:03:41', '2019-11-29 08:03:41'),
(79, 'ERT412-0003', NULL, 10, 1, 1, '2019-11-29 08:03:41', '2019-11-29 08:03:41'),
(80, 'GBCAEM21AF102A', NULL, 7, 1, 1, '2019-11-29 08:03:41', '2019-11-29 08:03:41'),
(81, 'GBCAEM21AF108A', NULL, 7, 1, 1, '2019-11-29 08:03:41', '2019-11-29 08:03:41'),
(82, 'CAG14AF12A', NULL, 7, 1, 11, '2019-11-29 08:03:41', '2020-02-13 04:25:46'),
(83, 'CAG14AF14A', NULL, 7, 1, 11, '2019-11-29 08:03:41', '2020-02-13 04:25:56'),
(84, 'GBCAG14AF8002ACH', NULL, 7, 1, 1, '2019-11-29 08:03:41', '2019-11-29 08:03:41'),
(85, 'GBCAG34AF71A', NULL, 7, 1, 1, '2019-11-29 08:03:41', '2019-11-29 08:03:41'),
(86, 'GBCDG11AF002SACH', NULL, 11, 1, 1, '2019-11-29 08:03:41', '2019-11-29 08:03:41'),
(87, 'GBCDG11AF016SCCH', NULL, 11, 1, 1, '2019-11-29 08:03:41', '2019-11-29 08:03:41'),
(88, 'GBCDG21AF101ZMCH', NULL, 11, 1, 1, '2019-11-29 08:03:41', '2019-11-29 08:03:41'),
(89, 'GBCDG31EG001SACH', NULL, 11, 1, 1, '2019-11-29 08:03:41', '2019-11-29 08:03:41'),
(90, 'GBCDG31EG002SACH', NULL, 11, 1, 1, '2019-11-29 08:03:41', '2019-11-29 08:03:41'),
(91, 'GBCDG31EG004SBCH', NULL, 11, 1, 1, '2019-11-29 08:03:41', '2019-11-29 08:03:41'),
(92, 'GBCDG61EG038SGCH', NULL, 11, 1, 1, '2019-11-29 08:03:41', '2019-11-29 08:03:41'),
(93, 'GBCDG61EG101ZRCH', NULL, 11, 1, 1, '2019-11-29 08:03:41', '2019-11-29 08:03:41'),
(94, 'GBCDG61EG102ZMCH', NULL, 11, 1, 1, '2019-11-29 08:03:41', '2019-11-29 08:03:41'),
(95, 'GBCDG61EG102ZSCH', NULL, 11, 1, 1, '2019-11-29 08:03:41', '2019-11-29 08:03:41'),
(96, 'GBCDG61EG104ZRCH', NULL, 11, 1, 1, '2019-11-29 08:03:41', '2019-11-29 08:03:41'),
(97, 'GBVAA11YF0750AA', NULL, 7, 1, 1, '2019-11-29 08:03:41', '2019-11-29 08:03:41'),
(98, 'GBVAA11YF0752BA', NULL, 7, 1, 1, '2019-11-29 08:03:41', '2019-11-29 08:03:41'),
(99, 'GBVAA11YF0753AA', NULL, 7, 1, 1, '2019-11-29 08:03:41', '2019-11-29 08:03:41'),
(100, 'GBVAA11YF0753BA', NULL, 7, 1, 1, '2019-11-29 08:03:41', '2019-11-29 08:03:41'),
(101, 'GBVAA11YF8402ECH', NULL, 7, 1, 1, '2019-11-29 08:03:41', '2019-11-29 08:03:41'),
(102, 'GBVAA11YF8402FCH', NULL, 7, 1, 1, '2019-11-29 08:03:41', '2019-11-29 08:03:41'),
(103, 'GBVAA11YF8752CA', NULL, 7, 1, 1, '2019-11-29 08:03:41', '2019-11-29 08:03:41'),
(104, 'GBVAA11ZG8018ECH', NULL, 7, 1, 1, '2019-11-29 08:03:41', '2019-11-29 08:03:41'),
(105, 'GBVAA13YF8402FCH', NULL, 7, 1, 1, '2019-11-29 08:03:41', '2019-11-29 08:03:41'),
(106, 'GBVAA21ZG0750BA', NULL, 7, 1, 1, '2019-11-29 08:03:41', '2019-11-29 08:03:41'),
(107, 'GBVAA21ZG0800BA', NULL, 7, 1, 1, '2019-11-29 08:03:41', '2019-11-29 08:03:41'),
(108, 'GBVAA21ZG0804BA', NULL, 7, 1, 1, '2019-11-29 08:03:41', '2019-11-29 08:03:41'),
(109, 'GBVAA21ZG1000BA', NULL, 7, 1, 1, '2019-11-29 08:03:41', '2019-11-29 08:03:41'),
(110, 'GBVAA21ZG1002BA', NULL, 7, 1, 1, '2019-11-29 08:03:41', '2019-11-29 08:03:41'),
(111, 'GBVAA21ZG1004AA', NULL, 7, 1, 1, '2019-11-29 08:03:41', '2019-11-29 08:03:41'),
(112, 'GBVAA21ZG3750BA', NULL, 7, 1, 1, '2019-11-29 08:03:41', '2019-11-29 08:03:41'),
(113, 'GBVAA21ZG8502FCH', NULL, 7, 1, 1, '2019-11-29 08:03:41', '2019-11-29 08:03:41'),
(114, 'GBVAA21ZG8507FCH', NULL, 7, 1, 1, '2019-11-29 08:03:41', '2019-11-29 08:03:41'),
(115, 'GBVAA23ZG0750BA', NULL, 7, 1, 1, '2019-11-29 08:03:41', '2019-11-29 08:03:41'),
(116, 'GBVAA23ZG8502FCH', NULL, 7, 1, 1, '2019-11-29 08:03:41', '2019-11-29 08:03:41'),
(117, 'GBVAA31ZG8340FCH', NULL, 7, 1, 1, '2019-11-29 08:03:41', '2019-11-29 08:03:41'),
(118, 'GBVAA32ZG8012BCH', NULL, 7, 1, 1, '2019-11-29 08:03:41', '2019-11-29 08:03:41'),
(119, 'GBVAA33ZG8025FCH', NULL, 7, 1, 1, '2019-11-29 08:03:41', '2019-11-29 08:03:41'),
(120, 'GBVAA33ZG8313FCH', NULL, 7, 1, 1, '2019-11-29 08:03:41', '2019-11-29 08:03:41'),
(121, 'GBVAA33ZG8314FCH', NULL, 7, 1, 1, '2019-11-29 08:03:41', '2019-11-29 08:03:41'),
(122, 'GBVAA33ZG8316BCH', NULL, 7, 1, 1, '2019-11-29 08:03:41', '2019-11-29 08:03:41'),
(123, 'GBVAA33ZG8338BCH', NULL, 7, 1, 1, '2019-11-29 08:03:41', '2019-11-29 08:03:41'),
(124, 'GBVAA33ZG8363BCH', NULL, 7, 1, 1, '2019-11-29 08:03:41', '2019-11-29 08:03:41'),
(125, 'GBVAG11AF8001FCH', NULL, 7, 1, 1, '2019-11-29 08:03:41', '2019-11-29 08:03:41'),
(126, 'GBVAG11YF8002FCH', NULL, 7, 1, 1, '2019-11-29 08:03:41', '2019-11-29 08:03:41'),
(127, 'GBVAG11YF8008CCH', NULL, 7, 1, 1, '2019-11-29 08:03:41', '2019-11-29 08:03:41'),
(128, 'GBVAG11YF8011ADCH', NULL, 7, 1, 1, '2019-11-29 08:03:41', '2019-11-29 08:03:41'),
(129, 'GBVAG11YF8013AGCH', NULL, 7, 1, 1, '2019-11-29 08:03:41', '2019-11-29 08:03:41'),
(130, 'GBVAG21ZG8002ADCH', NULL, 7, 1, 1, '2019-11-29 08:03:41', '2019-11-29 08:03:41'),
(131, 'GBVAG21ZG8034NCH', NULL, 7, 1, 1, '2019-11-29 08:03:41', '2019-11-29 08:03:41'),
(132, 'GBVAG21ZG8068GCH', NULL, 7, 1, 1, '2019-11-29 08:03:41', '2019-11-29 08:03:41'),
(133, 'GBVAG21ZG8079HCH', NULL, 7, 1, 1, '2019-11-29 08:03:41', '2019-11-29 08:03:41'),
(134, 'GBVAG21ZG8193HCH', NULL, 7, 1, 1, '2019-11-29 08:03:41', '2019-11-29 08:03:41'),
(135, 'GBVAG21ZG8303HCH', NULL, 7, 1, 1, '2019-11-29 08:03:41', '2019-11-29 08:03:41'),
(136, 'GBVAG21ZG8312GCH', NULL, 7, 1, 1, '2019-11-29 08:03:41', '2019-11-29 08:03:41'),
(137, 'GBVAG21ZG8715GCH', NULL, 7, 1, 1, '2019-11-29 08:03:41', '2019-11-29 08:03:41'),
(138, 'GBVAGM22AF171G', NULL, 7, 1, 1, '2019-11-29 08:03:41', '2019-11-29 08:03:41'),
(139, 'GBVAGM23AF21G', NULL, 7, 1, 1, '2019-11-29 08:03:41', '2019-11-29 08:03:41'),
(140, 'GBVAGM23AF7G', NULL, 7, 1, 1, '2019-11-29 08:03:41', '2019-11-29 08:03:41'),
(141, 'GBVAGM23AF9G', NULL, 7, 1, 1, '2019-11-29 08:03:41', '2019-11-29 08:03:41'),
(142, 'GBVAJC11BF8305ACH', NULL, 7, 1, 1, '2019-11-29 08:03:41', '2019-11-29 08:03:41'),
(143, 'GBVAJC11ZF0754ABA', NULL, 7, 1, 1, '2019-11-29 08:03:41', '2019-11-29 08:03:41'),
(144, 'GBVAJC11ZF1004ABA', NULL, 7, 1, 1, '2019-11-29 08:03:41', '2019-11-29 08:03:41'),
(145, 'GBVAJC11ZF8303ACH', NULL, 7, 1, 1, '2019-11-29 08:03:41', '2019-11-29 08:03:41'),
(146, 'GBVAJH13YF0001BBA', NULL, 7, 1, 1, '2019-11-29 08:03:41', '2019-11-29 08:03:41'),
(147, 'GBVAJH13YF0002BBA', NULL, 7, 1, 1, '2019-11-29 08:03:41', '2019-11-29 08:03:41'),
(148, 'GBVAJH13YF0251BBA', NULL, 7, 1, 1, '2019-11-29 08:03:41', '2019-11-29 08:03:41'),
(149, 'GBVAJH13YF0252BBA', NULL, 7, 1, 1, '2019-11-29 08:03:41', '2019-11-29 08:03:41'),
(150, 'GBVAJH13YF0501BBA', NULL, 7, 1, 1, '2019-11-29 08:03:41', '2019-11-29 08:03:41'),
(151, 'GBVAJH13YF0751BBA', NULL, 7, 1, 1, '2019-11-29 08:03:41', '2019-11-29 08:03:41'),
(152, 'GBVAJH13YF0752BBA', NULL, 7, 1, 1, '2019-11-29 08:03:41', '2019-11-29 08:03:41'),
(153, 'GBVAJH13YF1001ABA', NULL, 7, 1, 1, '2019-11-29 08:03:41', '2019-11-29 08:03:41'),
(154, 'GBVAJH13YF1001BBA', NULL, 7, 1, 1, '2019-11-29 08:03:41', '2019-11-29 08:03:41'),
(155, 'GBVAJH13YF6001ABA', NULL, 7, 1, 1, '2019-11-29 08:03:41', '2019-11-29 08:03:41'),
(156, 'GBVAJH13YF6002ABA', NULL, 7, 1, 1, '2019-11-29 08:03:41', '2019-11-29 08:03:41'),
(157, 'GBVAJH13YF66B', NULL, 7, 1, 1, '2019-11-29 08:03:41', '2019-11-29 08:03:41'),
(158, 'GBVAJH13YF67B', NULL, 7, 1, 1, '2019-11-29 08:03:41', '2019-11-29 08:03:41'),
(159, 'GBVAJH13YF68B', NULL, 7, 1, 1, '2019-11-29 08:03:41', '2019-11-29 08:03:41'),
(160, 'GBVAJH23ZG0004BBA', NULL, 7, 1, 1, '2019-11-29 08:03:41', '2019-11-29 08:03:41'),
(161, 'GBVAJH23ZG0752BBA', NULL, 7, 1, 1, '2019-11-29 08:03:41', '2019-11-29 08:03:41'),
(162, 'GBVAJHM23ZG0752BBA', NULL, 7, 1, 1, '2019-11-29 08:03:41', '2019-11-29 08:03:41'),
(163, 'GBVAJHM23ZG0754BBA', NULL, 7, 1, 1, '2019-11-29 08:03:41', '2019-11-29 08:03:41'),
(164, 'GBVAJHM23ZG1002BBA', NULL, 7, 1, 1, '2019-11-29 08:03:41', '2019-11-29 08:03:41'),
(165, 'GBVAJHM23ZG1003BBA', NULL, 7, 1, 1, '2019-11-29 08:03:41', '2019-11-29 08:03:41'),
(166, 'GBVAJHM23ZG1004BBA', NULL, 7, 1, 1, '2019-11-29 08:03:41', '2019-11-29 08:03:41'),
(167, 'GBVAJHM23ZG107B', NULL, 7, 1, 1, '2019-11-29 08:03:41', '2019-11-29 08:03:41'),
(168, 'GBVAJHM23ZG41D', NULL, 7, 1, 1, '2019-11-29 08:03:41', '2019-11-29 08:03:41'),
(169, 'GBVAJHM23ZG42D', NULL, 7, 1, 1, '2019-11-29 08:03:41', '2019-11-29 08:03:41'),
(170, 'GBVAJHM53SF0752BBA', NULL, 7, 1, 1, '2019-11-29 08:03:41', '2019-11-29 08:03:41'),
(171, 'GBVAJS13YF0001AAA', NULL, 7, 1, 1, '2019-11-29 08:03:41', '2019-11-29 08:03:41'),
(172, 'GBVAJS13YF0001ABA', NULL, 7, 1, 1, '2019-11-29 08:03:41', '2019-11-29 08:03:41'),
(173, 'GBVAJS13YF0750ABA', NULL, 7, 1, 1, '2019-11-29 08:03:41', '2019-11-29 08:03:41'),
(174, 'GBVAJS13YF0752ABA', NULL, 7, 1, 1, '2019-11-29 08:03:41', '2019-11-29 08:03:41'),
(175, 'GBVAJS23ZG0750ABA', NULL, 7, 1, 1, '2019-11-29 08:03:41', '2019-11-29 08:03:41'),
(176, 'GBVAJSM43SF116B', NULL, 7, 1, 1, '2019-11-29 08:03:41', '2019-11-29 08:03:41'),
(177, 'GBVAPM31AF21A', NULL, 7, 1, 1, '2019-11-29 08:03:41', '2019-11-29 08:03:41'),
(178, 'GBVAWA12YF8001DCH', NULL, 7, 1, 1, '2019-11-29 08:03:41', '2019-11-29 08:03:41'),
(179, 'GBVAX21ZG8044BCH', NULL, 7, 1, 1, '2019-11-29 08:03:41', '2019-11-29 08:03:41'),
(180, 'GBVAX31ZG0250BA', NULL, 7, 1, 1, '2019-11-29 08:03:41', '2019-11-29 08:03:41'),
(181, 'GBVAX31ZG0750BA', NULL, 7, 1, 1, '2019-11-29 08:03:41', '2019-11-29 08:03:41'),
(182, 'GBVAX31ZG8074BCH', NULL, 7, 1, 1, '2019-11-29 08:03:41', '2019-11-29 08:03:41'),
(183, 'GBVAX31ZG8075BCH', NULL, 7, 1, 1, '2019-11-29 08:03:41', '2019-11-29 08:03:41'),
(184, 'GBVDG11AF001SBCH', NULL, 11, 1, 1, '2019-11-29 08:03:41', '2019-11-29 08:03:41'),
(185, 'GBVDG14AF9001ACH', NULL, 11, 1, 1, '2019-11-29 08:03:41', '2019-11-29 08:03:41'),
(186, 'GTTM22AF8003ACH', NULL, 2, 1, 1, '2019-11-29 08:03:41', '2019-11-29 08:03:41'),
(187, 'MCAG14C1BD3002A', NULL, 12, 1, 1, '2019-11-29 08:03:41', '2019-11-29 08:03:41'),
(188, 'MCTGM11D1AA113A', NULL, 2, 1, 1, '2019-11-29 08:03:41', '2019-11-29 08:03:41'),
(189, 'MVAAM11B1AA2030A', NULL, 12, 1, 1, '2019-11-29 08:03:41', '2019-11-29 08:03:41'),
(190, 'MVAAM11B1AA2530A', NULL, 12, 1, 1, '2019-11-29 08:03:41', '2019-11-29 08:03:41'),
(191, 'MVAAM11B1AA8300A', NULL, 12, 1, 1, '2019-11-29 08:03:41', '2019-11-29 08:03:41'),
(192, 'MVAAM11B1AA8302A', NULL, 12, 1, 1, '2019-11-29 08:03:41', '2019-11-29 08:03:41'),
(193, 'MVAAM11B1AA8306A', NULL, 12, 1, 1, '2019-11-29 08:03:41', '2019-11-29 08:03:41'),
(194, 'MVAAM11B1BA2530A', NULL, 12, 1, 1, '2019-11-29 08:03:41', '2019-11-29 08:03:41'),
(195, 'MVAAM11B1BA8006A', NULL, 12, 1, 1, '2019-11-29 08:03:41', '2019-11-29 08:03:41'),
(196, 'MVAAM11B1CA2531A', NULL, 12, 1, 1, '2019-11-29 08:03:41', '2019-11-29 08:03:41'),
(197, 'MVAAM11B1CJ1012A', NULL, 12, 1, 1, '2019-11-29 08:03:41', '2019-11-29 08:03:41'),
(198, 'MVAAM11B1CJ1015A', NULL, 12, 1, 1, '2019-11-29 08:03:41', '2019-11-29 08:03:41'),
(199, 'MVAAM11B1CJ5516A', NULL, 12, 1, 1, '2019-11-29 08:03:41', '2019-11-29 08:03:41'),
(200, 'MVAAM11B1JA2652A', NULL, 12, 1, 1, '2019-11-29 08:03:41', '2019-11-29 08:03:41'),
(201, 'MVAAM21B1AA2516A', NULL, 12, 1, 1, '2019-11-29 08:03:41', '2019-11-29 08:03:41'),
(202, 'MVAAM21B1BA2516A', NULL, 12, 1, 1, '2019-11-29 08:03:41', '2019-11-29 08:03:41'),
(203, 'MVAAM21B1BA2520A', NULL, 12, 1, 1, '2019-11-29 08:03:41', '2019-11-29 08:03:41'),
(204, 'MVAAM21B1CJ2525A', NULL, 12, 1, 1, '2019-11-29 08:03:41', '2019-11-29 08:03:41'),
(205, 'MVAAM21C1AA2532A', NULL, 12, 1, 1, '2019-11-29 08:03:41', '2019-11-29 08:03:41'),
(206, 'MVAAM21C1AA2580A', NULL, 12, 1, 1, '2019-11-29 08:03:41', '2019-11-29 08:03:41'),
(207, 'MVAAM21D1BA2541A', NULL, 12, 1, 1, '2019-11-29 08:03:41', '2019-11-29 08:03:41'),
(208, 'MVAAM23D1BA2541A', NULL, 12, 1, 1, '2019-11-29 08:03:41', '2019-11-29 08:03:41'),
(209, 'MVAAM31D1BA2570A', NULL, 12, 1, 1, '2019-11-29 08:03:41', '2019-11-29 08:03:41'),
(210, 'MVAGM21-003', NULL, 12, 1, 1, '2019-11-29 08:03:41', '2019-11-29 08:03:41'),
(211, 'MVAGM21D1AS0752A', NULL, 12, 1, 1, '2019-11-29 08:03:41', '2019-11-29 08:03:41'),
(212, 'MVAGM21D1AS0757A', NULL, 12, 1, 1, '2019-11-29 08:03:41', '2019-11-29 08:03:41'),
(213, 'MVAJ055JA0801A', NULL, 12, 1, 1, '2019-11-29 08:03:41', '2019-11-29 08:03:41'),
(214, 'MVAJ055JA1001A', NULL, 12, 1, 1, '2019-11-29 08:03:41', '2019-11-29 08:03:41'),
(215, 'MVAJ101JA1000A', NULL, 12, 1, 1, '2019-11-29 08:03:41', '2019-11-29 08:03:41'),
(216, 'MVAJ104JB1002A', NULL, 12, 1, 1, '2019-11-29 08:03:41', '2019-11-29 08:03:41'),
(217, 'MVAJ104JB1004A', NULL, 12, 1, 1, '2019-11-29 08:03:41', '2019-11-29 08:03:41'),
(218, 'MVAJ105JA0802A', NULL, 12, 1, 1, '2019-11-29 08:03:41', '2019-11-29 08:03:41'),
(219, 'MVAJ105JA1002A', NULL, 12, 1, 1, '2019-11-29 08:03:41', '2019-11-29 08:03:41'),
(220, 'MVAJ105JA1004A', NULL, 12, 1, 1, '2019-11-29 08:03:41', '2019-11-29 08:03:41'),
(221, 'MVAJ203LA1000A', NULL, 12, 1, 1, '2019-11-29 08:03:41', '2019-11-29 08:03:41'),
(222, 'MVAJ203LA1004A', NULL, 12, 1, 1, '2019-11-29 08:03:41', '2019-11-29 08:03:41'),
(223, 'MVAJ203LA1006A', NULL, 12, 1, 1, '2019-11-29 08:03:41', '2019-11-29 08:03:41'),
(224, 'MVAJ205LA0806A', NULL, 12, 1, 1, '2019-11-29 08:03:41', '2019-11-29 08:03:41'),
(225, 'MVAJ205LA1000A', NULL, 12, 1, 1, '2019-11-29 08:03:41', '2019-11-29 08:03:41'),
(226, 'MVAJ205LA1002A', NULL, 12, 1, 1, '2019-11-29 08:03:41', '2019-11-29 08:03:41'),
(227, 'MVAJ205LA1004A', NULL, 12, 1, 1, '2019-11-29 08:03:41', '2019-11-29 08:03:41'),
(228, 'MVAJ205LA1006A', NULL, 12, 1, 1, '2019-11-29 08:03:41', '2019-11-29 08:03:41'),
(229, 'MVAJ205LA1008A', NULL, 12, 1, 1, '2019-11-29 08:03:41', '2019-11-29 08:03:41'),
(230, 'MVAJ205LA1012A', NULL, 12, 1, 1, '2019-11-29 08:03:41', '2019-11-29 08:03:41'),
(231, 'MVAJM11B1AB1003A', NULL, 12, 1, 1, '2019-11-29 08:03:41', '2019-11-29 08:03:41'),
(232, 'MVAJM11JA1000A', NULL, 12, 1, 1, '2019-11-29 08:03:41', '2019-11-29 08:03:41'),
(233, 'MVAJM13JA0754A', NULL, 12, 1, 1, '2019-11-29 08:03:41', '2019-11-29 08:03:41'),
(234, 'MVAJM14D1EB0282A', NULL, 12, 1, 1, '2019-11-29 08:03:41', '2019-11-29 08:03:41'),
(235, 'MVAJM14D1EB1026A', NULL, 12, 1, 1, '2019-11-29 08:03:41', '2019-11-29 08:03:41'),
(236, 'MVAJM14D1EB1032A', NULL, 12, 1, 1, '2019-11-29 08:03:41', '2019-11-29 08:03:41'),
(237, 'MVAJM14D1EB1038A', NULL, 12, 1, 1, '2019-11-29 08:03:41', '2019-11-29 08:03:41'),
(238, 'MVAJM14JB0754A', NULL, 12, 1, 1, '2019-11-29 08:03:41', '2019-11-29 08:03:41'),
(239, 'MVAJM14JB0756A', NULL, 12, 1, 1, '2019-11-29 08:03:41', '2019-11-29 08:03:41'),
(240, 'MVAJM14JB1000A', NULL, 12, 1, 1, '2019-11-29 08:03:41', '2019-11-29 08:03:41'),
(241, 'MVAJM14JB1000A1', NULL, 12, 1, 1, '2019-11-29 08:03:41', '2019-11-29 08:03:41'),
(242, 'MVAJM14JB1002A1', NULL, 12, 1, 1, '2019-11-29 08:03:41', '2019-11-29 08:03:41'),
(243, 'MVAJM14JB1004A', NULL, 12, 1, 1, '2019-11-29 08:03:41', '2019-11-29 08:03:41'),
(244, 'MVAJM14JB1004A1', NULL, 12, 1, 1, '2019-11-29 08:03:41', '2019-11-29 08:03:41'),
(245, 'MVAJM14JB6004A', NULL, 12, 1, 1, '2019-11-29 08:03:41', '2019-11-29 08:03:41'),
(246, 'MVAJM14JB6004A1', NULL, 12, 1, 1, '2019-11-29 08:03:41', '2019-11-29 08:03:41'),
(247, 'MVAJM15JA0004A', NULL, 12, 1, 1, '2019-11-29 08:03:41', '2019-11-29 08:03:41'),
(248, 'MVAJM15JA0204A', NULL, 12, 1, 1, '2019-11-29 08:03:41', '2019-11-29 08:03:41'),
(249, 'MVAJM15JA0504A', NULL, 12, 1, 1, '2019-11-29 08:03:41', '2019-11-29 08:03:41'),
(250, 'MVAJM15JA0752A', NULL, 12, 1, 1, '2019-11-29 08:03:41', '2019-11-29 08:03:41'),
(251, 'MVAJM15JA0754A', NULL, 12, 1, 1, '2019-11-29 08:03:41', '2019-11-29 08:03:41'),
(252, 'MVAJM15JA1000A', NULL, 12, 1, 1, '2019-11-29 08:03:41', '2019-11-29 08:03:41'),
(253, 'MVAJM15JA1002A', NULL, 12, 1, 1, '2019-11-29 08:03:41', '2019-11-29 08:03:41'),
(254, 'MVAJM25LA0802A', NULL, 12, 1, 1, '2019-11-29 08:03:41', '2019-11-29 08:03:41'),
(255, 'MVAJM25LA0804A', NULL, 12, 1, 1, '2019-11-29 08:03:41', '2019-11-29 08:03:41'),
(256, 'MVAJM25LA1002A', NULL, 12, 1, 1, '2019-11-29 08:03:41', '2019-11-29 08:03:41'),
(257, 'MVAJM25LA1004A', NULL, 12, 1, 1, '2019-11-29 08:03:41', '2019-11-29 08:03:41'),
(258, 'MVAPM32D1AA2001A', NULL, 12, 1, 1, '2019-11-29 08:03:41', '2019-11-29 08:03:41'),
(259, 'MVAXM21C1CE3005A', NULL, 12, 1, 1, '2019-11-29 08:03:41', '2019-11-29 08:03:41'),
(260, 'MVAXM31D1CE2754A', NULL, 12, 1, 1, '2019-11-29 08:03:41', '2019-11-29 08:03:41'),
(261, 'MVAXM31D1CE3005A', NULL, 12, 1, 1, '2019-11-29 08:03:41', '2019-11-29 08:03:41'),
(262, 'MVAXM31D1CE3007A', NULL, 12, 1, 1, '2019-11-29 08:03:41', '2019-11-29 08:03:41'),
(263, 'MVTTM14C1BA1002A', NULL, 2, 1, 1, '2019-11-29 08:03:41', '2019-11-29 08:03:41'),
(264, 'P14111JA6M0460J', NULL, 13, 1, 1, '2019-11-29 08:03:41', '2019-11-29 08:03:41'),
(265, 'P141216A6M0400J', NULL, 13, 1, 1, '2019-11-29 08:03:41', '2019-11-29 08:03:41'),
(266, 'P141216A6M0430J', NULL, 13, 1, 1, '2019-11-29 08:03:41', '2019-11-29 08:03:41'),
(267, 'P141311A2M0460J', NULL, 13, 1, 1, '2019-11-29 08:03:41', '2019-11-29 08:03:41'),
(268, 'P141311A3M0460J', NULL, 13, 1, 1, '2019-11-29 08:03:41', '2019-11-29 08:03:41'),
(269, 'P141316A6M0440J', NULL, 13, 1, 1, '2019-11-29 08:03:41', '2019-11-29 08:03:41'),
(270, 'P141316A6M0460J', NULL, 13, 1, 1, '2019-11-29 08:03:41', '2019-11-29 08:03:41'),
(271, 'P141316A6M0500J', NULL, 13, 1, 1, '2019-11-29 08:03:41', '2019-11-29 08:03:41'),
(272, 'P141316N6M0460J', NULL, 13, 1, 1, '2019-11-29 08:03:41', '2019-11-29 08:03:41'),
(273, 'P141317A3M0440J', NULL, 13, 1, 1, '2019-11-29 08:03:41', '2019-11-29 08:03:41'),
(274, 'P14131AA6M0460J', NULL, 13, 1, 1, '2019-11-29 08:03:41', '2019-11-29 08:03:41'),
(275, 'P14131AA6M0500J', NULL, 13, 1, 1, '2019-11-29 08:03:41', '2019-11-29 08:03:41'),
(276, 'P141711A2M0510J', NULL, 13, 1, 1, '2019-11-29 08:03:41', '2019-11-29 08:03:41'),
(277, 'P141716A6M0500J', NULL, 13, 1, 1, '2019-11-29 08:03:41', '2019-11-29 08:03:41'),
(278, 'P141716N6M0500J', NULL, 13, 1, 1, '2019-11-29 08:03:41', '2019-11-29 08:03:41'),
(279, 'P14171JA6M0500JP14171JA6M0500JP14171JA6M0500J', NULL, 13, 1, 1, '2019-11-29 08:03:41', '2019-11-29 08:03:41'),
(280, 'P14171JN6M0510J', NULL, 13, 1, 1, '2019-11-29 08:03:41', '2019-11-29 08:03:41'),
(281, 'P141812A3M0500J', NULL, 13, 1, 1, '2019-11-29 08:03:41', '2019-11-29 08:03:41'),
(282, 'P141817A3M0510J', NULL, 13, 1, 1, '2019-11-29 08:03:41', '2019-11-29 08:03:41'),
(283, 'P141916A6M0460J', NULL, 13, 1, 1, '2019-11-29 08:03:41', '2019-11-29 08:03:41'),
(284, 'P141916A6M0500J', NULL, 13, 1, 1, '2019-11-29 08:03:41', '2019-11-29 08:03:41'),
(285, 'P141916A6M0500J', NULL, 13, 1, 1, '2019-11-29 08:03:41', '2019-11-29 08:03:41'),
(286, 'P141916A6M0510J', NULL, 13, 1, 1, '2019-11-29 08:03:41', '2019-11-29 08:03:41'),
(287, 'P141916AM0500J', NULL, 13, 1, 1, '2019-11-29 08:03:41', '2019-11-29 08:03:41'),
(288, 'P141916N6M0510J', NULL, 13, 1, 1, '2019-11-29 08:03:41', '2019-11-29 08:03:41'),
(289, 'P141916N6M0610P', NULL, 13, 1, 1, '2019-11-29 08:03:41', '2019-11-29 08:03:41'),
(290, 'P14191AA6M0460J', NULL, 13, 1, 1, '2019-11-29 08:03:41', '2019-11-29 08:03:41'),
(291, 'P14191AA6M0500J', NULL, 13, 1, 1, '2019-11-29 08:03:41', '2019-11-29 08:03:41'),
(292, 'P14191AA6M0510J', NULL, 13, 1, 1, '2019-11-29 08:03:41', '2019-11-29 08:03:41'),
(293, 'P14191AAM0460J', NULL, 13, 1, 1, '2019-11-29 08:03:41', '2019-11-29 08:03:41'),
(294, 'P14191JN6M0510J', NULL, 13, 1, 1, '2019-11-29 08:03:41', '2019-11-29 08:03:41'),
(295, 'P14191NA6M0610P', NULL, 13, 1, 1, '2019-11-29 08:03:41', '2019-11-29 08:03:41'),
(296, 'P14191PA6M0500J', NULL, 13, 1, 1, '2019-11-29 08:03:41', '2019-11-29 08:03:41'),
(297, 'P1419JN6M0510J', NULL, 13, 1, 1, '2019-11-29 08:03:41', '2019-11-29 08:03:41'),
(298, 'P142316D6M0460J', NULL, 13, 1, 1, '2019-11-29 08:03:41', '2019-11-29 08:03:41'),
(299, 'P142816D6M0510J', NULL, 13, 1, 1, '2019-11-29 08:03:41', '2019-11-29 08:03:41'),
(300, 'P142916A7M0500J', NULL, 13, 1, 1, '2019-11-29 08:03:41', '2019-11-29 08:03:41'),
(301, 'P142916B6M0500J', NULL, 13, 1, 1, '2019-11-29 08:03:41', '2019-11-29 08:03:41'),
(302, 'P142916C6M0500J', NULL, 13, 1, 1, '2019-11-29 08:03:41', '2019-11-29 08:03:41'),
(303, 'P142916C7M0510J', NULL, 13, 1, 1, '2019-11-29 08:03:41', '2019-11-29 08:03:41'),
(304, 'P142916D7M0500J', NULL, 13, 1, 1, '2019-11-29 08:03:41', '2019-11-29 08:03:41'),
(305, 'P143311A2M0460J', NULL, 13, 1, 1, '2019-11-29 08:03:41', '2019-11-29 08:03:41'),
(306, 'P143311A3M0460J', NULL, 13, 1, 1, '2019-11-29 08:03:41', '2019-11-29 08:03:41'),
(307, 'P143311C2M0440J', NULL, 13, 1, 1, '2019-11-29 08:03:41', '2019-11-29 08:03:41'),
(308, 'P143311C2M04440J', NULL, 13, 1, 1, '2019-11-29 08:03:41', '2019-11-29 08:03:41'),
(309, 'P143316J6M0440J', NULL, 13, 1, 1, '2019-11-29 08:03:41', '2019-11-29 08:03:41'),
(310, 'P143316J6M0460J', NULL, 13, 1, 1, '2019-11-29 08:03:41', '2019-11-29 08:03:41'),
(311, 'P143911A2M0500J', NULL, 13, 1, 1, '2019-11-29 08:03:41', '2019-11-29 08:03:41'),
(312, 'P143911C2M0500J', NULL, 13, 1, 1, '2019-11-29 08:03:41', '2019-11-29 08:03:41'),
(313, 'P143916A6M0500J', NULL, 13, 1, 1, '2019-11-29 08:03:41', '2019-11-29 08:03:41'),
(314, 'P143916C6M0500J', NULL, 13, 1, 1, '2019-11-29 08:03:41', '2019-11-29 08:03:41'),
(315, 'P14391AA6M0510J', NULL, 13, 1, 1, '2019-11-29 08:03:41', '2019-11-29 08:03:41'),
(316, 'P14B16A6C0530A', NULL, 3, 1, 1, '2019-11-29 08:03:41', '2019-11-29 08:03:41'),
(317, 'P14DA11A20540A', NULL, 3, 1, 1, '2019-11-29 08:03:41', '2019-11-29 08:03:41'),
(318, 'P14DA11A2B0530A', NULL, 3, 1, 1, '2019-11-29 08:03:41', '2019-11-29 08:03:41'),
(319, 'P14DA11A2B0540A', NULL, 3, 1, 1, '2019-11-29 08:03:41', '2019-11-29 08:03:41'),
(320, 'P14DA11E2B0540A', NULL, 3, 1, 1, '2019-11-29 08:03:41', '2019-11-29 08:03:41'),
(321, 'P14DB11A2C00540A', NULL, 3, 1, 1, '2019-11-29 08:03:41', '2019-11-29 08:03:41'),
(322, 'P14DB11A2C00560A', NULL, 3, 1, 1, '2019-11-29 08:03:41', '2019-11-29 08:03:41'),
(323, 'P14DB11A2C0500A', NULL, 3, 1, 1, '2019-11-29 08:03:41', '2019-11-29 08:03:41'),
(324, 'P14DB11A2C0510A', NULL, 3, 1, 1, '2019-11-29 08:03:41', '2019-11-29 08:03:41'),
(325, 'P14DB11A2C0530A', NULL, 3, 1, 1, '2019-11-29 08:03:41', '2019-11-29 08:03:41'),
(326, 'P14DB11A2C0540A', NULL, 3, 1, 1, '2019-11-29 08:03:41', '2019-11-29 08:03:41'),
(327, 'P14DB11A2C0610A', NULL, 3, 1, 1, '2019-11-29 08:03:41', '2019-11-29 08:03:41'),
(328, 'P14DB11C2C0530A', NULL, 3, 1, 1, '2019-11-29 08:03:41', '2019-11-29 08:03:41'),
(329, 'P14DB11C2C0610A', NULL, 3, 1, 1, '2019-11-29 08:03:41', '2019-11-29 08:03:41'),
(330, 'P14DB11F2C0560A', NULL, 3, 1, 1, '2019-11-29 08:03:41', '2019-11-29 08:03:41'),
(331, 'P14DB16A60570A', NULL, 3, 1, 1, '2019-11-29 08:03:41', '2019-11-29 08:03:41'),
(332, 'P14DB16A6C0500A', NULL, 3, 1, 1, '2019-11-29 08:03:41', '2019-11-29 08:03:41'),
(333, 'P14DB16A6C0510A', NULL, 3, 1, 1, '2019-11-29 08:03:41', '2019-11-29 08:03:41'),
(334, 'P14DB16A6C0530A', NULL, 3, 1, 1, '2019-11-29 08:03:41', '2019-11-29 08:03:41'),
(335, 'P14DB16A6C0540A', NULL, 3, 1, 1, '2019-11-29 08:03:41', '2019-11-29 08:03:41'),
(336, 'P14DB16A6C0550A', NULL, 3, 1, 1, '2019-11-29 08:03:41', '2019-11-29 08:03:41'),
(337, 'P14DB16A6C0560A', NULL, 3, 1, 1, '2019-11-29 08:03:41', '2019-11-29 08:03:41'),
(338, 'P14DB16A6C05640A', NULL, 3, 1, 1, '2019-11-29 08:03:41', '2019-11-29 08:03:41'),
(339, 'P14DB16A6C0570A', NULL, 3, 1, 1, '2019-11-29 08:03:41', '2019-11-29 08:03:41'),
(340, 'P14DB16A6C0600A', NULL, 3, 1, 1, '2019-11-29 08:03:41', '2019-11-29 08:03:41'),
(341, 'P14DB16A6C0610A', NULL, 3, 1, 1, '2019-11-29 08:03:41', '2019-11-29 08:03:41'),
(342, 'P14DB16A7C0540A', NULL, 3, 1, 1, '2019-11-29 08:03:41', '2019-11-29 08:03:41'),
(343, 'P14DB16A7C05610A', NULL, 3, 1, 1, '2019-11-29 08:03:41', '2019-11-29 08:03:41'),
(344, 'P14DB16A7C0610A', NULL, 3, 1, 1, '2019-11-29 08:03:41', '2019-11-29 08:03:41'),
(345, 'P14DB1A6C0540A', NULL, 3, 1, 1, '2019-11-29 08:03:41', '2019-11-29 08:03:41'),
(346, 'P14DB1BD6D0610A', NULL, 3, 1, 1, '2019-11-29 08:03:41', '2019-11-29 08:03:41'),
(347, 'P14DB1FA6C0570A', NULL, 3, 1, 1, '2019-11-29 08:03:41', '2019-11-29 08:03:41'),
(348, 'P14DG11A2C0540A', NULL, 3, 1, 1, '2019-11-29 08:03:41', '2019-11-29 08:03:41'),
(349, 'P14DG11F2C0540A', NULL, 3, 1, 1, '2019-11-29 08:03:41', '2019-11-29 08:03:41'),
(350, 'P14DG16A6C0530A', NULL, 3, 1, 1, '2019-11-29 08:03:41', '2019-11-29 08:03:41'),
(351, 'P14DL11A2C0500A', NULL, 3, 1, 1, '2019-11-29 08:03:41', '2019-11-29 08:03:41'),
(352, 'P14DL16A6C0500A', NULL, 3, 1, 1, '2019-11-29 08:03:41', '2019-11-29 08:03:41'),
(353, 'P14DL16A6C0540A', NULL, 3, 1, 1, '2019-11-29 08:03:41', '2019-11-29 08:03:41'),
(354, 'P14DL16A6C0570A', NULL, 3, 1, 1, '2019-11-29 08:03:41', '2019-11-29 08:03:41'),
(355, 'P14DL21A2C0540A', NULL, 3, 1, 1, '2019-11-29 08:03:41', '2019-11-29 08:03:41'),
(356, 'P14DL26A7C0570A', NULL, 3, 1, 1, '2019-11-29 08:03:41', '2019-11-29 08:03:41'),
(357, 'P14DL26A7C0610A', NULL, 3, 1, 1, '2019-11-29 08:03:41', '2019-11-29 08:03:41'),
(358, 'P14DZ21A1C0540A', NULL, 3, 1, 1, '2019-11-29 08:03:41', '2019-11-29 08:03:41'),
(359, 'P14N616A6C0540A', NULL, 3, 1, 1, '2019-11-29 08:03:41', '2019-11-29 08:03:41'),
(360, 'P14NB11A2B0500A', NULL, 3, 1, 1, '2019-11-29 08:03:41', '2019-11-29 08:03:41'),
(361, 'P14NB11A2B0510A', NULL, 3, 1, 1, '2019-11-29 08:03:41', '2019-11-29 08:03:41'),
(362, 'P14NB11A2B0530A', NULL, 3, 1, 1, '2019-11-29 08:03:42', '2019-11-29 08:03:42'),
(363, 'P14NB11A2B0540A', NULL, 3, 1, 1, '2019-11-29 08:03:42', '2019-11-29 08:03:42'),
(364, 'P14NB11A3B050A', NULL, 3, 1, 1, '2019-11-29 08:03:42', '2019-11-29 08:03:42'),
(365, 'P14NB11A3B0530A', NULL, 3, 1, 1, '2019-11-29 08:03:42', '2019-11-29 08:03:42'),
(366, 'P14NB11C2C0530A', NULL, 3, 1, 1, '2019-11-29 08:03:42', '2019-11-29 08:03:42'),
(367, 'P14NB11E2B0540A', NULL, 3, 1, 1, '2019-11-29 08:03:42', '2019-11-29 08:03:42'),
(368, 'P14NB16A6C0530A', NULL, 3, 1, 1, '2019-11-29 08:03:42', '2019-11-29 08:03:42'),
(369, 'P14NB16A6C0540A', NULL, 3, 1, 1, '2019-11-29 08:03:42', '2019-11-29 08:03:42'),
(370, 'P14NB16A6C0550A', NULL, 3, 1, 1, '2019-11-29 08:03:42', '2019-11-29 08:03:42'),
(371, 'P14NB16A6C0560A', NULL, 3, 1, 1, '2019-11-29 08:03:42', '2019-11-29 08:03:42'),
(372, 'P14NB16A6C0610A', NULL, 3, 1, 1, '2019-11-29 08:03:42', '2019-11-29 08:03:42'),
(373, 'P14NB16A6C0610A ', NULL, 3, 1, 1, '2019-11-29 08:03:42', '2019-11-29 08:03:42'),
(374, 'P14NB1CA6C0560A', NULL, 3, 1, 1, '2019-11-29 08:03:42', '2019-11-29 08:03:42'),
(375, 'P14NB1CA6C0570A', NULL, 3, 1, 1, '2019-11-29 08:03:42', '2019-11-29 08:03:42'),
(376, 'P14NB1FA6C0610A', NULL, 3, 1, 1, '2019-11-29 08:03:42', '2019-11-29 08:03:42'),
(377, 'P14NB21E2B0540A', NULL, 3, 1, 1, '2019-11-29 08:03:42', '2019-11-29 08:03:42'),
(378, 'P241312A3M0600J', NULL, 13, 1, 1, '2019-11-29 08:03:42', '2019-11-29 08:03:42'),
(379, 'P241916E6M0600J', NULL, 13, 1, 1, '2019-11-29 08:03:42', '2019-11-29 08:03:42'),
(380, 'P242311A2M0600K', NULL, 13, 1, 1, '2019-11-29 08:03:42', '2019-11-29 08:03:42'),
(381, 'P242911A2M0600K', NULL, 13, 1, 1, '2019-11-29 08:03:42', '2019-11-29 08:03:42'),
(382, 'P242916B6M0600K', NULL, 13, 1, 1, '2019-11-29 08:03:42', '2019-11-29 08:03:42'),
(383, 'P243311A2M0570K', NULL, 13, 1, 1, '2019-11-29 08:03:42', '2019-11-29 08:03:42'),
(384, 'P342311A2M0320J', NULL, 13, 1, 1, '2019-11-29 08:03:42', '2019-11-29 08:03:42'),
(385, 'P342911A2M0360J', NULL, 13, 1, 1, '2019-11-29 08:03:42', '2019-11-29 08:03:42'),
(386, 'P343121A2M0360J', NULL, 13, 1, 1, '2019-11-29 08:03:42', '2019-11-29 08:03:42'),
(387, 'P343121A2M0360K', NULL, 13, 1, 1, '2019-11-29 08:03:42', '2019-11-29 08:03:42'),
(388, 'P343211E2M0350J', NULL, 13, 1, 1, '2019-11-29 08:03:42', '2019-11-29 08:03:42'),
(389, 'P343311E1M0330J', NULL, 13, 1, 1, '2019-11-29 08:03:42', '2019-11-29 08:03:42'),
(390, 'P343316A6M0360K', NULL, 13, 1, 1, '2019-11-29 08:03:42', '2019-11-29 08:03:42'),
(391, 'P343316J6M0360K', NULL, 13, 1, 1, '2019-11-29 08:03:42', '2019-11-29 08:03:42'),
(392, 'P343318F3A0070C', NULL, 13, 1, 1, '2019-11-29 08:03:42', '2019-11-29 08:03:42'),
(393, 'P34331AF6M0360K', NULL, 13, 1, 1, '2019-11-29 08:03:42', '2019-11-29 08:03:42'),
(394, 'P3435317C3M0350K', NULL, 13, 1, 1, '2019-11-29 08:03:42', '2019-11-29 08:03:42'),
(395, 'P345311A1M0330K', NULL, 13, 1, 1, '2019-11-29 08:03:42', '2019-11-29 08:03:42'),
(396, 'P345311C1M0330K', NULL, 13, 1, 1, '2019-11-29 08:03:42', '2019-11-29 08:03:42'),
(397, 'P345317C3M0350K', NULL, 13, 1, 1, '2019-11-29 08:03:42', '2019-11-29 08:03:42'),
(398, 'P345916E6M0380M', NULL, 13, 1, 1, '2019-11-29 08:03:42', '2019-11-29 08:03:42'),
(399, 'P441211B3M0360J', NULL, 13, 1, 1, '2019-11-29 08:03:42', '2019-11-29 08:03:42'),
(400, 'P442212B3M0550K', NULL, 13, 1, 1, '2019-11-29 08:03:42', '2019-11-29 08:03:42'),
(401, 'P442311B2M0500K', NULL, 13, 1, 1, '2019-11-29 08:03:42', '2019-11-29 08:03:42'),
(402, 'P442311B3A0300G', NULL, 13, 1, 1, '2019-11-29 08:03:42', '2019-11-29 08:03:42'),
(403, 'P442311E2M0550K', NULL, 13, 1, 1, '2019-11-29 08:03:42', '2019-11-29 08:03:42'),
(404, 'P442312B2M0300A', NULL, 13, 1, 1, '2019-11-29 08:03:42', '2019-11-29 08:03:42'),
(405, 'P442316A6M0550K', NULL, 13, 1, 1, '2019-11-29 08:03:42', '2019-11-29 08:03:42'),
(406, 'P442316B6H0550K', NULL, 13, 1, 1, '2019-11-29 08:03:42', '2019-11-29 08:03:42'),
(407, 'P442316B6M0450K', NULL, 13, 1, 1, '2019-11-29 08:03:42', '2019-11-29 08:03:42'),
(408, 'P442316B6M0550K', NULL, 13, 1, 1, '2019-11-29 08:03:42', '2019-11-29 08:03:42'),
(409, 'P44231AA7M0550K', NULL, 13, 1, 1, '2019-11-29 08:03:42', '2019-11-29 08:03:42'),
(410, 'P44231AB6M0360J', NULL, 13, 1, 1, '2019-11-29 08:03:42', '2019-11-29 08:03:42'),
(411, 'P44231AB6M0550K', NULL, 13, 1, 1, '2019-11-29 08:03:42', '2019-11-29 08:03:42'),
(412, 'P44231EB3M0500K', NULL, 13, 1, 1, '2019-11-29 08:03:42', '2019-11-29 08:03:42'),
(413, 'P44231FB3M0500K', NULL, 13, 1, 1, '2019-11-29 08:03:42', '2019-11-29 08:03:42'),
(414, 'P442816B6M0550K', NULL, 13, 1, 1, '2019-11-29 08:03:42', '2019-11-29 08:03:42'),
(415, 'P442816D6M0060P', NULL, 13, 1, 1, '2019-11-29 08:03:42', '2019-11-29 08:03:42'),
(416, 'P442916A6M0550K', NULL, 13, 1, 1, '2019-11-29 08:03:42', '2019-11-29 08:03:42'),
(417, 'P442916B6M0550K', NULL, 13, 1, 1, '2019-11-29 08:03:42', '2019-11-29 08:03:42'),
(418, 'P442916B6M0710M', NULL, 13, 1, 1, '2019-11-29 08:03:42', '2019-11-29 08:03:42'),
(419, 'P44291AB610710M', NULL, 13, 1, 1, '2019-11-29 08:03:42', '2019-11-29 08:03:42'),
(420, 'P44291AB6M0500K', NULL, 13, 1, 1, '2019-11-29 08:03:42', '2019-11-29 08:03:42'),
(421, 'P44291AB6M0550K', NULL, 13, 1, 1, '2019-11-29 08:03:42', '2019-11-29 08:03:42'),
(422, 'P44291AB6M0710M', NULL, 13, 1, 1, '2019-11-29 08:03:42', '2019-11-29 08:03:42'),
(423, 'P44291AB7M0550K', NULL, 13, 1, 1, '2019-11-29 08:03:42', '2019-11-29 08:03:42'),
(424, 'P44291AB7M070M', NULL, 13, 1, 1, '2019-11-29 08:03:42', '2019-11-29 08:03:42'),
(425, 'P443916A6M0820M', NULL, 13, 1, 1, '2019-11-29 08:03:42', '2019-11-29 08:03:42'),
(426, 'P444', NULL, 13, 1, 1, '2019-11-29 08:03:42', '2019-11-29 08:03:42'),
(427, 'P444312B3M0300J', NULL, 13, 1, 1, '2019-11-29 08:03:42', '2019-11-29 08:03:42'),
(428, 'P444312B3M0450K', NULL, 13, 1, 1, '2019-11-29 08:03:42', '2019-11-29 08:03:42'),
(429, 'P444316B6M0550K', NULL, 13, 1, 1, '2019-11-29 08:03:42', '2019-11-29 08:03:42'),
(430, 'P444316J6M0550K', NULL, 13, 1, 1, '2019-11-29 08:03:42', '2019-11-29 08:03:42'),
(431, 'P44431AB6M0550K', NULL, 13, 1, 1, '2019-11-29 08:03:42', '2019-11-29 08:03:42'),
(432, 'P444916B6M0550K', NULL, 13, 1, 1, '2019-11-29 08:03:42', '2019-11-29 08:03:42'),
(433, 'P444916B6M0700M', NULL, 13, 1, 1, '2019-11-29 08:03:42', '2019-11-29 08:03:42'),
(434, 'P444916B6M0710K', NULL, 13, 1, 1, '2019-11-29 08:03:42', '2019-11-29 08:03:42'),
(435, 'P444916B6M0710M', NULL, 13, 1, 1, '2019-11-29 08:03:42', '2019-11-29 08:03:42'),
(436, 'P444916B7M0710M', NULL, 13, 1, 1, '2019-11-29 08:03:42', '2019-11-29 08:03:42'),
(437, 'P444916H7M0550K', NULL, 13, 1, 1, '2019-11-29 08:03:42', '2019-11-29 08:03:42'),
(438, 'P444916J6M0710M', NULL, 13, 1, 1, '2019-11-29 08:03:42', '2019-11-29 08:03:42'),
(439, 'P44491AB7M0550K', NULL, 13, 1, 1, '2019-11-29 08:03:42', '2019-11-29 08:03:42'),
(440, 'P44491AJ6M0550K', NULL, 13, 1, 1, '2019-11-29 08:03:42', '2019-11-29 08:03:42'),
(441, 'P44491AJ6M0550K', NULL, 13, 1, 1, '2019-11-29 08:03:42', '2019-11-29 08:03:42'),
(442, 'P44491AJ6M0710M', NULL, 13, 1, 1, '2019-11-29 08:03:42', '2019-11-29 08:03:42'),
(443, 'P44491AL6M0700M', NULL, 13, 1, 1, '2019-11-29 08:03:42', '2019-11-29 08:03:42'),
(444, 'P44491BB6M0710M', NULL, 13, 1, 1, '2019-11-29 08:03:42', '2019-11-29 08:03:42'),
(445, 'P44491PB6M0550K', NULL, 13, 1, 1, '2019-11-29 08:03:42', '2019-11-29 08:03:42'),
(446, 'P542311D2M0300J', NULL, 13, 1, 1, '2019-11-29 08:03:42', '2019-11-29 08:03:42'),
(447, 'P54581KC6M0710M', NULL, 13, 1, 1, '2019-11-29 08:03:42', '2019-11-29 08:03:42'),
(448, 'P642312D2M0040J', NULL, 13, 1, 1, '2019-11-29 08:03:42', '2019-11-29 08:03:42'),
(449, 'P642316A6M0040J', NULL, 13, 1, 1, '2019-11-29 08:03:42', '2019-11-29 08:03:42'),
(450, 'P642316D6M0040J', NULL, 13, 1, 1, '2019-11-29 08:03:42', '2019-11-29 08:03:42'),
(451, 'P64231AA6M0040J', NULL, 13, 1, 1, '2019-11-29 08:03:42', '2019-11-29 08:03:42'),
(452, 'P64231AA6M0050P', NULL, 13, 1, 1, '2019-11-29 08:03:42', '2019-11-29 08:03:42'),
(453, 'P64231AD6M0040J', NULL, 13, 1, 1, '2019-11-29 08:03:42', '2019-11-29 08:03:42'),
(454, 'P642711A2M0060P', NULL, 13, 1, 1, '2019-11-29 08:03:42', '2019-11-29 08:03:42'),
(455, 'P64271JA6M0060P', NULL, 13, 1, 1, '2019-11-29 08:03:42', '2019-11-29 08:03:42'),
(456, 'P642816D66M0060P', NULL, 13, 1, 1, '2019-11-29 08:03:42', '2019-11-29 08:03:42'),
(457, 'P642816D6M0060P', NULL, 13, 1, 1, '2019-11-29 08:03:42', '2019-11-29 08:03:42'),
(458, 'P642911A2M0050P', NULL, 13, 1, 1, '2019-11-29 08:03:42', '2019-11-29 08:03:42'),
(459, 'P642911A2M0060P', NULL, 13, 1, 1, '2019-11-29 08:03:42', '2019-11-29 08:03:42'),
(460, 'P642916A6M0060P', NULL, 13, 1, 1, '2019-11-29 08:03:42', '2019-11-29 08:03:42'),
(461, 'P642916D6M0050P', NULL, 13, 1, 1, '2019-11-29 08:03:42', '2019-11-29 08:03:42'),
(462, 'P642916D6M0060P', NULL, 13, 1, 1, '2019-11-29 08:03:42', '2019-11-29 08:03:42'),
(463, 'P64291AA6M0060P', NULL, 13, 1, 1, '2019-11-29 08:03:42', '2019-11-29 08:03:42'),
(464, 'P64291ND6M0060P', NULL, 13, 1, 1, '2019-11-29 08:03:42', '2019-11-29 08:03:42'),
(465, 'P642926A6M0050P', NULL, 13, 1, 1, '2019-11-29 08:03:42', '2019-11-29 08:03:42'),
(466, 'P64292AD6M0050P', NULL, 13, 1, 1, '2019-11-29 08:03:42', '2019-11-29 08:03:42'),
(467, 'P643226A6M0020K', NULL, 13, 1, 1, '2019-11-29 08:03:42', '2019-11-29 08:03:42'),
(468, 'P64322A3M0040K', NULL, 13, 1, 1, '2019-11-29 08:03:42', '2019-11-29 08:03:42'),
(469, 'P643311A2M0040K', NULL, 13, 1, 1, '2019-11-29 08:03:42', '2019-11-29 08:03:42'),
(470, 'P643316A6M0040K', NULL, 13, 1, 1, '2019-11-29 08:03:42', '2019-11-29 08:03:42'),
(471, 'P643316A6M0060M', NULL, 13, 1, 1, '2019-11-29 08:03:42', '2019-11-29 08:03:42'),
(472, 'P643317A3M0040K', NULL, 13, 1, 1, '2019-11-29 08:03:42', '2019-11-29 08:03:42'),
(473, 'P64331AA6M0020K', NULL, 13, 1, 1, '2019-11-29 08:03:42', '2019-11-29 08:03:42'),
(474, 'P64331AD6M10040K', NULL, 13, 1, 1, '2019-11-29 08:03:42', '2019-11-29 08:03:42'),
(475, 'P643326A6M0040K', NULL, 13, 1, 1, '2019-11-29 08:03:42', '2019-11-29 08:03:42'),
(476, 'P643326D6M0040K', NULL, 13, 1, 1, '2019-11-29 08:03:42', '2019-11-29 08:03:42'),
(477, 'P643326D6M0050M', NULL, 13, 1, 1, '2019-11-29 08:03:42', '2019-11-29 08:03:42'),
(478, 'P64372JA6M0060M', NULL, 13, 1, 1, '2019-11-29 08:03:42', '2019-11-29 08:03:42'),
(479, 'P64372JB6M0060M', NULL, 13, 1, 1, '2019-11-29 08:03:42', '2019-11-29 08:03:42'),
(480, 'P643816A6M0060M', NULL, 13, 1, 1, '2019-11-29 08:03:42', '2019-11-29 08:03:42'),
(481, 'P643916A6M0050M', NULL, 13, 1, 1, '2019-11-29 08:03:42', '2019-11-29 08:03:42'),
(482, 'P643916A6M0060M', NULL, 13, 1, 1, '2019-11-29 08:03:42', '2019-11-29 08:03:42'),
(483, 'P643916E6M0050M', NULL, 13, 1, 1, '2019-11-29 08:03:42', '2019-11-29 08:03:42'),
(484, 'P643918A3M0060M', NULL, 13, 1, 1, '2019-11-29 08:03:42', '2019-11-29 08:03:42'),
(485, 'P643926AM0050M', NULL, 13, 1, 1, '2019-11-29 08:03:42', '2019-11-29 08:03:42'),
(486, 'P643926C6M0060M', NULL, 13, 1, 1, '2019-11-29 08:03:42', '2019-11-29 08:03:42'),
(487, 'P643926D6M0060M', NULL, 13, 1, 1, '2019-11-29 08:03:42', '2019-11-29 08:03:42'),
(488, 'P64392AA6M0060M', NULL, 13, 1, 1, '2019-11-29 08:03:42', '2019-11-29 08:03:42'),
(489, 'P64392JB6M0060M', NULL, 13, 1, 1, '2019-11-29 08:03:42', '2019-11-29 08:03:42'),
(490, 'P645316A6M0050M', NULL, 13, 1, 1, '2019-11-29 08:03:42', '2019-11-29 08:03:42'),
(491, 'P64591616M0060M', NULL, 13, 1, 1, '2019-11-29 08:03:42', '2019-11-29 08:03:42'),
(492, 'P741326A6M0420K', NULL, 13, 1, 1, '2019-11-29 08:03:42', '2019-11-29 08:03:42'),
(493, 'P741336A6M0510K', NULL, 13, 1, 1, '2019-11-29 08:03:42', '2019-11-29 08:03:42'),
(494, 'P74134AA6M0510K', NULL, 13, 1, 1, '2019-11-29 08:03:42', '2019-11-29 08:03:42'),
(495, 'P741356A6M0510K', NULL, 13, 1, 1, '2019-11-29 08:03:42', '2019-11-29 08:03:42'),
(496, 'P741936A6M0510K', NULL, 13, 1, 1, '2019-11-29 08:03:42', '2019-11-29 08:03:42'),
(497, 'P74196AA6M0510K', NULL, 13, 1, 1, '2019-11-29 08:03:42', '2019-11-29 08:03:42'),
(498, 'P743311A1M0510K', NULL, 13, 1, 1, '2019-11-29 08:03:42', '2019-11-29 08:03:42'),
(499, 'P743316A6M0400K', NULL, 13, 1, 1, '2019-11-29 08:03:42', '2019-11-29 08:03:42'),
(500, 'P743316A6M0420K', NULL, 13, 1, 1, '2019-11-29 08:03:42', '2019-11-29 08:03:42'),
(501, 'P743316A6M0510K', NULL, 13, 1, 1, '2019-11-29 08:03:42', '2019-11-29 08:03:42'),
(502, 'P743316A6M0570K', NULL, 13, 1, 1, '2019-11-29 08:03:42', '2019-11-29 08:03:42'),
(503, 'P743911A1M0420K', NULL, 13, 1, 1, '2019-11-29 08:03:42', '2019-11-29 08:03:42'),
(504, 'P743916A6M0510K', NULL, 13, 1, 1, '2019-11-29 08:03:42', '2019-11-29 08:03:42'),
(505, 'P74391JA6M0510K', NULL, 13, 1, 1, '2019-11-29 08:03:42', '2019-11-29 08:03:42'),
(506, 'P74621AK6M0020K', NULL, 13, 1, 1, '2019-11-29 08:03:42', '2019-11-29 08:03:42'),
(507, 'P746316E6M0020K', NULL, 13, 1, 1, '2019-11-29 08:03:42', '2019-11-29 08:03:42'),
(508, 'P74631AK6M0030K', NULL, 13, 1, 1, '2019-11-29 08:03:42', '2019-11-29 08:03:42'),
(509, 'P746816K6M0030K', NULL, 13, 1, 1, '2019-11-29 08:03:42', '2019-11-29 08:03:42'),
(510, 'P746916H6M0030K', NULL, 13, 1, 1, '2019-11-29 08:03:42', '2019-11-29 08:03:42'),
(511, 'P74691PL6M0030K', NULL, 13, 1, 1, '2019-11-29 08:03:42', '2019-11-29 08:03:42'),
(512, 'P747916A6M0030K', NULL, 3, 1, 1, '2019-11-29 08:03:42', '2019-11-29 08:03:42'),
(513, 'P74791GA6M0030K', NULL, 13, 1, 1, '2019-11-29 08:03:42', '2019-11-29 08:03:42'),
(514, 'P8479KQ6M0730K', NULL, 13, 1, 1, '2019-11-29 08:03:42', '2019-11-29 08:03:42'),
(515, 'P8479KQD6M0730K', NULL, 13, 1, 1, '2019-11-29 08:03:42', '2019-11-29 08:03:42'),
(516, 'P847KQD6M0730K', NULL, 13, 1, 1, '2019-11-29 08:03:42', '2019-11-29 08:03:42'),
(517, 'P943316D6M0050M', NULL, 13, 1, 1, '2019-11-29 08:03:42', '2019-11-29 08:03:42'),
(518, 'SKD11BF8002BCH', NULL, 2, 1, 1, '2019-11-29 08:03:42', '2019-11-29 08:03:42'),
(519, 'SKD11BF8003BCH', NULL, 2, 1, 1, '2019-11-29 08:03:42', '2019-11-29 08:03:42'),
(520, 'SKE11BF8001BCH', NULL, 2, 1, 1, '2019-11-29 08:03:42', '2019-11-29 08:03:42'),
(521, 'SKE11BF8002BCH', NULL, 2, 1, 1, '2019-11-29 08:03:42', '2019-11-29 08:03:42'),
(522, 'SKE11BF8003BCH', NULL, 2, 1, 1, '2019-11-29 08:03:42', '2019-11-29 08:03:42'),
(523, 'SKE11BF8042BCH', NULL, 2, 1, 1, '2019-11-29 08:03:42', '2019-11-29 08:03:42'),
(524, 'SKE11BF8043BCH', NULL, 2, 1, 1, '2019-11-29 08:03:42', '2019-11-29 08:03:42'),
(525, 'SKE11BF8052BCH', NULL, 2, 1, 1, '2019-11-29 08:03:42', '2019-11-29 08:03:42'),
(526, 'SKE11BF8053BCH', NULL, 2, 1, 1, '2019-11-29 08:03:42', '2019-11-29 08:03:42'),
(527, 'VARM111WF063A', NULL, 2, 1, 1, '2019-11-29 08:03:42', '2019-11-29 08:03:42'),
(528, 'VARM111WF073A', NULL, 2, 1, 1, '2019-11-29 08:03:42', '2019-11-29 08:03:42'),
(529, 'VTT11ZG8053BCH', NULL, 2, 1, 1, '2019-11-29 08:03:42', '2019-11-29 08:03:42'),
(530, 'VTT11ZG8093BCH', NULL, 2, 1, 1, '2019-11-29 08:03:42', '2019-11-29 08:03:42'),
(531, 'VTT11ZG8153BCH', NULL, 2, 1, 1, '2019-11-29 08:03:42', '2019-11-29 08:03:42'),
(532, 'VTT11ZG8154BCH', NULL, 2, 1, 1, '2019-11-29 08:03:42', '2019-11-29 08:03:42'),
(533, 'VTT11ZG8193BCH', NULL, 2, 1, 1, '2019-11-29 08:03:42', '2019-11-29 08:03:42'),
(534, 'VTU21AFBCH8001A', NULL, 2, 1, 1, '2019-11-29 08:03:42', '2019-11-29 08:03:42'),
(535, 'VTU31AFBCH8002A', NULL, 2, 1, 1, '2019-11-29 08:03:42', '2019-11-29 08:03:42'),
(536, 'VTUM21AFD21A', NULL, 2, 1, 1, '2019-11-29 08:03:42', '2019-11-29 08:03:42'),
(537, 'VTX31AF8002ACH', NULL, 2, 1, 1, '2019-11-29 08:03:42', '2019-11-29 08:03:42'),
(538, 'VTX31AF8002CACH', NULL, 2, 1, 1, '2019-11-29 08:03:42', '2019-11-29 08:03:42'),
(539, 'VTX31AF8003ACH', NULL, 2, 1, 1, '2019-11-29 08:03:42', '2019-11-29 08:03:42'),
(540, 'VTX31AF8003CACH', NULL, 2, 1, 1, '2019-11-29 08:03:42', '2019-11-29 08:03:42'),
(541, 'YCGF11AF1A', NULL, 2, 1, 1, '2019-11-29 08:03:42', '2019-11-29 08:03:42'),
(542, 'P44491AB6M0720M', '', 13, 7, 7, '2020-01-07 10:58:41', '2020-01-07 10:58:41'),
(543, 'P442316B6M0400K', '', 13, 11, 11, '2020-02-04 06:29:16', '2020-02-04 06:29:16'),
(544, 'P444916J6M0720M', '', 13, 11, 11, '2020-02-06 04:22:07', '2020-02-06 04:22:07'),
(545, 'P141916A6M0520J', '', 13, 11, 11, '2020-02-06 05:06:57', '2020-02-06 05:06:57'),
(546, 'P545916C6M0790M', '', 13, 11, 11, '2020-02-08 04:36:25', '2020-02-08 04:36:25'),
(547, 'P14131AA6M0440J', '', 13, 11, 11, '2020-02-08 04:46:19', '2020-02-08 04:46:19'),
(548, 'P643928A3M0060M', '', 13, 11, 11, '2020-02-08 04:58:24', '2020-02-08 04:58:24'),
(549, 'P64391AA6M0070M', '', 13, 11, 11, '2020-02-08 05:24:19', '2020-02-08 05:24:19'),
(550, 'P741956A6M0510K', '', 13, 11, 11, '2020-02-08 06:11:16', '2020-02-08 06:11:16'),
(551, 'C264MB1M69100233030300A001111N10', '', 1, 11, 11, '2020-02-08 06:26:39', '2020-02-08 06:26:39'),
(552, 'C264M11M691002330300A00111N10', '', 1, 11, 11, '2020-02-08 06:27:26', '2020-02-08 06:27:26'),
(553, 'C264MB1M691002330300', '', 1, 11, 11, '2020-02-08 06:34:43', '2020-02-08 06:34:43'),
(554, 'C264M11M691002330300', '', 1, 11, 11, '2020-02-08 06:35:02', '2020-02-08 06:35:02'),
(555, 'P74311A1M0330K', '', 13, 11, 11, '2020-02-08 07:03:44', '2020-02-08 07:03:44'),
(556, 'P442318B3A0300G', '', 13, 11, 11, '2020-02-08 07:04:19', '2020-02-08 07:04:19'),
(557, 'P145316B5M0310J', '', 13, 11, 11, '2020-02-08 07:04:55', '2020-02-08 07:04:55'),
(558, 'P3455316E6M0320K', '', 13, 11, 11, '2020-02-08 07:05:34', '2020-02-08 07:05:34'),
(559, 'P345316E6M0320K', '', 13, 11, 11, '2020-02-08 07:16:46', '2020-02-08 07:16:46'),
(560, 'P14191AN6M0610P', '', 13, 15, 15, '2020-02-08 10:42:40', '2020-02-08 10:42:40'),
(561, 'C264MB1N6N1001330200A031111N10', '', 1, 15, 15, '2020-02-08 10:51:44', '2020-02-08 10:51:44'),
(562, 'E743311A1M0510', '', 13, 15, 15, '2020-02-08 10:58:32', '2020-02-08 10:58:32'),
(563, 'C264MB1M691001350400A030111N10', '', 1, 15, 15, '2020-02-08 11:06:33', '2020-02-08 11:06:33'),
(564, 'E44231FB3M0500K', '', 13, 15, 15, '2020-02-08 11:09:56', '2020-02-08 11:09:56'),
(565, 'P74132AA6M0510K', '', 13, 11, 11, '2020-02-08 11:10:53', '2020-02-08 11:10:53'),
(566, 'E444916B6M0710M', '', 13, 15, 15, '2020-02-08 11:12:19', '2020-02-08 11:12:19'),
(567, 'E44231B2B3M0710M', '', 13, 15, 15, '2020-02-08 11:20:29', '2020-02-08 11:20:29'),
(568, 'C264MB1M691001330300A03111N10', '', 1, 15, 15, '2020-02-08 11:23:02', '2020-02-08 11:23:02'),
(569, 'C264MB1M691001380400A00111N10', '', 1, 15, 15, '2020-02-08 11:23:23', '2020-02-08 11:23:23'),
(570, 'C264MB1M6910013304000000111N10', '', 1, 15, 15, '2020-02-08 11:24:04', '2020-02-08 11:24:04'),
(571, 'P44231AB6M0350J', '', 13, 11, 11, '2020-02-08 11:24:22', '2020-02-08 11:24:22'),
(572, 'C264MB1M691001360000A031111N10', '', 1, 15, 15, '2020-02-08 11:24:56', '2020-02-08 11:24:56'),
(573, 'P44431AJ6M0550K', '', 13, 11, 11, '2020-02-08 11:28:21', '2020-02-08 11:28:21'),
(574, 'E64331AA6M0020K', '', 13, 15, 15, '2020-02-08 11:42:31', '2020-02-08 11:42:31'),
(575, 'EGN0581001 HMI', '', 1, 11, 11, '2020-02-08 11:49:30', '2020-02-08 11:49:30'),
(576, 'P643922A3M0060M', '', 13, 11, 11, '2020-02-08 11:54:30', '2020-02-08 11:54:30'),
(577, 'P343311A2A0040A', '', 13, 15, 15, '2020-02-10 04:23:05', '2020-02-10 04:23:05');
INSERT INTO `ma_product` (`id`, `part_no`, `description`, `type`, `created_by`, `updated_by`, `created_at`, `updated_at`) VALUES
(578, 'F650BFCF2G1HI6HE', '', 18, 1, 1, '2020-02-10 09:35:03', '2020-02-10 09:35:03'),
(579, 'RISH MASTER 3430', '', 19, 11, 11, '2020-02-10 10:32:33', '2020-02-10 10:32:33'),
(580, 'P741946A6M0510K', '', 13, 11, 11, '2020-02-10 11:23:44', '2020-02-10 11:23:44'),
(581, 'MVAJM14JB0752A', '', 12, 11, 11, '2020-02-11 04:20:28', '2020-02-11 04:20:28'),
(582, 'P64391AC6M0060M', '', 13, 11, 11, '2020-02-11 06:27:42', '2020-02-11 06:27:42'),
(583, 'C264MB1S6AB001304000000000010', '', 1, 11, 11, '2020-02-11 07:56:58', '2020-02-11 07:56:58'),
(584, 'GBLODS16-013', '', 26, 11, 11, '2020-02-11 08:50:43', '2020-02-11 08:50:43'),
(585, 'P643916A6M0070M', '', 13, 11, 11, '2020-02-11 09:30:06', '2020-02-11 09:30:06'),
(586, 'P14311AD6M0500J', '', 13, 11, 11, '2020-02-12 03:20:05', '2020-02-12 03:20:05'),
(587, 'P14DG11D2C0610A', '', 3, 11, 11, '2020-02-12 03:57:00', '2020-02-12 03:57:00'),
(588, 'C264MB1M6910013504000030111N10', '', 1, 11, 11, '2020-02-12 04:22:38', '2020-02-12 04:22:38'),
(589, 'P543916E6M0760M', '', 13, 11, 11, '2020-02-12 04:33:06', '2020-02-12 04:33:06'),
(590, 'P54391NA6M0760M', '', 13, 11, 11, '2020-02-12 04:34:05', '2020-02-12 04:34:05'),
(591, 'C264MB1M6910013062000030000N10', '', 1, 11, 11, '2020-02-12 08:36:34', '2020-02-12 08:36:34'),
(592, 'C264MB1M691001370400A030111N10', '', 1, 11, 11, '2020-02-12 09:01:08', '2020-02-12 09:01:08'),
(593, 'GBLODS04-009', '', 26, 11, 11, '2020-02-13 03:44:18', '2020-02-13 03:44:18'),
(594, 'GBLODS10-013', '', 26, 11, 11, '2020-02-13 03:48:10', '2020-02-13 03:48:10'),
(595, 'P154111A1A1010A', '', 27, 11, 11, '2020-02-13 04:46:36', '2020-02-13 04:46:36'),
(596, 'P14191RA6M0520J', '', 13, 11, 11, '2020-02-13 05:26:41', '2020-02-13 05:26:41'),
(597, 'C264MB1S6AB001304400A00C100N10', '', 1, 11, 11, '2020-02-13 05:28:05', '2020-02-13 05:28:05'),
(598, 'C264MB1M69100230330000301111N10', '', 1, 11, 11, '2020-02-13 05:28:49', '2020-02-13 05:28:49'),
(599, 'P14191RN6M0520J', '', 13, 11, 11, '2020-02-13 05:50:19', '2020-02-13 05:50:19'),
(600, 'MRG-6500P-R', '', 28, 11, 11, '2020-02-13 06:29:26', '2020-02-13 06:29:26'),
(601, 'UR7HH CARD', '', 14, 10, 10, '2020-02-13 08:20:58', '2020-02-13 08:20:58'),
(602, 'UR6XH', '', 14, 10, 10, '2020-02-13 08:21:31', '2020-02-13 08:21:31'),
(603, 'L90N03HKHFXXH81LXXN6DS67UXXWXX', '', 15, 10, 10, '2020-02-13 08:23:35', '2020-02-13 08:23:35'),
(604, 'P642812D3M0060P', '', 1, 11, 11, '2020-02-13 12:11:00', '2020-02-13 12:11:00'),
(605, 'C264MB1S6AB0013055000000000010', '', 1, 11, 11, '2020-02-13 12:23:01', '2020-02-13 12:23:01'),
(606, 'VAA11YF0752AA', '', 2, 11, 11, '2020-02-14 03:09:04', '2020-02-14 03:09:04'),
(607, 'VAX31ZG0750BA', '', 2, 11, 11, '2020-02-14 03:09:52', '2020-02-14 03:09:52'),
(608, 'P14191NN6M0520J', '', 1, 11, 11, '2020-02-14 03:36:42', '2020-02-14 03:36:42'),
(609, 'MVAM14JB1002A1', '', 2, 11, 11, '2020-02-14 03:38:17', '2020-02-14 03:38:17'),
(610, 'R3E SECURE METER', '', 30, 11, 11, '2020-02-14 04:00:46', '2020-02-14 04:00:46'),
(611, 'C264MB1M691001304300000C000N10', '', 1, 11, 11, '2020-02-14 04:07:52', '2020-02-14 04:07:52'),
(612, 'C264MB1M69100304400000C000N10', '', 1, 11, 11, '2020-02-14 04:10:07', '2020-02-14 04:10:07'),
(613, 'P54691NA6M0790M', '', 1, 11, 11, '2020-02-14 04:13:54', '2020-02-14 04:13:54'),
(614, 'P642926A6M0060P', '', 1, 11, 11, '2020-02-14 05:30:23', '2020-02-14 05:30:23'),
(615, 'P64391AA6M0050M', '', 13, 11, 11, '2020-02-14 07:37:51', '2020-02-14 07:37:51'),
(616, 'P442912B3M0710M', '', 13, 11, 11, '2020-02-14 07:54:58', '2020-02-14 07:54:58'),
(617, 'JSJK827934027JSKSJ834U', '', 21, 1, 1, '2020-02-18 18:23:37', '2020-02-18 18:23:37');

-- --------------------------------------------------------

--
-- Table structure for table `ma_product_type`
--

CREATE TABLE `ma_product_type` (
  `id` bigint(20) UNSIGNED NOT NULL,
  `code` varchar(20) COLLATE utf8mb4_unicode_ci NOT NULL,
  `name` varchar(50) COLLATE utf8mb4_unicode_ci NOT NULL,
  `category` varchar(5) COLLATE utf8mb4_unicode_ci NOT NULL,
  `description` varchar(200) COLLATE utf8mb4_unicode_ci DEFAULT NULL,
  `created_by` tinyint(4) NOT NULL,
  `updated_by` tinyint(4) DEFAULT NULL,
  `created_at` timestamp NULL DEFAULT NULL,
  `updated_at` timestamp NULL DEFAULT NULL
) ENGINE=InnoDB DEFAULT CHARSET=utf8mb4 COLLATE=utf8mb4_unicode_ci;

--
-- Dumping data for table `ma_product_type`
--

INSERT INTO `ma_product_type` (`id`, `code`, `name`, `category`, `description`, `created_by`, `updated_by`, `created_at`, `updated_at`) VALUES
(1, 'C264', 'NUMERICAL', 'smp', NULL, 1, 12, '2019-11-29 07:04:53', '2020-02-13 09:44:36'),
(2, 'STATIC', 'CONVENTIONAL', 'smp', NULL, 1, 12, '2019-11-29 07:05:37', '2020-02-13 09:49:58'),
(3, 'Agile', 'NUMERICAL', 'smp', NULL, 1, 12, '2019-11-29 07:06:04', '2020-02-13 09:44:13'),
(4, 'H49', 'OTHER OMU', 'omu', NULL, 1, 12, '2019-11-29 07:06:26', '2020-02-13 09:41:18'),
(5, 'M870D', 'BITRONICS', 'omu', NULL, 1, 12, '2019-11-29 07:07:03', '2020-02-13 09:51:32'),
(6, 'M87x', 'BITRONICS', 'omu', NULL, 1, 12, '2019-11-29 07:07:20', '2020-02-13 09:51:14'),
(7, 'HA', 'CONVENTIONAL', 'smp', NULL, 1, 12, '2019-11-29 07:09:26', '2020-02-13 09:49:36'),
(8, 'HAMIDOS-Export', 'CONVENTIONAL', 'smp', NULL, 1, 12, '2019-11-29 07:09:52', '2020-02-13 09:49:20'),
(9, 'RPV', 'REASON', 'omu', NULL, 1, 12, '2019-11-29 07:10:30', '2020-02-13 09:39:46'),
(10, 'RT430', 'REASON', 'omu', NULL, 1, 12, '2019-11-29 07:11:22', '2020-02-13 09:38:29'),
(11, 'DISC', 'CONVENTIONAL', 'smp', NULL, 1, 12, '2019-11-29 07:11:45', '2020-02-13 09:48:58'),
(12, 'HAMIDOS-Local', 'CONVENTIONAL', 'smp', NULL, 1, 12, '2019-11-29 07:13:26', '2020-02-13 09:48:32'),
(13, 'Px40', 'NUMERICAL', 'smp', NULL, 1, 12, '2019-11-29 07:14:00', '2020-02-13 09:42:16'),
(14, 'D60', 'MULTILIN', 'omu', NULL, 1, 12, '2019-11-29 07:14:58', '2020-02-13 09:47:38'),
(15, 'D90', 'MULTILIN', 'omu', NULL, 1, 12, '2019-11-29 07:15:14', '2020-02-13 09:47:25'),
(16, 'B90', 'MULTILIN', 'omu', NULL, 1, 12, '2019-11-29 07:15:31', '2020-02-13 09:47:09'),
(17, 'T60', 'MULTILIN', 'omu', NULL, 1, 12, '2019-11-29 07:15:49', '2020-02-13 09:46:53'),
(18, 'F650', 'MULTILIN', 'omu', NULL, 1, 12, '2019-11-29 07:16:06', '2020-02-13 09:46:26'),
(19, 'METERS', 'RISHAB', 'boj', '', 1, 1, '2019-11-29 07:16:26', '2019-11-29 07:16:26'),
(20, 'TRANSDUCER', 'RISHAB', 'boj', NULL, 1, 12, '2019-11-29 07:16:55', '2020-02-13 09:39:25'),
(21, 'NETWORK SWITCH', 'RUGGEDCOM', 'boj', '', 1, 1, '2019-11-29 07:17:15', '2019-11-29 07:17:15'),
(22, 'NETWORK SWITCH', 'HIRISHMAN', 'boj', '', 1, 1, '2019-11-29 07:17:31', '2019-11-29 07:17:31'),
(23, 'NETWORK SWITCH', 'CISCO', 'boj', '', 1, 1, '2019-11-29 07:17:59', '2019-11-29 07:17:59'),
(24, 'REL670', 'ABB', 'boj', NULL, 1, 12, '2019-11-29 07:20:32', '2020-02-13 09:51:51'),
(25, 'Px30', 'SCHNEIDER', 'boj', NULL, 1, 12, '2019-11-29 07:20:47', '2020-02-13 09:37:29'),
(26, 'TNC SWITCH', 'ODS SWITCH', 'boj', '', 11, 11, '2020-02-11 08:49:13', '2020-02-11 08:49:13'),
(27, 'Px50', 'NUMERICAL', 'omu', NULL, 11, 12, '2020-02-13 04:43:56', '2020-02-13 09:43:40'),
(29, 'SECURE', 'R3E', 'boj', '', 11, 11, '2020-02-14 03:40:54', '2020-02-14 03:40:54'),
(30, 'R3E', 'SECURE', 'boj', '', 11, 11, '2020-02-14 04:00:06', '2020-02-14 04:00:06');

-- --------------------------------------------------------

--
-- Table structure for table `ma_pv_status`
--

CREATE TABLE `ma_pv_status` (
  `id` tinyint(4) NOT NULL,
  `status` varchar(50) NOT NULL,
  `close_status` varchar(50) DEFAULT NULL
) ENGINE=InnoDB DEFAULT CHARSET=latin1;

--
-- Dumping data for table `ma_pv_status`
--

INSERT INTO `ma_pv_status` (`id`, `status`, `close_status`) VALUES
(1, 'Relay Without RMA', NULL),
(2, 'Relay With RMA', NULL),
(3, 'Waiting For Customer Approval', NULL),
(4, 'Manager Approved', 'Job Ticket Open'),
(5, 'Job Ticket Started', NULL),
(6, 'Job Ticket Completed', 'Auto Test Bench Open'),
(7, 'Auto Test Bench Started', NULL),
(8, 'Auto Test Bench Completed', NULL),
(9, 'Aging Started', NULL),
(10, 'Aging Completed', 'Waiting For Verification'),
(11, 'Verification Completed', 'Waiting For Dispatch Approval'),
(12, 'Dispatched', NULL),
(13, 'Waiting For Manager Approval', NULL),
(14, 'Dispatch Approved', NULL),
(15, 'Saved', NULL);

-- --------------------------------------------------------

--
-- Table structure for table `ma_rack`
--

CREATE TABLE `ma_rack` (
  `id` bigint(20) UNSIGNED NOT NULL,
  `code` varchar(15) COLLATE utf8mb4_unicode_ci NOT NULL,
  `name` varchar(20) COLLATE utf8mb4_unicode_ci NOT NULL,
  `type` int(11) NOT NULL,
  `created_by` tinyint(4) NOT NULL,
  `updated_by` tinyint(4) NOT NULL,
  `created_at` timestamp NULL DEFAULT NULL,
  `updated_at` timestamp NULL DEFAULT NULL
) ENGINE=InnoDB DEFAULT CHARSET=utf8mb4 COLLATE=utf8mb4_unicode_ci;

--
-- Dumping data for table `ma_rack`
--

INSERT INTO `ma_rack` (`id`, `code`, `name`, `type`, `created_by`, `updated_by`, `created_at`, `updated_at`) VALUES
(1, 'RK001', 'Rack One', 1, 1, 1, '2019-08-26 12:26:40', '2019-08-26 12:26:40'),
(2, 'RK002', 'Rack Two', 2, 1, 1, '2019-08-26 12:29:43', '2019-08-26 12:29:43');

-- --------------------------------------------------------

--
-- Table structure for table `ma_rack_type`
--

CREATE TABLE `ma_rack_type` (
  `id` bigint(20) UNSIGNED NOT NULL,
  `name` varchar(20) COLLATE utf8mb4_unicode_ci NOT NULL,
  `created_by` tinyint(4) NOT NULL,
  `updated_by` tinyint(4) NOT NULL,
  `created_at` timestamp NULL DEFAULT NULL,
  `updated_at` timestamp NULL DEFAULT NULL
) ENGINE=InnoDB DEFAULT CHARSET=utf8mb4 COLLATE=utf8mb4_unicode_ci;

--
-- Dumping data for table `ma_rack_type`
--

INSERT INTO `ma_rack_type` (`id`, `name`, `created_by`, `updated_by`, `created_at`, `updated_at`) VALUES
(1, 'Rack One', 1, 1, '2019-08-26 10:43:21', '2019-08-26 10:43:21'),
(2, 'Rack Two', 1, 1, '2019-08-26 10:43:56', '2019-08-26 10:43:56');

-- --------------------------------------------------------

--
-- Table structure for table `ma_site`
--

CREATE TABLE `ma_site` (
  `id` bigint(20) UNSIGNED NOT NULL,
  `code` varchar(20) COLLATE utf8mb4_unicode_ci NOT NULL,
  `name` varchar(50) COLLATE utf8mb4_unicode_ci NOT NULL,
  `created_by` tinyint(4) NOT NULL,
  `updated_by` tinyint(4) NOT NULL,
  `created_at` timestamp NULL DEFAULT NULL,
  `updated_at` timestamp NULL DEFAULT NULL
) ENGINE=InnoDB DEFAULT CHARSET=utf8mb4 COLLATE=utf8mb4_unicode_ci;

--
-- Dumping data for table `ma_site`
--

INSERT INTO `ma_site` (`id`, `code`, `name`, `created_by`, `updated_by`, `created_at`, `updated_at`) VALUES
(1, 'KAD', 'Kadivedu', 1, 1, '2019-11-08 07:43:59', '2019-11-08 07:43:59'),
(2, 'NRE', 'NR ENERGY  SOLUTIONS', 7, 7, '2020-01-07 09:33:02', '2020-01-07 09:33:02'),
(3, 'KPT', 'KPTCL', 7, 7, '2020-01-07 10:40:44', '2020-01-07 10:40:44'),
(4, '560058', 'ABB BANGALORE', 7, 7, '2020-01-07 10:56:33', '2020-01-07 10:56:33'),
(5, 'PCP', 'PCP CONTRACTS', 7, 7, '2020-01-07 11:17:29', '2020-01-07 11:17:29'),
(6, '431136', 'VENKATESH ELECTRICALS', 11, 11, '2020-02-04 06:55:54', '2020-02-04 06:55:54'),
(7, '334001', 'BIKANER', 15, 15, '2020-02-04 10:12:30', '2020-02-04 10:12:30'),
(8, '342001', 'TECHNO ELECTRIC&ENGINEERING LIMITED', 11, 11, '2020-02-06 03:59:13', '2020-02-06 03:59:13'),
(9, 'TATA PROJECTS LTD', 'PGCIL', 11, 11, '2020-02-06 04:12:39', '2020-02-06 04:12:39'),
(10, '824303', 'BHEL', 11, 11, '2020-02-08 04:20:38', '2020-02-08 04:20:38'),
(11, '628714', 'SOLAR POWER PLANT', 11, 11, '2020-02-08 04:35:38', '2020-02-08 04:35:38'),
(12, '416112', '220/110/330KV SS', 11, 11, '2020-02-08 04:48:42', '2020-02-08 04:48:42'),
(13, '799116', 'STEAG ENERGY', 11, 11, '2020-02-08 05:01:17', '2020-02-08 05:01:17'),
(14, '391775', 'POPULAR SWITCH GEAR GUJARAT', 11, 11, '2020-02-08 05:56:03', '2020-02-08 05:56:03'),
(15, '416208', 'KOLHAPUR', 11, 11, '2020-02-08 06:28:13', '2020-02-08 06:28:13'),
(16, '495555', 'BILASPUR', 11, 11, '2020-02-08 07:06:22', '2020-02-08 07:06:22'),
(17, '32164', 'MAHARASHTRA', 11, 11, '2020-02-08 11:14:38', '2020-02-08 11:14:38'),
(18, '456676', 'GUJARAT', 11, 11, '2020-02-08 11:15:05', '2020-02-08 11:15:05'),
(19, '385001', 'PALANPUR', 11, 11, '2020-02-08 12:13:30', '2020-02-08 12:13:30'),
(20, '638315', 'ERODE', 11, 11, '2020-02-08 12:15:08', '2020-02-08 12:15:08'),
(21, '607308', 'NEYVELI', 15, 15, '2020-02-10 04:17:03', '2020-02-10 04:17:03'),
(22, '600079', 'CHENNAI', 1, 1, '2020-02-10 09:52:55', '2020-02-10 09:52:55'),
(23, '700001', 'WEST BENGAL', 11, 11, '2020-02-10 10:09:15', '2020-02-11 05:00:44'),
(24, '854303', 'BIHAR', 11, 11, '2020-02-11 08:46:36', '2020-02-11 08:46:36'),
(25, '737121', 'sikkim', 11, 11, '2020-02-12 03:04:18', '2020-02-12 03:04:18'),
(26, '577435', 'KARNATAKA', 11, 11, '2020-02-12 08:09:23', '2020-02-12 08:09:23'),
(27, '382405', 'AHMEDABAD', 11, 11, '2020-02-12 08:37:11', '2020-02-12 08:37:11'),
(28, '221313', 'U P', 11, 11, '2020-02-12 09:01:53', '2020-02-12 09:01:53'),
(29, '581110', 'HAVERI', 11, 11, '2020-02-13 12:11:42', '2020-02-13 12:11:42'),
(30, '606402', 'KALLAKURCHI', 11, 11, '2020-02-13 12:29:56', '2020-02-13 12:29:56'),
(31, '493663', 'CHHATTISGARH', 11, 11, '2020-02-14 03:42:08', '2020-02-14 03:42:08');

-- --------------------------------------------------------

--
-- Table structure for table `migrations`
--

CREATE TABLE `migrations` (
  `id` int(10) UNSIGNED NOT NULL,
  `migration` varchar(255) COLLATE utf8mb4_unicode_ci NOT NULL,
  `batch` int(11) NOT NULL
) ENGINE=InnoDB DEFAULT CHARSET=utf8mb4 COLLATE=utf8mb4_unicode_ci;

--
-- Dumping data for table `migrations`
--

INSERT INTO `migrations` (`id`, `migration`, `batch`) VALUES
(21, '2019_08_21_01_create_location_master_table', 1),
(22, '2019_08_21_01_create_site_master_table', 2),
(23, '2019_08_21_01_create_rack_master_table', 3),
(24, '2019_08_21_01_create_rack_type_master_table', 4),
(25, '2019_08_21_01_create_material_master_table', 5),
(26, '2019_08_21_01_create_packing_style_master_table', 6),
(27, '2019_08_21_01_create_manufacture_master_table', 7),
(28, '2019_08_21_01_create_customer_master_table', 8),
(29, '2019_08_21_01_create_product_master_table', 9);

-- --------------------------------------------------------

--
-- Table structure for table `password_resets`
--

CREATE TABLE `password_resets` (
  `email` varchar(255) COLLATE utf8mb4_unicode_ci NOT NULL,
  `token` varchar(255) COLLATE utf8mb4_unicode_ci NOT NULL,
  `created_at` timestamp NULL DEFAULT NULL
) ENGINE=InnoDB DEFAULT CHARSET=utf8mb4 COLLATE=utf8mb4_unicode_ci;

-- --------------------------------------------------------

--
-- Table structure for table `physical_verification`
--

CREATE TABLE `physical_verification` (
  `id` bigint(20) NOT NULL,
  `receipt_id` bigint(20) NOT NULL,
  `docket_details` varchar(100) DEFAULT NULL,
  `courier_name` varchar(100) DEFAULT NULL,
  `pvdate` date NOT NULL,
  `producttype_id` int(11) NOT NULL,
  `product_id` int(11) DEFAULT NULL,
  `serial_no` varchar(50) NOT NULL,
  `comment` varchar(200) DEFAULT NULL,
  `case` tinyint(3) NOT NULL DEFAULT '-1',
  `case_condition` tinyint(3) NOT NULL DEFAULT '-1',
  `battery` tinyint(3) NOT NULL DEFAULT '-1',
  `battery_condition` tinyint(3) NOT NULL DEFAULT '-1',
  `terminal_blocks` tinyint(3) DEFAULT '-1',
  `terminal_blocks_condition` tinyint(3) NOT NULL DEFAULT '-1',
  `no_of_terminal_blocks` varchar(11) DEFAULT '0',
  `top_bottom_cover` tinyint(3) NOT NULL DEFAULT '-1',
  `top_bottom_cover_condition` tinyint(3) NOT NULL DEFAULT '-1',
  `short_links` tinyint(3) NOT NULL DEFAULT '-1',
  `short_links_condition` tinyint(3) NOT NULL DEFAULT '-1',
  `no_of_short_links` smallint(11) DEFAULT NULL,
  `screws` tinyint(4) NOT NULL DEFAULT '-1',
  `sales_order_no` varchar(50) DEFAULT NULL,
  `is_rma_available` tinyint(4) NOT NULL,
  `updated_at` timestamp NOT NULL DEFAULT CURRENT_TIMESTAMP ON UPDATE CURRENT_TIMESTAMP,
  `created_at` timestamp NOT NULL DEFAULT CURRENT_TIMESTAMP,
  `updated_by` bigint(20) NOT NULL,
  `created_by` bigint(20) NOT NULL
) ENGINE=InnoDB DEFAULT CHARSET=latin1;

--
-- Dumping data for table `physical_verification`
--

INSERT INTO `physical_verification` (`id`, `receipt_id`, `docket_details`, `courier_name`, `pvdate`, `producttype_id`, `product_id`, `serial_no`, `comment`, `case`, `case_condition`, `battery`, `battery_condition`, `terminal_blocks`, `terminal_blocks_condition`, `no_of_terminal_blocks`, `top_bottom_cover`, `top_bottom_cover_condition`, `short_links`, `short_links_condition`, `no_of_short_links`, `screws`, `sales_order_no`, `is_rma_available`, `updated_at`, `created_at`, `updated_by`, `created_by`) VALUES
(1, 1, 'DOC0927', 'ABT', '2020-01-03', 13, 279, 'ASDFWQ1244', NULL, 1, 1, 1, 1, 1, 1, '0103', 1, 2, 2, 3, 0, 1, NULL, 1, '2020-01-03 11:24:41', '2020-01-03 11:10:46', 1, 1),
(2, 1, 'DOC0927', 'ABT', '2020-01-03', 3, 333, 'SF24352', '', 1, 2, 1, 2, 2, 2, '0', 1, 2, 2, 2, 0, 1, '', 1, '2020-01-03 11:23:19', '2020-01-03 11:23:19', 1, 1),
(3, 1, 'DOC0927', 'ABT', '2020-01-03', 3, 37, 'FDSF243', '', 1, 2, 1, 2, 2, 2, '0', 1, 2, 2, 2, 0, 1, '', 1, '2020-01-03 11:58:42', '2020-01-03 11:58:42', 1, 1),
(4, 1, 'DOC0927', 'ABT', '2020-01-03', 4, 66, 'ASDWE3232', '', 1, 2, 2, 3, 1, 2, '0706', 1, 2, 3, 3, 0, 1, '', 1, '2020-01-03 11:59:42', '2020-01-03 11:59:22', 1, 1),
(5, 1, 'DOC0927', 'ABT', '2020-01-03', 13, 312, 'DDG54543', '', 1, 2, 2, 3, 1, 2, '0301', 2, 3, 1, 2, 2, 1, '', 1, '2020-01-03 12:07:03', '2020-01-03 12:07:03', 1, 1),
(6, 1, 'DOC0927', 'ABT', '2020-01-03', 2, 42, 'SGER34534', '', 1, 2, 2, 2, 2, 2, '0', 2, 2, 2, 2, 0, 2, '', 1, '2020-01-03 12:10:26', '2020-01-03 12:07:42', 1, 1),
(8, 2, 'NA', 'BY HAND', '2020-01-07', 13, 487, '34405090/04/18', 'NO PHYSICAL DAMANGE', 1, 2, 1, 2, 1, 2, '0002', 2, 2, 2, 2, 0, 1, 'NA', 1, '2020-01-07 09:41:53', '2020-01-07 09:41:53', 7, 7),
(14, 7, '814436628937', 'Fedex', '2020-02-05', 13, 543, '3278515/11/08', 'CASE FULLY BEND', 1, 1, 1, 2, 2, 2, '0', 1, 2, 2, 2, 0, 1, 'NA', 1, '2020-02-06 06:15:11', '2020-02-04 06:30:55', 11, 11),
(16, 9, 'D55902641', 'DTDC', '2020-02-05', 13, 515, '34083027/05/17', 'CASE  DUSTY WITH ONE GREEN TB', 1, 2, 1, 2, 1, 2, '0402', 1, 2, 2, 2, 0, 1, 'NA', 1, '2020-02-06 04:55:10', '2020-02-06 04:52:42', 11, 11),
(19, 13, '58377474875', 'blue dart', '2020-02-06', 13, 313, '33113809/11/14', 'SCREW  RUSTED AND WATER SCOKED', 1, 1, 2, 2, 2, 2, '0', 1, 2, 2, 2, 0, 2, 'NA', 1, '2020-02-08 04:33:16', '2020-02-08 04:31:02', 11, 11),
(20, 14, 'NA', 'BH HAND', '2020-02-06', 13, 546, '34841553/07/19', 'NO PHY DAMANGE', 1, 2, 1, 2, 1, 2, '0801', 1, 2, 2, 2, 0, 1, NULL, 1, '2020-02-08 05:01:58', '2020-02-08 04:42:25', 11, 11),
(22, 16, 'D53697078', 'DTDC', '2020-02-06', 13, 548, '33395840/08/15', 'HOOD DAMANGE', 1, 2, 1, 2, 1, 2, '0502', 1, 2, 2, 2, 0, 1, NULL, 1, '2020-02-08 05:23:21', '2020-02-08 05:21:32', 11, 11),
(23, 17, '506675842313', 'blue dart', '2020-02-06', 13, 549, '349317555/11/19', 'no phy damange', 1, 2, 1, 2, 1, 2, '0502', 1, 2, 2, 2, 0, 1, NULL, 1, '2020-02-08 06:10:08', '2020-02-08 06:07:45', 11, 11),
(24, 18, 'D55902622', 'DTDC', '2020-02-06', 13, 550, '34083222/05/17', 'NO DAMANGE', 1, 2, 1, 2, 1, 2, '0300', 1, 2, 2, 2, 0, 1, NULL, 1, '2020-02-08 06:23:31', '2020-02-08 06:18:50', 11, 11),
(25, 18, 'D55902622', 'DTDC', '2020-02-06', 13, 550, '34083223/05/17', 'NO DAMANGE', 1, 2, 1, 2, 1, 2, '0300', 1, 2, 2, 2, 0, 1, NULL, 1, '2020-02-08 06:23:54', '2020-02-08 06:20:26', 11, 11),
(26, 19, 'NA', 'BY HAND', '2020-02-06', 1, 553, '31991504/02/11', 'CASE RUSTED 2 CARD SLOTS MISSING', 1, 2, 2, 2, 1, 2, '0100', 1, 2, 2, 2, 0, 1, NULL, 1, '2020-02-08 06:41:14', '2020-02-08 06:36:13', 11, 11),
(27, 19, 'NA', 'BY HAND', '2020-02-13', 1, 554, '31537742', 'CASE  RUSTED', 1, 2, 1, 2, 2, 2, '0', 1, 2, 2, 2, 0, 2, NULL, 1, '2020-02-13 06:48:36', '2020-02-08 06:38:46', 11, 11),
(28, 20, 'NA', 'by hand', '2020-02-08', 13, 498, '31526251/10/10', 'NO DAMANGE', 1, 2, 1, 2, 1, 2, '0601', 1, 2, 2, 2, 0, 1, NULL, 1, '2020-02-08 07:24:04', '2020-02-08 07:10:50', 11, 11),
(29, 20, 'NA', 'by hand', '2020-02-08', 13, 555, '2577673/05/17', 'NO DAMANGE', 1, 2, 1, 2, 1, 2, '0601', 1, 2, 2, 2, 0, 1, '', 1, '2020-02-08 07:12:46', '2020-02-08 07:12:46', 11, 11),
(30, 20, 'NA', 'by hand', '2020-02-08', 13, 556, '140259150523001', 'CASE DUSTY', 1, 2, 1, 2, 1, 2, '0601', 1, 2, 2, 2, 0, 1, NULL, 1, '2020-02-08 07:23:32', '2020-02-08 07:13:49', 11, 11),
(31, 20, 'NA', 'by hand', '2020-02-08', 13, 557, '1884965', 'NO DAMANGE', 1, 2, 1, 2, 1, 2, '0401', 1, 2, 2, 2, 0, 1, NULL, 1, '2020-02-08 07:23:21', '2020-02-08 07:14:58', 11, 11),
(32, 20, 'NA', 'by hand', '2020-02-08', 13, 559, '3074078', '1 FLOP MISSING', 1, 2, 1, 2, 1, 2, '0802', 1, 2, 2, 2, 0, 1, NULL, 1, '2020-02-08 07:23:09', '2020-02-08 07:17:43', 11, 11),
(33, 22, 'WFA', NULL, '2020-02-08', 13, 560, '34607514', 'WFA RELAYS', 1, 2, 1, 2, 2, 2, '0', 1, 2, 2, 2, 0, 1, '', 1, '2020-02-08 10:45:12', '2020-02-08 10:45:12', 15, 15),
(34, 23, 'WFA', NULL, '2020-02-08', 1, 561, '32742471', '', 1, 2, 1, 2, 2, 2, '0', 1, 2, 2, 2, 0, 1, '', 1, '2020-02-08 10:52:33', '2020-02-08 10:52:33', 15, 15),
(35, 25, 'WFA', NULL, '2020-02-08', 13, 498, '34156511', 'WFA', 1, 2, 1, 2, 2, 2, '0', 1, 2, 2, 2, 0, 1, '', 1, '2020-02-08 10:59:25', '2020-02-08 10:59:25', 11, 11),
(36, 25, 'WFA', NULL, '2020-02-08', 13, 498, '31796821', 'WFA', 1, 2, 1, 2, 2, 2, '0', 1, 2, 2, 2, 0, 1, '', 1, '2020-02-08 11:00:18', '2020-02-08 11:00:18', 11, 11),
(37, 24, 'WFA', NULL, '2020-02-08', 13, 501, '32435125', 'WFA', 1, 2, 1, 2, 3, 2, '0', 1, 2, 3, 2, 0, 1, NULL, 1, '2020-02-08 11:03:09', '2020-02-08 11:01:08', 15, 15),
(38, 25, 'WFA', NULL, '2020-02-08', 13, 498, '31462718', 'WFA', 1, 2, 1, 2, 2, 2, '0', 1, 2, 2, 2, 0, 1, '', 1, '2020-02-08 11:08:00', '2020-02-08 11:01:54', 11, 11),
(39, 26, 'WFA', NULL, '2020-02-08', 1, 563, '33441838', 'WFA', 1, 2, 1, 2, 2, 2, '0', 1, 2, 2, 2, 0, 1, '', 1, '2020-02-08 11:08:00', '2020-02-08 11:08:00', 15, 15),
(40, 27, 'WFA', NULL, '2020-02-08', 13, 564, '31458297', 'WFA', 1, 2, 1, 2, 2, 2, '0', 1, 2, 2, 2, 0, 1, '', 1, '2020-02-08 11:10:47', '2020-02-08 11:10:47', 15, 15),
(41, 28, 'WFA', NULL, '2020-02-08', 13, 566, '33795297', 'WFA', 1, 2, 1, 2, 2, 2, '0', 1, 2, 2, 2, 0, 1, '', 1, '2020-02-08 11:13:14', '2020-02-08 11:13:14', 15, 15),
(42, 29, 'WFA', NULL, '2020-02-08', 13, 500, '31454579', 'WFA', 1, 2, 1, 2, 2, 2, '0', 1, 2, 2, 2, 0, 1, '', 1, '2020-02-08 11:16:41', '2020-02-08 11:16:41', 15, 15),
(43, 30, 'WFA', NULL, '2020-02-08', 13, 274, '32527943', 'WFA', 1, 2, 1, 2, 2, 2, '0', 1, 2, 2, 2, 0, 1, '', 1, '2020-02-08 11:18:18', '2020-02-08 11:17:40', 11, 11),
(44, 31, 'WFA', NULL, '2020-02-08', 13, 500, '3465755', '', 1, 2, 1, 2, 2, 2, '0', 1, 2, 2, 2, 0, 1, '', 1, '2020-02-08 11:18:46', '2020-02-08 11:18:46', 15, 15),
(45, 30, 'WFA', NULL, '2020-02-08', 13, 270, '32527935', 'WFA', 1, 2, 1, 2, 2, 2, '0', 1, 2, 2, 2, 0, 1, '', 1, '2020-02-08 11:20:46', '2020-02-08 11:19:55', 11, 11),
(46, 32, 'WFA', NULL, '2020-02-08', 13, 567, '106085N', 'WFA', 1, 2, 1, 2, 2, 2, '0', 1, 2, 2, 2, 0, 1, '', 1, '2020-02-08 11:21:28', '2020-02-08 11:21:28', 15, 15),
(47, 30, 'WFA', NULL, '2020-02-08', 13, 270, '32527941', 'WFA', 1, 2, 1, 2, 2, 2, '0', 1, 2, 2, 2, 0, 1, '', 1, '2020-02-08 11:23:06', '2020-02-08 11:22:41', 11, 11),
(48, 33, 'WFA', NULL, '2020-02-08', 13, 571, '140400870746011', 'WFA', 1, 2, 1, 2, 2, 2, '0', 1, 2, 2, 2, 0, 1, '', 1, '2020-02-08 11:25:48', '2020-02-08 11:25:48', 11, 11),
(49, 34, 'WFA', NULL, '2020-02-08', 1, 568, '33509953', 'WFA', 1, 2, 1, 2, 2, 2, '0', 1, 2, 2, 2, 0, 1, '', 1, '2020-02-08 11:25:56', '2020-02-08 11:25:56', 15, 15),
(50, 35, 'WFA', NULL, '2020-02-08', 1, 569, '32331317', 'WFA', 1, 2, 1, 2, 2, 2, '0', 1, 2, 2, 2, 0, 1, '', 1, '2020-02-08 11:27:45', '2020-02-08 11:27:45', 15, 15),
(51, 36, 'WFA', NULL, '2020-02-08', 1, 569, '32331300', 'WFA', 1, 2, 1, 2, 2, 2, '0', 1, 2, 2, 2, 0, 1, '', 1, '2020-02-08 11:29:01', '2020-02-08 11:29:01', 15, 15),
(52, 37, 'WFA', NULL, '2020-02-08', 13, 573, '31902748', 'WFA', 1, 2, 1, 2, 2, 2, '0', 1, 2, 2, 2, 0, 1, '', 1, '2020-02-08 11:30:13', '2020-02-08 11:29:35', 11, 11),
(53, 38, 'WFA', NULL, '2020-02-08', 1, 569, '32324300', 'WFA', 1, 2, 1, 2, 2, 2, '0', 1, 2, 2, 2, 0, 1, '', 1, '2020-02-08 11:30:23', '2020-02-08 11:30:23', 15, 15),
(54, 39, 'WFA', NULL, '2020-02-08', 1, 569, '32326263', 'WFA', 1, 2, 1, 2, 2, 2, '0', 1, 2, 2, 2, 0, 1, '', 1, '2020-02-08 11:31:45', '2020-02-08 11:31:45', 15, 15),
(55, 40, 'WFA', NULL, '2020-02-08', 1, 569, '32869667', 'WFA', 1, 2, 1, 2, 2, 2, '0', 1, 2, 2, 2, 0, 1, '', 1, '2020-02-08 11:33:15', '2020-02-08 11:33:15', 15, 15),
(56, 41, 'WFA', NULL, '2020-02-08', 1, 570, '33369352', 'WFA', 1, 2, 1, 2, 2, 2, '0', 1, 2, 2, 2, 0, 1, '', 1, '2020-02-08 11:34:48', '2020-02-08 11:34:48', 15, 15),
(57, 42, 'WFA', NULL, '2020-02-08', 1, 29, '32544637', 'WFA', 1, 2, 1, 2, 2, 2, '0', 1, 2, 2, 2, 0, 1, '', 1, '2020-02-08 11:37:48', '2020-02-08 11:37:48', 15, 15),
(58, 43, 'WFA', NULL, '2020-02-08', 13, 274, '32527932', 'WFA', 1, 2, 1, 2, 2, 2, '0', 1, 2, 2, 2, 0, 1, '', 1, '2020-02-08 11:42:37', '2020-02-08 11:42:00', 11, 11),
(59, 44, 'WFA', NULL, '2020-02-08', 13, 473, '31802448', 'WFA', 1, 2, 1, 2, 2, 2, '0', 1, 2, 2, 2, 0, 1, '', 1, '2020-02-08 11:43:11', '2020-02-08 11:43:11', 15, 15),
(60, 45, 'WFA', NULL, '2020-02-08', 13, 274, '32527932', 'WFA', 1, 2, 1, 2, 2, 2, '0', 1, 2, 2, 2, 0, 1, NULL, 1, '2020-02-08 11:46:36', '2020-02-08 11:44:54', 11, 11),
(61, 46, 'WFA', NULL, '2020-02-08', 13, 291, '33538692', 'WFA', 1, 2, 1, 2, 2, 2, '0', 1, 2, 2, 2, 0, 1, '', 1, '2020-02-08 11:45:45', '2020-02-08 11:45:45', 15, 15),
(62, 45, 'WFA', NULL, '2020-02-08', 13, 274, '32527940', 'WFA', 1, 2, 1, 2, 2, 2, '0', 1, 2, 2, 2, 0, 1, '', 1, '2020-02-08 11:48:35', '2020-02-08 11:48:13', 11, 11),
(63, 47, 'WFA', NULL, '2020-02-08', 1, 575, '33712158', 'WFA', 1, 2, 1, 2, 2, 2, '0', 1, 2, 2, 2, 0, 1, '', 1, '2020-02-08 11:52:22', '2020-02-08 11:50:56', 11, 11),
(64, 48, 'WFA', NULL, '2020-02-08', 13, 576, '33694502', 'WFA', 1, 2, 1, 2, 2, 2, '0', 1, 2, 2, 2, 0, 1, '', 1, '2020-02-08 11:55:35', '2020-02-08 11:55:03', 11, 11),
(65, 52, 'D56848871', 'DTDC', '2020-02-10', 13, 577, '140141950236002', 'FLOPS EDGE BROKEN', 1, 2, 1, 2, 1, 2, '0502', 1, 2, 2, 2, 0, 1, NULL, 1, '2020-02-10 06:22:56', '2020-02-10 04:25:36', 11, 15),
(66, 50, '50653380584', 'BLUE DART', '2020-02-10', 13, 382, '34198763/09/17', 'NO PHY DAMANGE 2 ORANGE TBS', 1, 2, 1, 2, 1, 2, '0502', 1, 2, 2, 2, 0, 2, NULL, 1, '2020-02-10 09:57:38', '2020-02-10 09:28:51', 1, 1),
(67, 50, '50653380584', 'BLUE DART', '2020-02-10', 13, 382, '34198787/09/17', 'TB ONE BROKEN - 2 ORANGE TBS', 1, 2, 1, 2, 2, 1, '0', 1, 2, 2, 2, 0, 2, '', 1, '2020-02-10 09:32:48', '2020-02-10 09:32:48', 1, 1),
(68, 50, '50653380584', 'BLUE DART', '2020-02-10', 18, 578, '83.177.929', 'TB SCREW RUSTED ONE GREEN TB', 1, 2, 1, 2, 1, 2, '0500', 1, 2, 2, 2, 0, 1, '', 1, '2020-02-10 09:37:07', '2020-02-10 09:37:07', 1, 1),
(69, 50, '50653380584', 'BLUE DART', '2020-02-10', 18, 578, '83.150.409', 'NO DAMANGE ONE GREEN TB', 1, 2, 1, 2, 1, 2, '0500', 1, 2, 2, 2, 0, 1, '', 1, '2020-02-10 09:39:01', '2020-02-10 09:39:01', 1, 1),
(70, 50, '50653380584', 'BLUE DART', '2020-02-10', 18, 578, '83.153.230', 'NO PHY DAMANGE - ONE GREEN TB', 1, 2, 1, 2, 1, 2, '0500', 1, 2, 2, 2, 0, 1, '', 1, '2020-02-10 09:41:03', '2020-02-10 09:41:03', 1, 1),
(71, 11, 'NA', 'BY HAND', '2020-02-10', 19, 579, '1810062788', 'ONE GREEN TB', 2, 2, 2, 2, 2, 2, '0', 2, 2, 2, 2, 0, 1, '', 1, '2020-02-10 10:33:43', '2020-02-10 10:33:43', 11, 11),
(72, 11, 'NA', 'BY HAND', '2020-02-10', 19, 579, '1810062792', 'ONE GREEN TB', 2, 2, 2, 2, 2, 2, '0', 2, 2, 2, 2, 0, 1, '', 1, '2020-02-10 10:34:29', '2020-02-10 10:34:29', 11, 11),
(73, 11, 'NA', 'BY HAND', '2020-02-10', 19, 579, '1810062825', 'ONE GREEN TB', 2, 2, 2, 2, 2, 2, '0', 2, 2, 2, 2, 0, 1, NULL, 1, '2020-02-10 10:38:40', '2020-02-10 10:35:21', 11, 11),
(74, 53, 'BY HAND', NULL, '2020-02-10', 13, 580, '33931001/12/16', 'NO PHY DAMANGE', 1, 2, 1, 2, 1, 2, '0300', 1, 2, 2, 2, 0, 2, NULL, 1, '2020-02-10 11:28:51', '2020-02-10 11:25:30', 11, 11),
(75, 51, '71000421586', 'MARUTI', '2020-02-11', 12, 581, '33181531/01/15', 'NO CASE AND FRONT COVER  PCP BURNED CUTT OFF CONTACT OK.', 2, 2, 2, 2, 2, 2, '0', 2, 2, 2, 2, 0, 2, '', 1, '2020-02-11 04:30:24', '2020-02-11 04:30:24', 11, 11),
(76, 51, '71000421586', 'MARUTI', '2020-02-11', 12, 238, '33193085/02/15', 'NO CASE AND FRONT COVER , PCB BURNED  , OPERATING CARD BROKEN', 2, 2, 2, 2, 2, 2, '0', 2, 2, 2, 2, 0, 2, '', 1, '2020-02-11 04:33:43', '2020-02-11 04:33:43', 11, 11),
(77, 51, '71000421586', 'MARUTI', '2020-02-11', 12, 238, '33188619/02/15', 'NO CASE AND FRONT COVER , PCP BURNED , OPERATING CARD  BROKEN', 2, 2, 2, 2, 2, 2, '0', 2, 2, 2, 2, 0, 1, NULL, 1, '2020-02-11 04:45:03', '2020-02-11 04:36:17', 11, 11),
(78, 56, 'K23625572', 'DTDC', '2020-02-11', 2, 524, '34343886/02/18', 'NO CASE AND FRONT COVER', 2, 2, 2, 2, 2, 2, '0', 2, 2, 2, 2, 0, 1, NULL, 1, '2020-02-11 05:22:46', '2020-02-11 05:18:27', 11, 11),
(79, 58, '100002788381', 'ICL', '2020-02-11', 12, 241, '34251644/10/17', 'NO  CASE AND FRONT COVER  , CUTT OF CONTACT OK', 2, 2, 2, 2, 2, 2, '0', 2, 2, 2, 2, 0, 1, NULL, 1, '2020-02-11 07:22:08', '2020-02-11 06:16:32', 11, 11),
(80, -1, '', '', '2020-02-11', 13, 292, '34728107/02/19', NULL, -1, -1, -1, -1, -1, -1, '0', -1, -1, -1, -1, NULL, -1, '3269050728', 1, '2020-02-11 06:33:42', '2020-02-11 06:33:42', 11, 11),
(81, -1, '', '', '2020-02-11', 13, 582, '34749235/03/19', NULL, -1, -1, -1, -1, -1, -1, '0', -1, -1, -1, -1, NULL, -1, '3269052688', 1, '2020-02-11 06:45:24', '2020-02-11 06:45:24', 11, 11),
(82, -1, '', '', '2020-02-11', 13, 582, '34749234/03/19', NULL, -1, -1, -1, -1, -1, -1, '0', -1, -1, -1, -1, NULL, -1, '3269052688', 1, '2020-02-11 06:45:24', '2020-02-11 06:45:24', 11, 11),
(83, 57, 'K23531837', 'DTDC', '2020-02-11', 1, 583, '34695266/01/19', 'EZP0016001 CARD ONLY RECEIVED', 2, 2, 2, 2, 2, 2, '0', 2, 2, 2, 2, 0, 2, NULL, 1, '2020-02-11 08:25:48', '2020-02-11 08:22:51', 11, 11),
(84, 49, '19537710003223', 'MARUTI', '2020-02-11', 26, 584, 'S16N120SRL2PM101', 'NO HANDLE RECEIVED', 1, 2, 2, 2, 2, 2, '0', 2, 2, 2, 2, 0, 2, '2013300166/4-K8', 1, '2020-02-11 09:19:37', '2020-02-11 08:52:15', 11, 11),
(85, -1, '', '', '2020-02-11', 13, 585, '34216941/07/19', NULL, -1, -1, -1, -1, -1, -1, '0', -1, -1, -1, -1, NULL, -1, '3269PP1796 ,,, 3269049995', 1, '2020-02-11 09:34:02', '2020-02-11 09:34:02', 11, 11),
(86, 63, 'D55724079', 'DTDC', '2020-02-12', 13, 269, '31767294/05/11', 'DUSTY', 1, 2, 1, 2, 1, 2, '0301', 1, 2, 2, 2, 0, 2, NULL, 1, '2020-02-12 03:18:23', '2020-02-12 03:14:29', 11, 11),
(87, 64, 'NA', 'BY HAND', '2020-02-12', 13, 586, '32733495/11/13', 'HMI DUSTY', 2, 2, 1, 2, 1, 2, '0601', 1, 2, 2, 2, 0, 2, NULL, 1, '2020-02-12 03:34:07', '2020-02-12 03:32:06', 11, 11),
(88, 55, NULL, 'BY HAND', '2020-02-12', 3, 587, '34568793/09/18', 'NO PHY DAMANGE', 1, 2, 2, 2, 1, 2, '0003', 2, 2, 2, 2, 0, 2, '', 1, '2020-02-12 03:58:21', '2020-02-12 03:58:21', 11, 11),
(89, 55, NULL, 'BY HAND', '2020-02-12', 3, 587, '34568794/09/18', 'NO PHY  DAMANGE', 1, 2, 2, 2, 1, 2, '0003', 2, 2, 2, 2, 0, 1, NULL, 1, '2020-02-12 04:07:58', '2020-02-12 04:00:14', 11, 11),
(90, -1, '', '', '2020-02-12', 1, 588, '33554375/1/16', NULL, -1, -1, -1, -1, -1, -1, '0', -1, -1, -1, -1, NULL, -1, '3269PWARGASYS17-PP1028', 1, '2020-02-12 04:30:11', '2020-02-12 04:30:11', 11, 11),
(91, -1, '', '', '2020-02-12', 1, 588, '33554370/01/16', NULL, -1, -1, -1, -1, -1, -1, '0', -1, -1, -1, -1, NULL, -1, '3269PWARGASYS17-PP1028', 1, '2020-02-12 04:30:11', '2020-02-12 04:30:11', 11, 11),
(92, -1, '', '', '2020-02-12', 1, 588, '33554372/01/16', NULL, -1, -1, -1, -1, -1, -1, '0', -1, -1, -1, -1, NULL, -1, '3269PWARGASYS17-PP1028', 1, '2020-02-12 04:30:11', '2020-02-12 04:30:11', 11, 11),
(93, -1, '', '', '2020-02-12', 1, 588, '33554369/01/16', NULL, -1, -1, -1, -1, -1, -1, '0', -1, -1, -1, -1, NULL, -1, '3269PWARGASYS17-PP1028', 1, '2020-02-12 04:30:11', '2020-02-12 04:30:11', 11, 11),
(94, -1, '', '', '2020-02-12', 13, 590, '34238417', NULL, -1, -1, -1, -1, -1, -1, '0', -1, -1, -1, -1, NULL, -1, '3269PP1839/3269050872', 1, '2020-02-12 04:45:38', '2020-02-12 04:45:38', 11, 11),
(95, -1, '', '', '2020-02-12', 13, 590, '34238418', NULL, -1, -1, -1, -1, -1, -1, '0', -1, -1, -1, -1, NULL, -1, '', 1, '2020-02-12 04:45:38', '2020-02-12 04:45:38', 11, 11),
(96, -1, '', '', '2020-02-12', 13, 589, '34272075', NULL, -1, -1, -1, -1, -1, -1, '0', -1, -1, -1, -1, NULL, -1, '', 1, '2020-02-12 04:45:39', '2020-02-12 04:45:39', 11, 11),
(97, 61, 'B70428156', 'DTDC', '2020-02-12', 3, 368, '32966836/06/14', 'HMI FULL DUSTY', 1, 2, 2, 2, 1, 2, '0002', 2, 2, 2, 2, 0, 2, NULL, 1, '2020-02-12 08:32:34', '2020-02-12 08:19:27', 11, 11),
(98, 60, 'D57190805', 'DTDC', '2020-02-12', 1, 591, '34009702/03/17', 'EGN0581001 HMI ONLY RECEIVED WITHOUT  RJ CABLE', 2, 2, 2, 2, 2, 2, '0', 2, 2, 2, 2, 0, 1, NULL, 1, '2020-02-12 08:44:18', '2020-02-12 08:39:40', 11, 11),
(99, 59, 'D90632137', 'DTDC', '2020-02-12', 1, 592, '33166210/01/15', 'EGN0581001 HMI ONLY RFECEIVED   WITHOUT RJ CABLE', 2, 2, 2, 2, 2, 2, '0', 2, 2, 2, 2, 0, 2, NULL, 1, '2020-02-12 09:12:37', '2020-02-12 09:06:42', 11, 11),
(100, 66, 'PAT50419182', 'THE PROFESSIONAL', '2020-02-13', 12, 241, '34524020/07/18', 'NO CASE AND FRONT COVER  DUST FOUND BETWEEN CORE AND ARMATURE', 2, 2, 2, 2, 2, 2, '0', 2, 2, 2, 2, 0, 2, NULL, 1, '2020-02-13 04:06:02', '2020-02-13 03:43:10', 11, 11),
(101, 66, 'PAT50419182', 'THE PROFESSIONAL', '2020-02-13', 26, 593, '4200915845/44/2018', 'BREAKER HANDLE REMOVED', 2, 2, 2, 2, 2, 2, '0', 2, 2, 2, 2, 0, 2, '', 1, '2020-02-13 03:56:27', '2020-02-13 03:47:08', 11, 11),
(102, 66, 'PAT50419182', 'THE PROFESSIONAL', '2020-02-13', 26, 594, '4200901631/39/2018', 'NO DAMANGE', 1, 2, 1, 2, 2, 2, '0', 2, 2, 2, 2, 0, 2, NULL, 1, '2020-02-13 06:50:50', '2020-02-13 03:53:10', 11, 11),
(103, 65, '50647439312', 'BLUE DART', '2020-02-13', 7, 83, '34962690/12/19', 'AUX UNIT FULLY LOOSE HANGING ,AND NAME PLATE  REMOVED', 1, 2, 2, 2, 2, 2, '0', 2, 2, 2, 2, 0, 2, '', 1, '2020-02-13 04:30:34', '2020-02-13 04:30:34', 11, 11),
(104, 65, '50647439312', 'BLUE DART', '2020-02-13', 7, 82, '34820455/06/19', 'NO PHY DAMANGE  EXTERNAL RESISTOR -GBRZB9019925- 1N0', 1, 2, 2, 2, 2, 2, '0', 2, 2, 2, 2, 0, 2, '', 1, '2020-02-13 04:40:19', '2020-02-13 04:40:19', 11, 11),
(105, 65, '50647439312', 'BLUE DART', '2020-02-13', 27, 595, '19IP1540207', 'NO PHYSICAL DAMAGE ONE GREEN  TB', 1, 2, 2, 2, 1, 2, '0001', 1, 2, 2, 2, 0, 1, NULL, 1, '2020-02-13 04:55:39', '2020-02-13 04:48:39', 11, 11),
(106, -1, '', '', '2020-02-13', 1, 598, '34905920/10/19', NULL, -1, -1, -1, -1, -1, -1, '0', -1, -1, -1, -1, NULL, -1, '', 1, '2020-02-13 05:32:27', '2020-02-13 05:32:27', 11, 11),
(107, -1, '', '', '2020-02-13', 1, 597, '34904512/10/19', NULL, -1, -1, -1, -1, -1, -1, '0', -1, -1, -1, -1, NULL, -1, '', 1, '2020-02-13 05:35:32', '2020-02-13 05:35:32', 11, 11),
(108, -1, '', '', '2020-02-13', 13, 596, '34910098/10/19', NULL, -1, -1, -1, -1, -1, -1, '0', -1, -1, -1, -1, NULL, -1, '3269PP1773', 1, '2020-02-13 05:49:03', '2020-02-13 05:49:03', 11, 11),
(109, -1, '', '', '2020-02-13', 13, 596, '34910098/10/19', NULL, -1, -1, -1, -1, -1, -1, '0', -1, -1, -1, -1, NULL, -1, '3269PP1773', 1, '2020-02-13 06:21:13', '2020-02-13 06:21:13', 11, 11),
(110, -1, '', '', '2020-02-13', 13, 599, '34910090/11/19', NULL, -1, -1, -1, -1, -1, -1, '0', -1, -1, -1, -1, NULL, -1, '3269PP1773', 1, '2020-02-13 06:21:13', '2020-02-13 06:21:13', 11, 11),
(111, -1, '', '', '2020-02-13', 13, 599, '34910104/11/19', NULL, -1, -1, -1, -1, -1, -1, '0', -1, -1, -1, -1, NULL, -1, '3269PP1773', 1, '2020-02-13 06:21:13', '2020-02-13 06:21:13', 11, 11),
(112, -1, '', '', '2020-02-13', 13, 599, '34910094/10/19', NULL, -1, -1, -1, -1, -1, -1, '0', -1, -1, -1, -1, NULL, -1, '3269PP1773', 1, '2020-02-13 06:21:14', '2020-02-13 06:21:14', 11, 11),
(113, 62, 'D57141261', 'DTDC', '2020-02-13', 28, 600, '2019040P600752', 'MODULE RECEIVED', 2, 2, 2, 2, 2, 2, '0', 2, 2, 2, 2, 0, 2, NULL, 0, '2020-02-13 06:43:29', '2020-02-13 06:33:07', 11, 11),
(114, 54, 'BY HAND', NULL, '2020-02-13', 15, 603, 'M3KC09000007', 'HMI ONLY RECEIVED', 2, 2, 2, 2, 2, 2, '0', 2, 2, 2, 2, 0, 2, NULL, 1, '2020-02-13 08:54:34', '2020-02-13 08:25:26', 11, 10),
(115, 54, 'BY HAND', NULL, '2020-02-13', 14, 601, 'A7HC17000545', 'CARD ONLY', 2, 2, 2, 2, 2, 2, '0', 1, 2, 2, 2, 0, 2, '', 1, '2020-02-13 08:36:11', '2020-02-13 08:32:15', 10, 10),
(116, 54, 'BY HAND', NULL, '2020-02-13', 14, 602, 'A6XC19000403', 'CARD ONLY RECEIVED', 2, 2, 2, 2, 2, 2, '0', 2, 2, 2, 2, 0, 2, '', 1, '2020-02-13 08:36:11', '2020-02-13 08:34:17', 10, 10),
(117, 75, '2254100', 'hvc', '2020-02-13', 1, 604, '33860965', 'no phy damange', 1, 2, 1, 2, 1, 2, '0001', 1, 2, 2, 2, 0, 1, NULL, 1, '2020-02-13 12:18:56', '2020-02-13 12:14:38', 11, 11),
(118, -1, '', '', '2020-02-13', 1, 605, '34819072', NULL, -1, -1, -1, -1, -1, -1, '0', -1, -1, -1, -1, NULL, -1, '3269PP1739-17', 1, '2020-02-13 12:34:39', '2020-02-13 12:34:39', 11, 11),
(119, 67, '63130992352', 'ST COURIER', '2020-02-14', 2, 607, '33677702/06/16', 'NO PHYSICAL DAMANGE', 1, 2, 2, 2, 2, 2, '0', 2, 2, 2, 2, 0, 2, NULL, 1, '2020-02-14 03:25:54', '2020-02-14 03:13:19', 11, 11),
(120, 67, '63130992352', 'ST COURIER', '2020-02-14', 2, 606, '33606338/03/16', 'NO PHYSICAL DAMANGE', 1, 2, 2, 2, 2, 2, '0', 2, 2, 2, 2, 0, 2, '', 1, '2020-02-14 03:16:56', '2020-02-14 03:16:56', 11, 11),
(121, 68, 'G90790836', 'DTDC', '2020-02-14', 1, 608, '34633121/11/18', 'NO PHY DAMANGE\nNIC CARD  MISSING', 1, 2, 1, 2, 2, 2, '0', 1, 2, 2, 2, 0, 2, '', 1, '2020-02-14 03:44:36', '2020-02-14 03:44:36', 11, 11),
(122, 68, 'G90790836', 'DTDC', '2020-02-14', 2, 609, '34625138/11/18', 'NO CASE AND  FRONT COVER  CUT OF CONTACT OK', 2, 2, 2, 2, 2, 2, '0', 2, 2, 2, 2, 0, 2, NULL, 1, '2020-02-14 04:24:34', '2020-02-14 03:46:56', 11, 11),
(123, 68, 'G90790836', 'DTDC', '2020-02-14', 2, 609, '34625140/11/18', 'NO CASE NO FRONT COVER  CUTT OF CONTACT OK', 2, 2, 2, 2, 2, 2, '0', 2, 2, 2, 2, 0, 2, '', 1, '2020-02-14 03:48:58', '2020-02-14 03:48:58', 11, 11),
(124, 68, 'G90790836', 'DTDC', '2020-02-14', 12, 244, '34621302/11/18', 'NO CASE NO FRONT COVER , CUTT OF CONTACT OK', 2, 2, 2, 2, 2, 2, '0', 2, 2, 2, 2, 0, 2, '', 1, '2020-02-14 03:51:37', '2020-02-14 03:51:37', 11, 11),
(125, 68, 'G90790836', 'DTDC', '2020-02-14', 12, 194, '34620758/11/18', 'NO CASE AND FRONT COVER , CONTACT AND OPERATING CARD BURNED', 2, 2, 2, 2, 2, 2, '0', 2, 2, 2, 2, 0, 2, '', 1, '2020-02-14 03:54:24', '2020-02-14 03:54:24', 11, 11),
(126, 68, 'G90790836', 'DTDC', '2020-02-14', 12, 194, '34620748/11/18', 'NO CASE  NO FRONT COVER , CONTACT   , OPERATING CARD BURNED', 2, 2, 2, 2, 2, 2, '0', 2, 2, 2, 2, 0, 2, '', 1, '2020-02-14 03:56:54', '2020-02-14 03:56:54', 11, 11),
(127, 68, 'G90790836', 'DTDC', '2020-02-14', 30, 610, 'CSE52026', 'NO DAMANGE', 2, 2, 1, 2, 2, 2, '0', 1, 2, 2, 2, 0, 2, '', 1, '2020-02-14 04:05:33', '2020-02-14 04:05:33', 11, 11),
(128, 68, 'G90790836', 'DTDC', '2020-02-14', 1, 611, '34630207/11/18', 'EZP0011001 CARD ONLY RECEIVED, CARD BURNED', 1, 2, 2, 2, 2, 2, '0', 2, 2, 2, 2, 0, 2, NULL, 1, '2020-02-14 04:12:22', '2020-02-14 04:09:17', 11, 11),
(129, 68, 'G90790836', 'DTDC', '2020-02-14', 1, 612, '34630199/11/18', 'EZP0001003 CARD ONLY RECEIVED', 2, 2, 2, 2, 2, 2, '0', 2, 2, 2, 2, 0, 2, '', 1, '2020-02-14 04:11:50', '2020-02-14 04:11:50', 11, 11),
(130, 68, 'G90790836', 'DTDC', '2020-02-14', 1, 613, '34637001/11/18', 'EZN0019101 CARD ONLY RECEIVED , BURNED', 2, 2, 2, 2, 2, 2, '0', 2, 2, 2, 2, 0, 2, '', 1, '2020-02-14 04:15:29', '2020-02-14 04:15:29', 11, 11),
(131, 74, '178885103', 'TCI EXPRESS', '2020-02-14', 12, 241, '34310744/12/17', 'wiring harness burned,contact bend and operating card burned', 1, 2, 2, 2, 2, 2, '0', 2, 2, 2, 2, 0, 2, '', 1, '2020-02-14 05:03:33', '2020-02-14 04:55:54', 11, 11),
(132, 74, '178885103', 'TCI EXPRESS', '2020-02-14', 12, 241, '34310748/12/17', 'cutt off contact ok', 1, 2, 2, 2, 2, 2, '0', 2, 2, 2, 2, 0, 2, '', 1, '2020-02-14 05:03:33', '2020-02-14 04:57:19', 11, 11),
(133, 74, '178885103', 'TCI EXPRESS', '2020-02-14', 12, 241, '34310758/12/17', 'wiring harness burned , operating card burned', 1, 2, 2, 2, 2, 2, '0', 2, 2, 2, 2, 0, 2, '', 1, '2020-02-14 05:03:33', '2020-02-14 04:58:46', 11, 11),
(134, 74, '178885103', 'TCI EXPRESS', '2020-02-14', 12, 241, '34310746/12/17', 'contact and operating card damanged', 1, 2, 2, 2, 2, 2, '0', 2, 2, 2, 2, 0, 2, NULL, 1, '2020-02-14 05:04:20', '2020-02-14 05:00:37', 11, 11),
(135, 76, NULL, 'by hand', '2020-02-14', 13, 285, '32866789/3/14', NULL, 1, 2, 1, 2, 1, 2, '0301', 1, 2, 2, 2, 0, 2, '', 1, '2020-02-14 05:49:04', '2020-02-14 05:49:04', 11, 11),
(136, 76, NULL, 'by hand', '2020-02-14', 13, 290, '32956726/6/14', '', 1, 2, 1, 2, 1, 2, '0301', 1, 2, 2, 2, 0, 2, '', 1, '2020-02-14 05:50:30', '2020-02-14 05:50:30', 11, 11),
(137, 76, NULL, 'by hand', '2020-02-14', 13, 290, '32956727/6/14', NULL, 1, 2, 1, 2, 1, 2, '0301', 2, 2, 2, 2, 0, 2, NULL, 1, '2020-02-14 05:51:49', '2020-02-14 05:51:25', 11, 11),
(138, 76, NULL, 'by hand', '2020-02-14', 13, 286, '33808689/11/19', '', 1, 2, 1, 2, 1, 2, '0301', 2, 2, 2, 2, 0, 2, '', 1, '2020-02-14 05:55:09', '2020-02-14 05:55:09', 11, 11),
(139, 76, NULL, 'by hand', '2020-02-14', 13, 460, '33851656/10/16', '', 1, 2, 1, 2, 1, 2, '0301', 2, 2, 2, 2, 0, 2, '', 1, '2020-02-14 05:57:04', '2020-02-14 05:57:04', 11, 11),
(140, 76, NULL, 'by hand', '2020-02-14', 13, 465, '33851654', NULL, 1, 2, 1, 2, 1, 2, '0301', 2, 2, 2, 2, 0, 2, NULL, 1, '2020-02-14 06:02:30', '2020-02-14 05:57:57', 11, 11),
(141, 70, '50677179980', 'BLUE DART', '2020-02-14', 13, 504, '34384351/03/18', 'NO PHY DAMANGE', 1, 2, 1, 2, 1, 2, '0601', 2, 2, 2, 2, 0, 2, NULL, 1, '2020-02-14 06:51:07', '2020-02-14 06:47:50', 11, 11),
(142, 77, NULL, 'by hand', '2020-02-14', 13, 615, '34353174/02/18', NULL, 1, 2, 1, 2, 1, 2, '0502', 2, 2, 2, 2, 0, 2, '3269044352', 1, '2020-02-14 08:00:21', '2020-02-14 07:48:49', 11, 11),
(143, -1, '', '', '2020-02-14', 13, 616, '33726400/07/16', NULL, -1, -1, -1, -1, -1, -1, '0', -1, -1, -1, -1, NULL, -1, '', 1, '2020-02-14 07:59:13', '2020-02-14 07:59:13', 11, 11),
(144, 1, 'DOC0927', 'ABT', '2020-02-18', 27, 595, 'vcbsxcgsdgd', '', 1, 2, 1, 2, 2, 2, '0', 1, 2, 2, 2, 0, 1, '', 1, '2020-02-18 18:27:47', '2020-02-18 18:20:27', 1, 1),
(145, 1, 'DOC0927', 'ABT', '2020-02-18', 21, 617, 'SDFSDFSA', '', 1, 2, 1, 2, 2, 2, '0', 1, 2, 2, 2, 0, 1, '', 1, '2020-02-18 18:24:04', '2020-02-18 18:24:04', 1, 1),
(146, 77, NULL, 'by hand', '2020-02-25', 19, 579, 'SDF2345235/FTWS435/G', 'sdfgasg', 1, 2, 1, 2, 2, 2, '0', 1, 2, 2, 2, 0, 1, '', 1, '2020-02-25 07:59:50', '2020-02-25 07:59:50', 1, 1),
(147, 5, NULL, NULL, '2020-02-25', 3, 52, 'DFS4643DFBSFGAS', '', 1, 2, 1, 2, 2, 2, '0', 1, 2, 2, 2, 0, 1, '', 1, '2020-02-25 08:30:26', '2020-02-25 08:30:26', 1, 1),
(148, -1, '', '', '2020-03-05', 1, 4, 'CVSR3543', NULL, -1, -1, -1, -1, -1, -1, '0', -1, -1, -1, -1, NULL, -1, '', 1, '2020-03-05 07:33:33', '2020-03-05 07:33:33', 1, 1),
(149, -1, '', '', '2020-03-05', 1, 4, 'CVSR3543', NULL, -1, -1, -1, -1, -1, -1, '0', -1, -1, -1, -1, NULL, -1, '', 1, '2020-03-05 07:35:08', '2020-03-05 07:35:08', 1, 1),
(150, -1, '', '', '2020-03-05', 1, 4, 'CVSR3543', NULL, -1, -1, -1, -1, -1, -1, '0', -1, -1, -1, -1, NULL, -1, '', 1, '2020-03-05 07:35:23', '2020-03-05 07:35:23', 1, 1),
(151, -1, '', '', '2020-03-05', 1, 4, 'CVSR3543', NULL, -1, -1, -1, -1, -1, -1, '0', -1, -1, -1, -1, NULL, -1, '', 1, '2020-03-05 07:35:57', '2020-03-05 07:35:57', 1, 1),
(152, -1, '', '', '2020-03-05', 1, 4, 'CVSR3543', NULL, -1, -1, -1, -1, -1, -1, '0', -1, -1, -1, -1, NULL, -1, '', 1, '2020-03-05 07:36:05', '2020-03-05 07:36:05', 1, 1),
(153, -1, '', '', '2020-03-05', 1, 6, 'VCVBE4633', NULL, -1, -1, -1, -1, -1, -1, '0', -1, -1, -1, -1, NULL, -1, '', 1, '2020-03-05 07:36:05', '2020-03-05 07:36:05', 1, 1),
(154, -1, '', '', '2020-03-05', 1, 35, 'XCVBH3456', NULL, -1, -1, -1, -1, -1, -1, '0', -1, -1, -1, -1, NULL, -1, '', 1, '2020-03-05 07:36:05', '2020-03-05 07:36:05', 1, 1);

-- --------------------------------------------------------

--
-- Table structure for table `pv_priority_list`
--

CREATE TABLE `pv_priority_list` (
  `pv_id` bigint(20) NOT NULL,
  `priority` smallint(6) NOT NULL,
  `created_by` tinyint(4) NOT NULL,
  `created_at` timestamp NOT NULL DEFAULT CURRENT_TIMESTAMP,
  `updated_by` tinyint(4) DEFAULT NULL,
  `updated_at` datetime DEFAULT NULL
) ENGINE=InnoDB DEFAULT CHARSET=latin1;

--
-- Dumping data for table `pv_priority_list`
--

INSERT INTO `pv_priority_list` (`pv_id`, `priority`, `created_by`, `created_at`, `updated_by`, `updated_at`) VALUES
(14, 2, 1, '2020-02-10 09:11:33', 1, '2020-02-25 13:57:13'),
(7, 3, 12, '2020-02-10 14:17:14', 1, '2020-02-25 13:57:13'),
(9, 4, 12, '2020-02-10 14:17:18', 1, '2020-02-25 13:57:13'),
(146, 1, 1, '2020-02-25 08:02:04', NULL, '2020-02-25 13:32:04');

-- --------------------------------------------------------

--
-- Table structure for table `pv_rms_tracking`
--

CREATE TABLE `pv_rms_tracking` (
  `pv_id` bigint(20) NOT NULL,
  `rack_id` varchar(15) NOT NULL,
  `rack_type` tinyint(4) NOT NULL,
  `created_by` tinyint(4) NOT NULL,
  `created_at` timestamp NOT NULL DEFAULT CURRENT_TIMESTAMP
) ENGINE=InnoDB DEFAULT CHARSET=latin1;

--
-- Dumping data for table `pv_rms_tracking`
--

INSERT INTO `pv_rms_tracking` (`pv_id`, `rack_id`, `rack_type`, `created_by`, `created_at`) VALUES
(1, '', 5, 1, '2020-01-03 11:10:46'),
(2, '', 5, 1, '2020-01-03 11:23:19'),
(3, '', 5, 1, '2020-01-03 11:58:42'),
(4, '', 5, 1, '2020-01-03 11:59:22'),
(5, '', 5, 1, '2020-01-03 12:07:03'),
(6, '', 5, 1, '2020-01-03 12:07:42'),
(7, '', 5, 1, '2020-01-03 12:09:33'),
(1, '', 1, 1, '2020-01-04 10:11:12'),
(2, '', 1, 1, '2020-01-04 10:25:34'),
(3, '', 1, 1, '2020-01-04 10:51:49'),
(4, '', 1, 1, '2020-01-04 10:55:19'),
(5, '', 1, 1, '2020-01-04 10:59:04'),
(6, '', 1, 1, '2020-01-04 11:09:40'),
(8, '', 5, 7, '2020-01-07 09:41:54'),
(9, '', 5, 7, '2020-01-07 09:41:54'),
(12, '', 5, 7, '2020-01-07 11:06:38'),
(13, '', 5, 7, '2020-01-07 11:33:54'),
(14, '', 5, 11, '2020-02-04 06:30:56'),
(15, '', 5, 11, '2020-02-06 04:26:42'),
(16, '', 5, 11, '2020-02-06 04:52:42'),
(17, '', 5, 11, '2020-02-06 05:29:53'),
(18, '', 5, 11, '2020-02-06 05:58:55'),
(14, '', 1, 1, '2020-02-06 09:32:30'),
(8, 'A005', 5, 1, '2020-02-06 09:34:12'),
(14, 'A007', 1, 1, '2020-02-06 09:36:54'),
(19, '', 5, 11, '2020-02-08 04:31:03'),
(20, '', 5, 11, '2020-02-08 04:42:26'),
(21, '', 5, 11, '2020-02-08 04:54:49'),
(22, '', 5, 11, '2020-02-08 05:21:33'),
(23, '', 5, 11, '2020-02-08 06:07:45'),
(24, '', 5, 11, '2020-02-08 06:18:50'),
(25, '', 5, 11, '2020-02-08 06:20:27'),
(26, '', 5, 11, '2020-02-08 06:36:13'),
(27, '', 5, 11, '2020-02-08 06:38:46'),
(28, '', 5, 11, '2020-02-08 07:10:51'),
(29, '', 5, 11, '2020-02-08 07:12:47'),
(30, '', 5, 11, '2020-02-08 07:13:49'),
(31, '', 5, 11, '2020-02-08 07:14:58'),
(32, '', 5, 11, '2020-02-08 07:17:44'),
(33, '', 5, 15, '2020-02-08 10:45:12'),
(34, '', 5, 15, '2020-02-08 10:52:34'),
(35, '', 5, 11, '2020-02-08 10:59:25'),
(36, '', 5, 11, '2020-02-08 11:00:19'),
(37, '', 5, 15, '2020-02-08 11:01:08'),
(38, '', 5, 11, '2020-02-08 11:01:54'),
(39, '', 5, 15, '2020-02-08 11:08:01'),
(40, '', 5, 15, '2020-02-08 11:10:47'),
(41, '', 5, 15, '2020-02-08 11:13:14'),
(42, '', 5, 15, '2020-02-08 11:16:41'),
(43, '', 5, 11, '2020-02-08 11:17:41'),
(44, '', 5, 15, '2020-02-08 11:18:46'),
(45, '', 5, 11, '2020-02-08 11:19:55'),
(46, '', 5, 15, '2020-02-08 11:21:28'),
(47, '', 5, 11, '2020-02-08 11:22:41'),
(48, '', 5, 11, '2020-02-08 11:25:49'),
(49, '', 5, 15, '2020-02-08 11:25:56'),
(50, '', 5, 15, '2020-02-08 11:27:45'),
(51, '', 5, 15, '2020-02-08 11:29:01'),
(52, '', 5, 11, '2020-02-08 11:29:36'),
(53, '', 5, 15, '2020-02-08 11:30:23'),
(54, '', 5, 15, '2020-02-08 11:31:46'),
(55, '', 5, 15, '2020-02-08 11:33:16'),
(56, '', 5, 15, '2020-02-08 11:34:49'),
(57, '', 5, 15, '2020-02-08 11:37:48'),
(58, '', 5, 11, '2020-02-08 11:42:01'),
(59, '', 5, 15, '2020-02-08 11:43:12'),
(60, '', 5, 11, '2020-02-08 11:44:54'),
(61, '', 5, 15, '2020-02-08 11:45:46'),
(62, '', 5, 11, '2020-02-08 11:48:13'),
(63, '', 5, 11, '2020-02-08 11:50:57'),
(64, '', 5, 11, '2020-02-08 11:55:03'),
(65, '', 5, 15, '2020-02-10 04:25:36'),
(66, '', 5, 1, '2020-02-10 09:28:51'),
(67, '', 5, 1, '2020-02-10 09:32:48'),
(68, '', 5, 1, '2020-02-10 09:37:08'),
(69, '', 5, 1, '2020-02-10 09:39:01'),
(70, '', 5, 1, '2020-02-10 09:41:03'),
(71, '', 5, 11, '2020-02-10 10:33:43'),
(72, '', 5, 11, '2020-02-10 10:34:29'),
(73, '', 5, 11, '2020-02-10 10:35:22'),
(74, '', 5, 11, '2020-02-10 11:25:30'),
(12, '', 1, 12, '2020-02-10 13:48:03'),
(13, '', 1, 12, '2020-02-10 13:48:03'),
(9, '', 1, 12, '2020-02-10 13:53:16'),
(7, '', 1, 12, '2020-02-10 13:57:26'),
(10, '', 1, 12, '2020-02-10 14:00:59'),
(11, '', 1, 12, '2020-02-10 14:02:05'),
(21, '', 1, 12, '2020-02-10 14:02:32'),
(17, '', 1, 12, '2020-02-10 14:03:49'),
(15, '', 1, 12, '2020-02-10 14:05:17'),
(65, '', 2, 12, '2020-02-11 03:09:48'),
(66, '', 1, 12, '2020-02-11 03:12:37'),
(67, '', 1, 12, '2020-02-11 03:12:41'),
(18, '', 1, 12, '2020-02-11 03:45:44'),
(74, '', 1, 12, '2020-02-11 03:57:47'),
(75, '', 5, 11, '2020-02-11 04:30:24'),
(76, '', 5, 11, '2020-02-11 04:33:43'),
(77, '', 5, 11, '2020-02-11 04:36:17'),
(78, '', 5, 11, '2020-02-11 05:18:27'),
(79, '', 5, 11, '2020-02-11 06:16:33'),
(83, '', 5, 11, '2020-02-11 08:22:51'),
(84, '', 5, 11, '2020-02-11 08:52:15'),
(16, '', 1, 6, '2020-02-11 11:08:27'),
(82, '', 1, 6, '2020-02-11 11:08:28'),
(85, '', 1, 6, '2020-02-11 11:09:10'),
(84, '', 1, 6, '2020-02-11 11:10:52'),
(83, '', 1, 6, '2020-02-11 11:11:40'),
(81, '', 1, 6, '2020-02-11 11:15:22'),
(78, '', 1, 6, '2020-02-11 11:20:00'),
(79, '', 1, 6, '2020-02-11 11:21:07'),
(75, '', 1, 6, '2020-02-11 11:22:37'),
(76, '', 1, 6, '2020-02-11 11:23:02'),
(77, '', 1, 6, '2020-02-11 11:23:28'),
(80, '', 1, 6, '2020-02-11 11:41:20'),
(64, '', 2, 12, '2020-02-11 11:48:38'),
(86, '', 5, 11, '2020-02-12 03:14:29'),
(87, '', 5, 11, '2020-02-12 03:32:09'),
(88, '', 5, 11, '2020-02-12 03:58:21'),
(89, '', 5, 11, '2020-02-12 04:00:15'),
(86, '', 1, 6, '2020-02-12 05:51:29'),
(96, '', 1, 6, '2020-02-12 05:51:30'),
(95, '', 1, 6, '2020-02-12 05:52:17'),
(94, '', 1, 6, '2020-02-12 05:52:46'),
(93, '', 1, 6, '2020-02-12 05:53:35'),
(92, '', 1, 6, '2020-02-12 05:54:06'),
(91, '', 1, 6, '2020-02-12 05:54:33'),
(90, '', 1, 6, '2020-02-12 05:56:57'),
(89, '', 1, 6, '2020-02-12 05:57:42'),
(88, '', 1, 6, '2020-02-12 05:58:18'),
(87, '', 1, 6, '2020-02-12 07:21:51'),
(97, '', 5, 11, '2020-02-12 08:19:28'),
(98, '', 5, 11, '2020-02-12 08:39:41'),
(99, '', 5, 11, '2020-02-12 09:06:43'),
(100, '', 5, 11, '2020-02-13 03:43:10'),
(101, '', 5, 11, '2020-02-13 03:47:08'),
(102, '', 5, 11, '2020-02-13 03:53:11'),
(103, '', 5, 11, '2020-02-13 04:30:35'),
(104, '', 5, 11, '2020-02-13 04:40:19'),
(105, '', 5, 11, '2020-02-13 04:48:40'),
(107, '', 1, 6, '2020-02-13 05:57:39'),
(105, '', 1, 6, '2020-02-13 05:58:42'),
(106, '', 1, 6, '2020-02-13 05:59:37'),
(108, '', 1, 6, '2020-02-13 06:00:48'),
(97, '', 2, 6, '2020-02-13 06:02:45'),
(113, '', 5, 11, '2020-02-13 06:33:07'),
(114, '', 5, 10, '2020-02-13 08:25:27'),
(115, '', 5, 10, '2020-02-13 08:32:15'),
(116, '', 5, 10, '2020-02-13 08:34:17'),
(103, '', 1, 6, '2020-02-13 09:06:03'),
(104, '', 1, 6, '2020-02-13 09:06:36'),
(100, '', 1, 6, '2020-02-13 09:07:57'),
(112, '', 1, 6, '2020-02-13 09:09:55'),
(111, '', 1, 6, '2020-02-13 09:10:22'),
(110, '', 1, 6, '2020-02-13 09:10:44'),
(109, '', 1, 6, '2020-02-13 09:11:10'),
(101, '', 1, 6, '2020-02-13 09:12:42'),
(102, '', 1, 6, '2020-02-13 09:13:04'),
(71, '', 1, 6, '2020-02-13 09:20:53'),
(72, '', 1, 6, '2020-02-13 09:21:44'),
(73, '', 1, 6, '2020-02-13 09:22:07'),
(113, '', 1, 6, '2020-02-13 09:23:03'),
(117, '', 5, 11, '2020-02-13 12:14:38'),
(119, '', 5, 11, '2020-02-14 03:13:19'),
(120, '', 5, 11, '2020-02-14 03:16:56'),
(121, '', 5, 11, '2020-02-14 03:44:37'),
(122, '', 5, 11, '2020-02-14 03:46:56'),
(123, '', 5, 11, '2020-02-14 03:48:58'),
(124, '', 5, 11, '2020-02-14 03:51:37'),
(125, '', 5, 11, '2020-02-14 03:54:24'),
(126, '', 5, 11, '2020-02-14 03:56:54'),
(127, '', 5, 11, '2020-02-14 04:05:34'),
(128, '', 5, 11, '2020-02-14 04:09:17'),
(129, '', 5, 11, '2020-02-14 04:11:50'),
(130, '', 5, 11, '2020-02-14 04:15:30'),
(131, '', 5, 11, '2020-02-14 04:55:55'),
(132, '', 5, 11, '2020-02-14 04:57:19'),
(133, '', 5, 11, '2020-02-14 04:58:47'),
(134, '', 5, 11, '2020-02-14 05:00:37'),
(135, '', 5, 11, '2020-02-14 05:49:04'),
(136, '', 5, 11, '2020-02-14 05:50:30'),
(137, '', 5, 11, '2020-02-14 05:51:26'),
(138, '', 5, 11, '2020-02-14 05:55:09'),
(139, '', 5, 11, '2020-02-14 05:57:05'),
(140, '', 5, 11, '2020-02-14 05:57:57'),
(141, '', 5, 11, '2020-02-14 06:47:50'),
(136, '', 1, 6, '2020-02-14 07:18:33'),
(137, '', 1, 6, '2020-02-14 07:19:02'),
(138, '', 1, 6, '2020-02-14 07:20:35'),
(139, '', 1, 6, '2020-02-14 07:21:05'),
(140, '', 1, 6, '2020-02-14 07:21:40'),
(135, '', 1, 6, '2020-02-14 07:22:44'),
(142, '', 5, 11, '2020-02-14 07:48:50'),
(132, '', 1, 6, '2020-02-14 08:40:36'),
(131, '', 1, 6, '2020-02-14 08:41:48'),
(133, '', 1, 6, '2020-02-14 08:42:38'),
(134, '', 1, 6, '2020-02-14 08:43:40'),
(142, '', 1, 6, '2020-02-14 08:44:38'),
(144, '', 5, 1, '2020-02-18 18:20:27'),
(145, '', 5, 1, '2020-02-18 18:24:04'),
(72, '', 1, 1, '2020-02-18 19:00:13'),
(72, '', 1, 1, '2020-02-18 19:02:13'),
(72, '', 1, 1, '2020-02-18 19:02:37'),
(146, '', 5, 1, '2020-02-25 07:59:50'),
(147, '', 5, 1, '2020-02-25 08:30:26'),
(7, 'ABC', 1, 1, '2020-02-26 14:49:37');

-- --------------------------------------------------------

--
-- Table structure for table `pv_status`
--

CREATE TABLE `pv_status` (
  `pv_id` bigint(20) NOT NULL,
  `current_status_id` tinyint(4) NOT NULL,
  `created_at` timestamp NOT NULL DEFAULT CURRENT_TIMESTAMP ON UPDATE CURRENT_TIMESTAMP,
  `created_by` tinyint(4) NOT NULL
) ENGINE=InnoDB DEFAULT CHARSET=latin1;

--
-- Dumping data for table `pv_status`
--

INSERT INTO `pv_status` (`pv_id`, `current_status_id`, `created_at`, `created_by`) VALUES
(1, 12, '2020-01-04 10:46:40', 1),
(2, 12, '2020-01-04 10:49:55', 1),
(3, 12, '2020-01-04 10:53:50', 1),
(4, 12, '2020-01-04 10:57:05', 1),
(5, 12, '2020-01-04 11:01:07', 1),
(6, 12, '2020-02-25 08:27:13', 1),
(7, 4, '2020-02-10 13:57:20', 12),
(8, 2, '2020-01-07 09:41:54', 7),
(9, 4, '2020-02-10 13:53:16', 12),
(10, 4, '2020-02-10 14:00:59', 12),
(11, 4, '2020-02-10 14:02:05', 12),
(12, 4, '2020-02-10 13:48:03', 12),
(13, 4, '2020-02-10 13:48:03', 12),
(14, 14, '2020-02-13 08:47:46', 12),
(15, 4, '2020-02-10 14:05:13', 12),
(16, 14, '2020-02-26 14:32:50', 1),
(17, 4, '2020-02-10 14:03:49', 12),
(18, 4, '2020-02-11 03:45:39', 12),
(19, 13, '2020-02-08 04:33:16', 11),
(20, 13, '2020-02-08 04:45:05', 11),
(21, 4, '2020-02-10 14:02:31', 12),
(22, 13, '2020-02-08 05:22:38', 11),
(23, 13, '2020-02-08 06:09:37', 11),
(24, 13, '2020-02-08 06:22:29', 11),
(25, 13, '2020-02-08 06:22:29', 11),
(26, 13, '2020-02-08 06:40:37', 11),
(27, 13, '2020-02-08 06:40:37', 11),
(28, 13, '2020-02-08 07:22:00', 11),
(29, 13, '2020-02-08 07:22:00', 11),
(30, 13, '2020-02-08 07:22:00', 11),
(31, 13, '2020-02-08 07:22:42', 11),
(32, 13, '2020-02-08 07:22:00', 11),
(33, 13, '2020-02-08 10:46:23', 15),
(34, 13, '2020-02-08 10:56:27', 15),
(35, 13, '2020-02-08 11:07:24', 11),
(36, 13, '2020-02-08 11:07:25', 11),
(37, 13, '2020-02-08 11:04:43', 15),
(38, 13, '2020-02-08 11:08:00', 11),
(39, 13, '2020-02-08 11:08:35', 15),
(40, 13, '2020-02-08 11:11:14', 15),
(41, 13, '2020-02-08 11:13:58', 15),
(42, 13, '2020-02-08 11:17:25', 15),
(43, 13, '2020-02-08 11:18:18', 11),
(44, 13, '2020-02-08 11:19:14', 15),
(45, 13, '2020-02-08 11:20:46', 11),
(46, 13, '2020-02-08 11:22:04', 15),
(47, 13, '2020-02-08 11:23:06', 11),
(48, 13, '2020-02-08 11:27:21', 11),
(49, 13, '2020-02-08 11:26:33', 15),
(50, 13, '2020-02-08 11:28:05', 15),
(51, 13, '2020-02-08 11:29:29', 15),
(52, 13, '2020-02-08 11:30:13', 11),
(53, 13, '2020-02-08 11:30:47', 15),
(54, 13, '2020-02-08 11:32:08', 15),
(55, 13, '2020-02-08 11:33:36', 15),
(56, 13, '2020-02-08 11:35:10', 15),
(57, 13, '2020-02-08 11:38:16', 15),
(58, 13, '2020-02-08 11:42:37', 11),
(59, 13, '2020-02-08 11:43:58', 15),
(60, 13, '2020-02-08 11:45:28', 11),
(61, 13, '2020-02-08 11:46:09', 15),
(62, 13, '2020-02-08 11:48:35', 11),
(63, 13, '2020-02-08 11:52:22', 11),
(64, 3, '2020-02-11 11:48:34', 12),
(65, 3, '2020-02-11 03:09:45', 12),
(66, 14, '2020-02-26 14:34:18', 1),
(67, 11, '2020-02-13 05:06:43', 9),
(68, 13, '2020-02-10 09:50:01', 1),
(69, 13, '2020-02-10 09:50:02', 1),
(70, 13, '2020-02-10 09:50:02', 1),
(71, 11, '2020-02-26 14:32:36', 1),
(72, 4, '2020-02-18 19:02:34', 1),
(73, 4, '2020-02-13 09:22:03', 6),
(74, 11, '2020-02-14 08:32:18', 9),
(75, 4, '2020-02-11 11:22:34', 6),
(76, 4, '2020-02-11 11:22:58', 6),
(77, 4, '2020-02-11 11:23:23', 6),
(78, 4, '2020-02-11 11:19:55', 6),
(79, 4, '2020-02-11 11:21:03', 6),
(80, 11, '2020-02-12 07:08:38', 9),
(81, 11, '2020-02-12 08:45:17', 9),
(82, 11, '2020-02-12 08:21:57', 9),
(83, 11, '2020-02-12 09:25:19', 9),
(84, 4, '2020-02-11 11:10:48', 6),
(85, 11, '2020-02-12 06:24:57', 9),
(86, 11, '2020-02-13 06:23:04', 9),
(87, 11, '2020-02-13 07:00:41', 9),
(88, 11, '2020-02-13 12:54:54', 9),
(89, 11, '2020-02-13 12:54:19', 9),
(90, 4, '2020-02-12 05:56:57', 6),
(91, 4, '2020-02-12 05:54:32', 6),
(92, 4, '2020-02-12 05:54:06', 6),
(93, 4, '2020-02-12 05:53:35', 6),
(94, 11, '2020-02-13 13:04:06', 9),
(95, 11, '2020-02-13 13:08:46', 9),
(96, 11, '2020-02-13 13:13:08', 9),
(97, 3, '2020-02-13 06:02:39', 6),
(98, 13, '2020-02-12 08:43:32', 11),
(99, 13, '2020-02-12 09:10:33', 11),
(100, 4, '2020-02-13 09:07:53', 6),
(101, 4, '2020-02-13 09:12:38', 6),
(102, 4, '2020-02-13 09:12:58', 6),
(103, 4, '2020-02-13 09:05:59', 6),
(104, 4, '2020-02-13 09:06:32', 6),
(105, 14, '2020-02-26 14:34:35', 1),
(106, 11, '2020-02-13 12:32:28', 9),
(107, 11, '2020-02-13 12:39:07', 9),
(108, 11, '2020-02-14 08:35:20', 9),
(109, 11, '2020-02-14 05:52:49', 9),
(110, 11, '2020-02-14 06:04:57', 9),
(111, 11, '2020-02-14 06:00:34', 9),
(112, 14, '2020-02-26 14:34:18', 1),
(113, 4, '2020-02-13 09:22:59', 6),
(114, 13, '2020-02-13 08:36:10', 10),
(115, 13, '2020-02-13 08:36:11', 10),
(116, 13, '2020-02-13 08:36:11', 10),
(117, 13, '2020-02-13 12:17:34', 11),
(118, 13, '2020-02-13 12:34:39', 11),
(119, 13, '2020-02-14 03:24:47', 11),
(120, 13, '2020-02-14 03:24:47', 11),
(121, 13, '2020-02-14 04:22:11', 11),
(122, 13, '2020-02-14 04:22:11', 11),
(123, 13, '2020-02-14 04:22:11', 11),
(124, 13, '2020-02-14 04:22:11', 11),
(125, 13, '2020-02-14 04:22:11', 11),
(126, 13, '2020-02-14 04:22:11', 11),
(127, 13, '2020-02-14 04:22:12', 11),
(128, 13, '2020-02-14 04:22:12', 11),
(129, 13, '2020-02-14 04:22:12', 11),
(130, 13, '2020-02-14 04:17:56', 11),
(131, 4, '2020-02-14 08:41:43', 6),
(132, 4, '2020-02-14 08:40:32', 6),
(133, 4, '2020-02-14 08:42:34', 6),
(134, 4, '2020-02-14 08:43:35', 6),
(135, 4, '2020-02-14 07:22:40', 6),
(136, 4, '2020-02-14 07:18:29', 6),
(137, 4, '2020-02-14 07:18:58', 6),
(138, 4, '2020-02-14 07:20:32', 6),
(139, 4, '2020-02-14 07:21:01', 6),
(140, 4, '2020-02-14 07:21:36', 6),
(141, 13, '2020-02-14 06:49:39', 11),
(142, 4, '2020-02-14 08:44:33', 6),
(143, 13, '2020-02-14 07:59:13', 11),
(144, 13, '2020-02-18 18:27:47', 1),
(145, 4, '2020-02-18 18:26:37', 1),
(146, 4, '2020-02-25 08:00:38', 1),
(147, 13, '2020-02-25 08:37:53', 1),
(152, 13, '2020-03-05 07:36:05', 1),
(153, 13, '2020-03-05 07:36:05', 1),
(154, 13, '2020-03-05 07:36:05', 1);

-- --------------------------------------------------------

--
-- Table structure for table `pv_status_tracking`
--

CREATE TABLE `pv_status_tracking` (
  `pv_id` bigint(20) NOT NULL,
  `status_id` tinyint(4) NOT NULL,
  `created_at` timestamp NOT NULL DEFAULT CURRENT_TIMESTAMP,
  `created_by` tinyint(4) NOT NULL
) ENGINE=InnoDB DEFAULT CHARSET=latin1;

--
-- Dumping data for table `pv_status_tracking`
--

INSERT INTO `pv_status_tracking` (`pv_id`, `status_id`, `created_at`, `created_by`) VALUES
(1, 1, '2020-01-03 11:10:46', 1),
(1, 2, '2020-01-03 11:22:19', 1),
(1, 1, '2020-01-03 11:22:32', 1),
(2, 2, '2020-01-03 11:23:19', 1),
(2, 13, '2020-01-03 11:23:40', 1),
(1, 13, '2020-01-03 11:24:41', 1),
(3, 2, '2020-01-03 11:58:42', 1),
(4, 1, '2020-01-03 11:59:22', 1),
(4, 13, '2020-01-03 11:59:42', 1),
(3, 13, '2020-01-03 12:05:41', 1),
(5, 2, '2020-01-03 12:07:03', 1),
(6, 1, '2020-01-03 12:07:42', 1),
(5, 13, '2020-01-03 12:08:06', 1),
(7, 2, '2020-01-03 12:09:33', 1),
(7, 13, '2020-01-03 12:10:03', 1),
(6, 13, '2020-01-03 12:10:26', 1),
(1, 4, '2020-01-04 10:11:08', 1),
(1, 6, '2020-01-04 10:12:08', 1),
(2, 4, '2020-01-04 10:25:29', 1),
(1, 7, '2020-01-04 10:26:10', 1),
(1, 8, '2020-01-04 10:26:16', 1),
(1, 9, '2020-01-04 10:26:26', 1),
(1, 10, '2020-01-04 10:27:13', 1),
(1, 11, '2020-01-04 10:27:44', 1),
(1, 14, '2020-01-04 10:42:51', 1),
(1, 12, '2020-01-04 10:46:40', 1),
(2, 6, '2020-01-04 10:47:55', 1),
(2, 7, '2020-01-04 10:48:30', 1),
(2, 8, '2020-01-04 10:48:38', 1),
(2, 9, '2020-01-04 10:48:48', 1),
(2, 10, '2020-01-04 10:48:55', 1),
(2, 11, '2020-01-04 10:49:10', 1),
(2, 14, '2020-01-04 10:49:31', 1),
(2, 12, '2020-01-04 10:49:55', 1),
(3, 4, '2020-01-04 10:51:45', 1),
(3, 6, '2020-01-04 10:52:09', 1),
(3, 7, '2020-01-04 10:52:20', 1),
(3, 8, '2020-01-04 10:52:28', 1),
(3, 9, '2020-01-04 10:52:37', 1),
(3, 10, '2020-01-04 10:52:44', 1),
(3, 11, '2020-01-04 10:53:01', 1),
(3, 14, '2020-01-04 10:53:13', 1),
(3, 12, '2020-01-04 10:53:50', 1),
(4, 4, '2020-01-04 10:55:15', 1),
(4, 6, '2020-01-04 10:55:38', 1),
(4, 7, '2020-01-04 10:55:55', 1),
(4, 8, '2020-01-04 10:56:01', 1),
(4, 9, '2020-01-04 10:56:10', 1),
(4, 10, '2020-01-04 10:56:16', 1),
(4, 11, '2020-01-04 10:56:36', 1),
(4, 14, '2020-01-04 10:56:47', 1),
(4, 12, '2020-01-04 10:57:05', 1),
(5, 4, '2020-01-04 10:59:00', 1),
(5, 6, '2020-01-04 10:59:50', 1),
(5, 7, '2020-01-04 11:00:05', 1),
(5, 8, '2020-01-04 11:00:11', 1),
(5, 9, '2020-01-04 11:00:20', 1),
(5, 10, '2020-01-04 11:00:25', 1),
(5, 11, '2020-01-04 11:00:39', 1),
(5, 14, '2020-01-04 11:00:49', 1),
(5, 12, '2020-01-04 11:01:07', 1),
(6, 4, '2020-01-04 11:09:36', 1),
(6, 6, '2020-01-04 11:12:56', 7),
(6, 7, '2020-01-04 11:13:46', 7),
(6, 8, '2020-01-04 11:14:04', 7),
(6, 9, '2020-01-04 11:14:49', 7),
(6, 10, '2020-01-04 11:14:56', 7),
(6, 11, '2020-01-04 11:16:30', 7),
(6, 14, '2020-01-04 11:17:54', 6),
(8, 2, '2020-01-07 09:41:54', 7),
(9, 2, '2020-01-07 09:41:54', 7),
(9, 13, '2020-01-07 09:44:29', 7),
(10, 13, '2020-01-07 10:52:10', 7),
(11, 13, '2020-01-07 10:52:10', 7),
(12, 1, '2020-01-07 11:06:38', 7),
(12, 13, '2020-01-07 11:07:31', 7),
(13, 2, '2020-01-07 11:33:53', 7),
(13, 13, '2020-01-07 11:37:07', 7),
(14, 2, '2020-02-04 06:30:55', 11),
(14, 13, '2020-02-04 06:41:47', 11),
(15, 2, '2020-02-06 04:26:41', 11),
(15, 13, '2020-02-06 04:40:19', 11),
(16, 1, '2020-02-06 04:52:42', 11),
(16, 13, '2020-02-06 04:55:10', 11),
(17, 2, '2020-02-06 05:29:53', 11),
(17, 15, '2020-02-06 05:39:03', 11),
(17, 13, '2020-02-06 05:46:48', 11),
(18, 2, '2020-02-06 05:58:55', 11),
(18, 15, '2020-02-06 06:01:19', 11),
(18, 13, '2020-02-06 06:05:51', 11),
(14, 4, '2020-02-06 09:32:29', 1),
(19, 1, '2020-02-08 04:31:03', 11),
(19, 13, '2020-02-08 04:33:16', 11),
(20, 2, '2020-02-08 04:42:25', 11),
(20, 13, '2020-02-08 04:45:05', 11),
(21, 2, '2020-02-08 04:54:49', 11),
(21, 13, '2020-02-08 04:56:52', 11),
(22, 1, '2020-02-08 05:21:33', 11),
(22, 13, '2020-02-08 05:22:38', 11),
(23, 2, '2020-02-08 06:07:45', 11),
(23, 13, '2020-02-08 06:09:37', 11),
(24, 2, '2020-02-08 06:18:50', 11),
(25, 2, '2020-02-08 06:20:26', 11),
(24, 13, '2020-02-08 06:22:29', 11),
(25, 13, '2020-02-08 06:22:29', 11),
(26, 2, '2020-02-08 06:36:13', 11),
(27, 2, '2020-02-08 06:38:46', 11),
(26, 13, '2020-02-08 06:40:37', 11),
(27, 13, '2020-02-08 06:40:37', 11),
(28, 2, '2020-02-08 07:10:50', 11),
(29, 2, '2020-02-08 07:12:46', 11),
(30, 2, '2020-02-08 07:13:49', 11),
(31, 1, '2020-02-08 07:14:58', 11),
(32, 2, '2020-02-08 07:17:44', 11),
(28, 13, '2020-02-08 07:22:00', 11),
(29, 13, '2020-02-08 07:22:00', 11),
(30, 13, '2020-02-08 07:22:00', 11),
(32, 13, '2020-02-08 07:22:00', 11),
(31, 13, '2020-02-08 07:22:42', 11),
(33, 2, '2020-02-08 10:45:12', 15),
(33, 13, '2020-02-08 10:46:23', 15),
(34, 2, '2020-02-08 10:52:34', 15),
(34, 13, '2020-02-08 10:56:27', 15),
(35, 2, '2020-02-08 10:59:25', 11),
(36, 2, '2020-02-08 11:00:19', 11),
(37, 1, '2020-02-08 11:01:08', 15),
(38, 1, '2020-02-08 11:01:54', 11),
(37, 2, '2020-02-08 11:03:09', 15),
(37, 13, '2020-02-08 11:04:43', 15),
(35, 13, '2020-02-08 11:07:24', 11),
(36, 13, '2020-02-08 11:07:24', 11),
(38, 13, '2020-02-08 11:08:00', 11),
(39, 2, '2020-02-08 11:08:01', 15),
(39, 13, '2020-02-08 11:08:35', 15),
(40, 2, '2020-02-08 11:10:47', 15),
(40, 13, '2020-02-08 11:11:14', 15),
(41, 2, '2020-02-08 11:13:14', 15),
(41, 13, '2020-02-08 11:13:58', 15),
(42, 2, '2020-02-08 11:16:41', 15),
(42, 13, '2020-02-08 11:17:25', 15),
(43, 1, '2020-02-08 11:17:40', 11),
(43, 13, '2020-02-08 11:18:18', 11),
(44, 2, '2020-02-08 11:18:46', 15),
(44, 13, '2020-02-08 11:19:14', 15),
(45, 1, '2020-02-08 11:19:55', 11),
(45, 13, '2020-02-08 11:20:46', 11),
(46, 2, '2020-02-08 11:21:28', 15),
(46, 13, '2020-02-08 11:22:04', 15),
(47, 1, '2020-02-08 11:22:41', 11),
(47, 13, '2020-02-08 11:23:06', 11),
(48, 2, '2020-02-08 11:25:49', 11),
(49, 2, '2020-02-08 11:25:56', 15),
(49, 13, '2020-02-08 11:26:33', 15),
(48, 13, '2020-02-08 11:27:21', 11),
(50, 2, '2020-02-08 11:27:45', 15),
(50, 13, '2020-02-08 11:28:05', 15),
(51, 2, '2020-02-08 11:29:01', 15),
(51, 13, '2020-02-08 11:29:29', 15),
(52, 1, '2020-02-08 11:29:35', 11),
(52, 13, '2020-02-08 11:30:13', 11),
(53, 2, '2020-02-08 11:30:23', 15),
(53, 13, '2020-02-08 11:30:47', 15),
(54, 2, '2020-02-08 11:31:46', 15),
(54, 13, '2020-02-08 11:32:08', 15),
(55, 2, '2020-02-08 11:33:15', 15),
(55, 13, '2020-02-08 11:33:36', 15),
(56, 2, '2020-02-08 11:34:48', 15),
(56, 13, '2020-02-08 11:35:10', 15),
(57, 2, '2020-02-08 11:37:48', 15),
(57, 13, '2020-02-08 11:38:16', 15),
(58, 1, '2020-02-08 11:42:01', 11),
(58, 13, '2020-02-08 11:42:37', 11),
(59, 2, '2020-02-08 11:43:11', 15),
(59, 13, '2020-02-08 11:43:58', 15),
(60, 1, '2020-02-08 11:44:54', 11),
(60, 13, '2020-02-08 11:45:28', 11),
(61, 2, '2020-02-08 11:45:45', 15),
(61, 13, '2020-02-08 11:46:09', 15),
(62, 1, '2020-02-08 11:48:13', 11),
(62, 13, '2020-02-08 11:48:35', 11),
(63, 1, '2020-02-08 11:50:56', 11),
(63, 13, '2020-02-08 11:52:22', 11),
(64, 1, '2020-02-08 11:55:03', 11),
(64, 13, '2020-02-08 11:55:35', 11),
(65, 1, '2020-02-10 04:25:36', 15),
(65, 1, '2020-02-10 04:27:46', 15),
(65, 13, '2020-02-10 06:19:15', 15),
(66, 2, '2020-02-10 09:28:51', 1),
(67, 2, '2020-02-10 09:32:48', 1),
(68, 2, '2020-02-10 09:37:07', 1),
(69, 2, '2020-02-10 09:39:01', 1),
(70, 2, '2020-02-10 09:41:03', 1),
(66, 13, '2020-02-10 09:50:01', 1),
(67, 13, '2020-02-10 09:50:01', 1),
(68, 13, '2020-02-10 09:50:01', 1),
(69, 13, '2020-02-10 09:50:02', 1),
(70, 13, '2020-02-10 09:50:02', 1),
(71, 2, '2020-02-10 10:33:43', 11),
(72, 2, '2020-02-10 10:34:29', 11),
(73, 2, '2020-02-10 10:35:22', 11),
(71, 13, '2020-02-10 10:36:54', 11),
(72, 13, '2020-02-10 10:36:54', 11),
(73, 13, '2020-02-10 10:36:55', 11),
(74, 2, '2020-02-10 11:25:30', 11),
(74, 13, '2020-02-10 11:28:08', 11),
(12, 4, '2020-02-10 13:48:03', 12),
(13, 4, '2020-02-10 13:48:03', 12),
(9, 4, '2020-02-10 13:53:16', 12),
(7, 4, '2020-02-10 13:57:20', 12),
(10, 4, '2020-02-10 14:00:59', 12),
(11, 4, '2020-02-10 14:02:05', 12),
(21, 4, '2020-02-10 14:02:31', 12),
(17, 4, '2020-02-10 14:03:49', 12),
(15, 4, '2020-02-10 14:05:12', 12),
(65, 3, '2020-02-11 03:09:45', 12),
(66, 4, '2020-02-11 03:12:34', 12),
(67, 4, '2020-02-11 03:12:37', 12),
(18, 4, '2020-02-11 03:45:39', 12),
(74, 4, '2020-02-11 03:57:43', 12),
(75, 2, '2020-02-11 04:30:24', 11),
(76, 2, '2020-02-11 04:33:43', 11),
(77, 2, '2020-02-11 04:36:17', 11),
(75, 13, '2020-02-11 04:42:34', 11),
(76, 13, '2020-02-11 04:42:36', 11),
(77, 13, '2020-02-11 04:42:36', 11),
(78, 2, '2020-02-11 05:18:27', 11),
(78, 13, '2020-02-11 05:21:07', 11),
(79, 2, '2020-02-11 06:16:32', 11),
(79, 13, '2020-02-11 06:19:29', 11),
(80, 13, '2020-02-11 06:33:43', 11),
(81, 13, '2020-02-11 06:45:24', 11),
(82, 13, '2020-02-11 06:45:24', 11),
(83, 2, '2020-02-11 08:22:51', 11),
(83, 13, '2020-02-11 08:25:10', 11),
(84, 2, '2020-02-11 08:52:15', 11),
(84, 13, '2020-02-11 09:02:46', 11),
(85, 13, '2020-02-11 09:34:02', 11),
(16, 4, '2020-02-11 11:08:18', 6),
(82, 4, '2020-02-11 11:08:28', 6),
(85, 4, '2020-02-11 11:09:10', 6),
(84, 4, '2020-02-11 11:10:48', 6),
(83, 4, '2020-02-11 11:11:35', 6),
(81, 4, '2020-02-11 11:15:22', 6),
(78, 4, '2020-02-11 11:19:55', 6),
(79, 4, '2020-02-11 11:21:03', 6),
(75, 4, '2020-02-11 11:22:34', 6),
(76, 4, '2020-02-11 11:22:58', 6),
(77, 4, '2020-02-11 11:23:23', 6),
(80, 4, '2020-02-11 11:41:20', 6),
(64, 3, '2020-02-11 11:48:34', 12),
(86, 2, '2020-02-12 03:14:29', 11),
(86, 13, '2020-02-12 03:16:02', 11),
(87, 2, '2020-02-12 03:32:07', 11),
(87, 13, '2020-02-12 03:33:31', 11),
(88, 2, '2020-02-12 03:58:21', 11),
(89, 2, '2020-02-12 04:00:14', 11),
(88, 13, '2020-02-12 04:04:04', 11),
(89, 13, '2020-02-12 04:04:05', 11),
(90, 13, '2020-02-12 04:30:11', 11),
(91, 13, '2020-02-12 04:30:11', 11),
(92, 13, '2020-02-12 04:30:11', 11),
(93, 13, '2020-02-12 04:30:11', 11),
(94, 13, '2020-02-12 04:45:38', 11),
(95, 13, '2020-02-12 04:45:38', 11),
(96, 13, '2020-02-12 04:45:39', 11),
(14, 5, '2020-02-12 04:46:32', 9),
(14, 6, '2020-02-12 04:49:57', 9),
(14, 7, '2020-02-12 05:00:15', 9),
(14, 8, '2020-02-12 05:01:11', 9),
(14, 9, '2020-02-12 05:01:49', 9),
(14, 10, '2020-02-12 05:03:43', 9),
(14, 11, '2020-02-12 05:11:11', 9),
(86, 4, '2020-02-12 05:51:25', 6),
(96, 4, '2020-02-12 05:51:30', 6),
(95, 4, '2020-02-12 05:52:17', 6),
(94, 4, '2020-02-12 05:52:46', 6),
(93, 4, '2020-02-12 05:53:35', 6),
(92, 4, '2020-02-12 05:54:06', 6),
(91, 4, '2020-02-12 05:54:32', 6),
(90, 4, '2020-02-12 05:56:57', 6),
(89, 4, '2020-02-12 05:57:37', 6),
(88, 4, '2020-02-12 05:58:14', 6),
(85, 5, '2020-02-12 06:17:42', 9),
(85, 6, '2020-02-12 06:18:01', 9),
(85, 7, '2020-02-12 06:19:41', 9),
(85, 8, '2020-02-12 06:20:01', 9),
(85, 9, '2020-02-12 06:20:23', 9),
(85, 10, '2020-02-12 06:21:46', 9),
(85, 11, '2020-02-12 06:24:57', 9),
(16, 5, '2020-02-12 06:35:01', 9),
(16, 6, '2020-02-12 06:35:25', 9),
(16, 7, '2020-02-12 06:35:50', 9),
(16, 8, '2020-02-12 06:38:31', 9),
(16, 9, '2020-02-12 06:40:28', 9),
(16, 10, '2020-02-12 06:41:03', 9),
(16, 11, '2020-02-12 06:42:52', 9),
(80, 5, '2020-02-12 06:59:23', 9),
(80, 6, '2020-02-12 07:05:46', 9),
(80, 7, '2020-02-12 07:06:43', 9),
(80, 8, '2020-02-12 07:07:31', 9),
(80, 9, '2020-02-12 07:07:43', 9),
(80, 10, '2020-02-12 07:08:13', 9),
(80, 11, '2020-02-12 07:08:38', 9),
(87, 4, '2020-02-12 07:21:46', 6),
(81, 5, '2020-02-12 08:00:02', 9),
(82, 5, '2020-02-12 08:02:17', 9),
(82, 6, '2020-02-12 08:03:39', 9),
(82, 6, '2020-02-12 08:05:21', 9),
(82, 7, '2020-02-12 08:06:21', 9),
(82, 8, '2020-02-12 08:07:11', 9),
(82, 9, '2020-02-12 08:07:25', 9),
(82, 10, '2020-02-12 08:07:51', 9),
(97, 1, '2020-02-12 08:19:27', 11),
(97, 13, '2020-02-12 08:21:52', 11),
(82, 11, '2020-02-12 08:21:56', 9),
(81, 6, '2020-02-12 08:23:50', 9),
(81, 6, '2020-02-12 08:24:31', 9),
(81, 6, '2020-02-12 08:29:09', 9),
(81, 6, '2020-02-12 08:37:04', 9),
(98, 2, '2020-02-12 08:39:40', 11),
(81, 7, '2020-02-12 08:43:06', 9),
(98, 13, '2020-02-12 08:43:32', 11),
(81, 8, '2020-02-12 08:43:44', 9),
(81, 8, '2020-02-12 08:43:44', 9),
(81, 9, '2020-02-12 08:43:56', 9),
(81, 10, '2020-02-12 08:44:22', 9),
(81, 11, '2020-02-12 08:45:17', 9),
(99, 1, '2020-02-12 09:06:42', 11),
(83, 5, '2020-02-12 09:08:56', 9),
(83, 6, '2020-02-12 09:09:05', 9),
(99, 13, '2020-02-12 09:10:33', 11),
(83, 7, '2020-02-12 09:18:40', 9),
(83, 8, '2020-02-12 09:18:56', 9),
(83, 9, '2020-02-12 09:24:30', 9),
(83, 10, '2020-02-12 09:24:45', 9),
(83, 11, '2020-02-12 09:25:19', 9),
(100, 2, '2020-02-13 03:43:10', 11),
(101, 1, '2020-02-13 03:47:08', 11),
(102, 2, '2020-02-13 03:53:10', 11),
(101, 13, '2020-02-13 03:56:27', 11),
(100, 13, '2020-02-13 04:03:35', 11),
(102, 13, '2020-02-13 04:03:35', 11),
(103, 2, '2020-02-13 04:30:35', 11),
(66, 5, '2020-02-13 04:35:21', 9),
(66, 6, '2020-02-13 04:37:20', 9),
(104, 2, '2020-02-13 04:40:19', 11),
(66, 7, '2020-02-13 04:42:01', 9),
(66, 8, '2020-02-13 04:46:02', 9),
(66, 9, '2020-02-13 04:46:13', 9),
(66, 10, '2020-02-13 04:47:57', 9),
(105, 2, '2020-02-13 04:48:40', 11),
(66, 11, '2020-02-13 04:50:58', 9),
(103, 13, '2020-02-13 04:52:15', 11),
(104, 13, '2020-02-13 04:52:15', 11),
(105, 13, '2020-02-13 04:52:15', 11),
(67, 5, '2020-02-13 04:58:53', 9),
(67, 6, '2020-02-13 04:59:00', 9),
(67, 7, '2020-02-13 04:59:37', 9),
(67, 8, '2020-02-13 04:59:53', 9),
(67, 9, '2020-02-13 05:00:02', 9),
(67, 10, '2020-02-13 05:00:35', 9),
(67, 11, '2020-02-13 05:06:43', 9),
(106, 13, '2020-02-13 05:32:27', 11),
(107, 13, '2020-02-13 05:35:32', 11),
(74, 5, '2020-02-13 05:37:57', 9),
(108, 13, '2020-02-13 05:49:03', 11),
(107, 4, '2020-02-13 05:57:39', 6),
(105, 4, '2020-02-13 05:58:38', 6),
(106, 4, '2020-02-13 05:59:37', 6),
(108, 4, '2020-02-13 06:00:47', 6),
(97, 3, '2020-02-13 06:02:39', 6),
(86, 5, '2020-02-13 06:10:57', 9),
(86, 6, '2020-02-13 06:11:05', 9),
(86, 7, '2020-02-13 06:11:55', 9),
(86, 8, '2020-02-13 06:12:14', 9),
(86, 9, '2020-02-13 06:13:01', 9),
(86, 10, '2020-02-13 06:13:20', 9),
(109, 13, '2020-02-13 06:21:13', 11),
(110, 13, '2020-02-13 06:21:13', 11),
(111, 13, '2020-02-13 06:21:13', 11),
(112, 13, '2020-02-13 06:21:14', 11),
(86, 11, '2020-02-13 06:23:04', 9),
(113, 1, '2020-02-13 06:33:07', 11),
(113, 13, '2020-02-13 06:34:23', 11),
(87, 5, '2020-02-13 06:40:39', 9),
(87, 6, '2020-02-13 06:41:03', 9),
(87, 6, '2020-02-13 06:52:17', 9),
(87, 6, '2020-02-13 06:56:25', 9),
(87, 7, '2020-02-13 06:59:09', 9),
(87, 8, '2020-02-13 06:59:43', 9),
(87, 9, '2020-02-13 06:59:53', 9),
(87, 10, '2020-02-13 07:00:10', 9),
(87, 11, '2020-02-13 07:00:41', 9),
(114, 1, '2020-02-13 08:25:26', 10),
(115, 1, '2020-02-13 08:32:15', 10),
(116, 1, '2020-02-13 08:34:17', 10),
(114, 13, '2020-02-13 08:36:10', 10),
(115, 13, '2020-02-13 08:36:11', 10),
(116, 13, '2020-02-13 08:36:11', 10),
(14, 14, '2020-02-13 08:47:46', 12),
(103, 4, '2020-02-13 09:05:59', 6),
(104, 4, '2020-02-13 09:06:32', 6),
(100, 4, '2020-02-13 09:07:53', 6),
(112, 4, '2020-02-13 09:09:55', 6),
(111, 4, '2020-02-13 09:10:22', 6),
(110, 4, '2020-02-13 09:10:44', 6),
(109, 4, '2020-02-13 09:11:10', 6),
(101, 4, '2020-02-13 09:12:38', 6),
(102, 4, '2020-02-13 09:12:58', 6),
(71, 4, '2020-02-13 09:20:49', 6),
(72, 4, '2020-02-13 09:21:40', 6),
(73, 4, '2020-02-13 09:22:03', 6),
(113, 4, '2020-02-13 09:22:59', 6),
(117, 2, '2020-02-13 12:14:38', 11),
(117, 13, '2020-02-13 12:17:34', 11),
(106, 5, '2020-02-13 12:29:43', 9),
(106, 6, '2020-02-13 12:29:49', 9),
(106, 7, '2020-02-13 12:30:20', 9),
(106, 8, '2020-02-13 12:30:35', 9),
(106, 9, '2020-02-13 12:30:45', 9),
(106, 10, '2020-02-13 12:31:08', 9),
(106, 11, '2020-02-13 12:32:28', 9),
(118, 13, '2020-02-13 12:34:39', 11),
(107, 5, '2020-02-13 12:35:18', 9),
(107, 6, '2020-02-13 12:35:31', 9),
(107, 7, '2020-02-13 12:35:47', 9),
(107, 8, '2020-02-13 12:36:09', 9),
(107, 9, '2020-02-13 12:36:24', 9),
(107, 10, '2020-02-13 12:37:22', 9),
(107, 11, '2020-02-13 12:39:07', 9),
(88, 5, '2020-02-13 12:45:51', 9),
(88, 6, '2020-02-13 12:45:57', 9),
(88, 7, '2020-02-13 12:46:12', 9),
(88, 8, '2020-02-13 12:46:29', 9),
(88, 9, '2020-02-13 12:46:47', 9),
(88, 10, '2020-02-13 12:47:24', 9),
(89, 5, '2020-02-13 12:52:23', 9),
(89, 6, '2020-02-13 12:52:31', 9),
(89, 7, '2020-02-13 12:52:48', 9),
(89, 8, '2020-02-13 12:53:04', 9),
(89, 9, '2020-02-13 12:53:22', 9),
(89, 10, '2020-02-13 12:53:41', 9),
(89, 11, '2020-02-13 12:54:19', 9),
(88, 11, '2020-02-13 12:54:53', 9),
(94, 5, '2020-02-13 13:01:19', 9),
(94, 6, '2020-02-13 13:01:26', 9),
(94, 6, '2020-02-13 13:01:58', 9),
(94, 7, '2020-02-13 13:02:15', 9),
(94, 8, '2020-02-13 13:02:31', 9),
(94, 9, '2020-02-13 13:02:40', 9),
(94, 10, '2020-02-13 13:03:08', 9),
(94, 11, '2020-02-13 13:04:06', 9),
(95, 5, '2020-02-13 13:06:40', 9),
(95, 6, '2020-02-13 13:06:48', 9),
(95, 7, '2020-02-13 13:07:12', 9),
(95, 8, '2020-02-13 13:07:26', 9),
(95, 9, '2020-02-13 13:07:34', 9),
(95, 10, '2020-02-13 13:07:50', 9),
(95, 11, '2020-02-13 13:08:46', 9),
(96, 5, '2020-02-13 13:10:46', 9),
(96, 6, '2020-02-13 13:10:59', 9),
(96, 7, '2020-02-13 13:11:18', 9),
(96, 8, '2020-02-13 13:11:36', 9),
(96, 9, '2020-02-13 13:11:55', 9),
(96, 10, '2020-02-13 13:12:15', 9),
(96, 11, '2020-02-13 13:13:08', 9),
(119, 2, '2020-02-14 03:13:19', 11),
(120, 2, '2020-02-14 03:16:56', 11),
(119, 13, '2020-02-14 03:24:47', 11),
(120, 13, '2020-02-14 03:24:47', 11),
(121, 2, '2020-02-14 03:44:36', 11),
(122, 2, '2020-02-14 03:46:56', 11),
(123, 2, '2020-02-14 03:48:58', 11),
(124, 2, '2020-02-14 03:51:37', 11),
(125, 2, '2020-02-14 03:54:24', 11),
(126, 2, '2020-02-14 03:56:54', 11),
(127, 2, '2020-02-14 04:05:33', 11),
(128, 2, '2020-02-14 04:09:17', 11),
(129, 2, '2020-02-14 04:11:50', 11),
(128, 2, '2020-02-14 04:12:22', 11),
(130, 2, '2020-02-14 04:15:29', 11),
(130, 13, '2020-02-14 04:17:56', 11),
(121, 13, '2020-02-14 04:22:04', 11),
(122, 13, '2020-02-14 04:22:05', 11),
(123, 13, '2020-02-14 04:22:05', 11),
(124, 13, '2020-02-14 04:22:05', 11),
(125, 13, '2020-02-14 04:22:05', 11),
(126, 13, '2020-02-14 04:22:05', 11),
(127, 13, '2020-02-14 04:22:05', 11),
(128, 13, '2020-02-14 04:22:05', 11),
(129, 13, '2020-02-14 04:22:06', 11),
(121, 13, '2020-02-14 04:22:11', 11),
(122, 13, '2020-02-14 04:22:11', 11),
(123, 13, '2020-02-14 04:22:11', 11),
(124, 13, '2020-02-14 04:22:11', 11),
(125, 13, '2020-02-14 04:22:11', 11),
(126, 13, '2020-02-14 04:22:11', 11),
(127, 13, '2020-02-14 04:22:11', 11),
(128, 13, '2020-02-14 04:22:12', 11),
(129, 13, '2020-02-14 04:22:12', 11),
(131, 1, '2020-02-14 04:55:54', 11),
(132, 1, '2020-02-14 04:57:19', 11),
(133, 1, '2020-02-14 04:58:46', 11),
(134, 1, '2020-02-14 05:00:37', 11),
(131, 13, '2020-02-14 05:03:33', 11),
(132, 13, '2020-02-14 05:03:33', 11),
(133, 13, '2020-02-14 05:03:33', 11),
(134, 13, '2020-02-14 05:03:34', 11),
(109, 5, '2020-02-14 05:48:59', 9),
(135, 2, '2020-02-14 05:49:04', 11),
(109, 6, '2020-02-14 05:49:07', 9),
(109, 7, '2020-02-14 05:49:29', 9),
(109, 8, '2020-02-14 05:49:54', 9),
(109, 9, '2020-02-14 05:50:05', 9),
(136, 2, '2020-02-14 05:50:30', 11),
(109, 10, '2020-02-14 05:50:32', 9),
(137, 2, '2020-02-14 05:51:25', 11),
(137, 2, '2020-02-14 05:51:37', 11),
(137, 2, '2020-02-14 05:51:49', 11),
(109, 11, '2020-02-14 05:52:49', 9),
(112, 5, '2020-02-14 05:54:22', 9),
(112, 6, '2020-02-14 05:54:29', 9),
(112, 7, '2020-02-14 05:54:45', 9),
(112, 8, '2020-02-14 05:55:05', 9),
(138, 2, '2020-02-14 05:55:09', 11),
(112, 9, '2020-02-14 05:55:14', 9),
(112, 10, '2020-02-14 05:55:31', 9),
(112, 11, '2020-02-14 05:55:58', 9),
(139, 2, '2020-02-14 05:57:04', 11),
(140, 2, '2020-02-14 05:57:57', 11),
(111, 5, '2020-02-14 05:58:30', 9),
(111, 6, '2020-02-14 05:58:36', 9),
(111, 7, '2020-02-14 05:59:14', 9),
(111, 8, '2020-02-14 05:59:34', 9),
(111, 9, '2020-02-14 05:59:42', 9),
(111, 10, '2020-02-14 06:00:03', 9),
(111, 11, '2020-02-14 06:00:34', 9),
(135, 13, '2020-02-14 06:00:36', 11),
(136, 13, '2020-02-14 06:00:36', 11),
(137, 13, '2020-02-14 06:00:36', 11),
(138, 13, '2020-02-14 06:00:37', 11),
(139, 13, '2020-02-14 06:00:37', 11),
(140, 13, '2020-02-14 06:00:37', 11),
(110, 5, '2020-02-14 06:02:45', 9),
(110, 6, '2020-02-14 06:03:23', 9),
(110, 7, '2020-02-14 06:03:45', 9),
(110, 8, '2020-02-14 06:03:59', 9),
(110, 9, '2020-02-14 06:04:10', 9),
(110, 10, '2020-02-14 06:04:28', 9),
(110, 11, '2020-02-14 06:04:57', 9),
(108, 6, '2020-02-14 06:07:37', 9),
(108, 7, '2020-02-14 06:07:56', 9),
(108, 8, '2020-02-14 06:08:09', 9),
(105, 5, '2020-02-14 06:34:03', 9),
(105, 6, '2020-02-14 06:34:13', 9),
(141, 2, '2020-02-14 06:47:50', 11),
(141, 13, '2020-02-14 06:49:39', 11),
(136, 4, '2020-02-14 07:18:29', 6),
(137, 4, '2020-02-14 07:18:58', 6),
(138, 4, '2020-02-14 07:20:32', 6),
(139, 4, '2020-02-14 07:21:01', 6),
(140, 4, '2020-02-14 07:21:36', 6),
(135, 4, '2020-02-14 07:22:40', 6),
(142, 2, '2020-02-14 07:48:50', 11),
(142, 13, '2020-02-14 07:52:05', 11),
(143, 13, '2020-02-14 07:59:13', 11),
(74, 6, '2020-02-14 08:20:15', 9),
(74, 7, '2020-02-14 08:30:53', 9),
(74, 8, '2020-02-14 08:31:10', 9),
(74, 9, '2020-02-14 08:31:31', 9),
(74, 10, '2020-02-14 08:31:48', 9),
(74, 11, '2020-02-14 08:32:18', 9),
(105, 7, '2020-02-14 08:32:46', 9),
(105, 8, '2020-02-14 08:33:05', 9),
(105, 9, '2020-02-14 08:33:16', 9),
(105, 10, '2020-02-14 08:33:32', 9),
(105, 11, '2020-02-14 08:34:01', 9),
(108, 9, '2020-02-14 08:34:19', 9),
(108, 10, '2020-02-14 08:34:40', 9),
(108, 11, '2020-02-14 08:35:20', 9),
(132, 4, '2020-02-14 08:40:32', 6),
(131, 4, '2020-02-14 08:41:43', 6),
(133, 4, '2020-02-14 08:42:34', 6),
(134, 4, '2020-02-14 08:43:35', 6),
(142, 4, '2020-02-14 08:44:33', 6),
(71, 6, '2020-02-18 05:42:29', 1),
(71, 7, '2020-02-18 05:42:54', 1),
(71, 8, '2020-02-18 05:58:07', 1),
(71, 9, '2020-02-18 05:58:33', 1),
(71, 9, '2020-02-18 06:09:27', 1),
(71, 9, '2020-02-18 06:09:40', 1),
(71, 10, '2020-02-18 06:13:16', 1),
(144, 1, '2020-02-18 18:20:27', 1),
(145, 2, '2020-02-18 18:24:04', 1),
(145, 4, '2020-02-18 18:26:37', 1),
(144, 13, '2020-02-18 18:27:47', 1),
(72, 4, '2020-02-18 19:00:10', 1),
(72, 4, '2020-02-18 19:02:10', 1),
(72, 4, '2020-02-18 19:02:34', 1),
(146, 2, '2020-02-25 07:59:50', 1),
(146, 4, '2020-02-25 08:00:38', 1),
(6, 12, '2020-02-25 08:27:13', 1),
(147, 2, '2020-02-25 08:30:26', 1),
(147, 15, '2020-02-25 08:31:21', 1),
(147, 15, '2020-02-25 08:34:07', 1),
(147, 13, '2020-02-25 08:37:53', 1),
(71, 6, '2020-02-26 14:31:18', 1),
(71, 7, '2020-02-26 14:31:45', 1),
(71, 8, '2020-02-26 14:31:52', 1),
(71, 9, '2020-02-26 14:32:10', 1),
(71, 10, '2020-02-26 14:32:16', 1),
(71, 11, '2020-02-26 14:32:36', 1),
(16, 14, '2020-02-26 14:32:50', 1),
(66, 14, '2020-02-26 14:34:18', 1),
(112, 14, '2020-02-26 14:34:18', 1),
(105, 14, '2020-02-26 14:34:35', 1),
(152, 13, '2020-03-05 07:36:05', 1),
(153, 13, '2020-03-05 07:36:05', 1),
(154, 13, '2020-03-05 07:36:05', 1);

-- --------------------------------------------------------

--
-- Table structure for table `receipt`
--

CREATE TABLE `receipt` (
  `id` bigint(20) NOT NULL,
  `gs_no` varchar(20) DEFAULT NULL,
  `receipt_date` date NOT NULL,
  `customer_id` int(11) NOT NULL,
  `end_customer` varchar(35) DEFAULT NULL,
  `site` varchar(50) DEFAULT NULL,
  `email` varchar(100) DEFAULT NULL,
  `courier_name` varchar(35) DEFAULT NULL,
  `docket_details` varchar(35) DEFAULT NULL,
  `total_boxes` int(10) NOT NULL,
  `status` tinyint(4) NOT NULL COMMENT '1.Open, 2.Started, 3.Closed',
  `created_by` tinyint(4) NOT NULL,
  `updated_by` tinyint(4) NOT NULL,
  `updated_at` datetime NOT NULL,
  `created_at` timestamp NOT NULL DEFAULT CURRENT_TIMESTAMP ON UPDATE CURRENT_TIMESTAMP
) ENGINE=InnoDB DEFAULT CHARSET=latin1;

--
-- Dumping data for table `receipt`
--

INSERT INTO `receipt` (`id`, `gs_no`, `receipt_date`, `customer_id`, `end_customer`, `site`, `email`, `courier_name`, `docket_details`, `total_boxes`, `status`, `created_by`, `updated_by`, `updated_at`, `created_at`) VALUES
(1, NULL, '2020-01-03', 1, NULL, 'Chennai', NULL, 'ABT', 'DOC0927', 2, 2, 1, 1, '2020-02-18 23:54:04', '2020-02-18 18:24:04'),
(2, NULL, '2020-01-07', 6, NULL, 'NR ENERGY  SOLUTIONS', 'nirmal.kumar@nrec.com', 'BY HAND', 'NA', 1, 2, 7, 7, '2020-01-07 15:11:54', '2020-01-07 09:41:54'),
(3, NULL, '2020-01-07', 8, NULL, 'ABB BANGALORE', 'rashmi.ts@abb.com', 'TCIEXPRESS', '262614774', 1, 2, 7, 7, '2020-01-07 16:36:38', '2020-01-07 11:06:38'),
(4, NULL, '2020-01-07', 9, NULL, 'PCP CONTRACTS', 'ekambaram.hariharan@ge.com', '', '', 1, 2, 7, 7, '2020-01-07 17:03:53', '2020-01-07 11:33:53'),
(5, NULL, '2020-01-07', 9, NULL, 'PCP CONTRACTS', 'ekambaram.hariharan@ge.com', '', '', 1, 2, 7, 7, '2020-02-25 14:00:26', '2020-02-25 08:30:26'),
(6, NULL, '2020-01-08', 2, NULL, 'chennai', 'krishnan.sudhakar@ge.com', 'Proffessional', 'P56439032', 2, 1, 1, 1, '2020-01-08 17:11:51', '2020-01-08 11:41:51'),
(7, NULL, '2020-02-04', 10, NULL, 'Chennai', 'snss.anil@gmail.com', 'Fedex', '814436628937', 1, 2, 13, 1, '2020-02-04 19:33:08', '2020-02-04 14:03:08'),
(8, NULL, '2020-02-04', 2, NULL, 'Shikrapur', 'shikrapur765@powergrid.co.in', 'DTDC', 'D56584466', 1, 2, 15, 15, '2020-02-06 09:56:41', '2020-02-06 04:26:41'),
(9, NULL, '2020-02-05', 11, NULL, 'TECHNO ELECTRIC&ENGINEERING LIMITED', 'jodhpur@techno.co.in', 'DTDC', 'D55902641', 1, 2, 11, 11, '2020-02-13 12:17:29', '2020-02-13 06:47:29'),
(10, NULL, '2020-02-05', 2, NULL, 'REWA', NULL, 'EMS SPEED POST', 'EI 37931745 3IN', 1, 1, 11, 11, '2020-02-06 11:43:23', '2020-02-06 06:13:23'),
(11, NULL, '2020-02-05', 1, NULL, '132KV BURAKAYAKOTA SS', 'adeonmmpl@gmail.com', 'BY HAND', 'NA', 1, 2, 11, 11, '2020-02-10 16:05:22', '2020-02-10 10:35:22'),
(12, NULL, '2020-02-05', 12, NULL, 'PGCIL', 'anbukarasu@tataprojects.com', 'DTDC', 'Z24407014', 1, 2, 11, 11, '2020-02-06 11:28:55', '2020-02-06 05:58:55'),
(13, NULL, '2020-02-06', 13, NULL, 'BHEL', 'snathdey@bhel.in', 'blue dart', '58377474875', 1, 2, 11, 11, '2020-02-08 10:01:02', '2020-02-08 04:31:02'),
(14, NULL, '2020-02-06', 14, NULL, 'SOLAR POWER PLANT', 'electrical100@refexenergy.com', 'BH HAND', 'NA', 1, 2, 11, 11, '2020-02-08 11:23:20', '2020-02-08 05:53:20'),
(15, NULL, '2020-02-06', 15, NULL, '220/110/330KV SS', 'adeeh518@mahatrasnco.in', 'DTDC', 'D56579720', 1, 2, 11, 11, '2020-02-08 10:24:49', '2020-02-08 04:54:49'),
(16, NULL, '2020-02-06', 16, NULL, 'STEAG ENERGY', 'rawat.kuldeep@ongc.co.in', 'DTDC', 'D53697078', 1, 2, 11, 11, '2020-02-08 10:51:33', '2020-02-08 05:21:33'),
(17, NULL, '2020-02-06', 17, NULL, 'POPULAR SWITCH GEAR GUJARAT', 'gondequality@popularswitchgears.co.in', 'blue dart', '506675842313', 1, 2, 11, 11, '2020-02-08 11:37:45', '2020-02-08 06:07:45'),
(18, NULL, '2020-02-06', 11, NULL, 'TECHNO ELECTRIC&ENGINEERING LIMITED', 'site.bikaner@techno.co.in', 'DTDC', 'D55902622', 2, 2, 11, 11, '2020-02-08 11:50:26', '2020-02-08 06:20:26'),
(19, NULL, '2020-02-06', 19, NULL, 'KOLHAPUR', 'adeeh605@mahatransco.in', 'BY HAND', 'NA', 1, 2, 11, 11, '2020-02-08 12:08:46', '2020-02-08 06:38:46'),
(20, NULL, '2020-02-08', 20, NULL, 'BILASPUR', 'jaiprakashpatel@ntpc.co.in', 'by hand', 'NA', 1, 2, 11, 11, '2020-02-08 12:47:44', '2020-02-08 07:17:44'),
(21, NULL, '2020-02-08', 11, NULL, 'Rajasthan', NULL, 'DTDC', 'D55902622', 2, 1, 1, 1, '2020-02-08 13:06:18', '2020-02-08 07:36:18'),
(22, NULL, '2020-02-08', 2, NULL, 'PGCIL', NULL, '', 'WFA', 1, 2, 15, 15, '2020-02-08 16:15:12', '2020-02-08 10:45:12'),
(23, NULL, '2020-02-08', 21, NULL, 'GUJARAT', NULL, '', 'WFA', 1, 2, 15, 15, '2020-02-08 16:22:34', '2020-02-08 10:52:34'),
(24, NULL, '2020-02-08', 2, NULL, 'PGCIL', NULL, '', 'WFA', 1, 2, 15, 15, '2020-02-08 16:31:08', '2020-02-08 11:01:08'),
(25, NULL, '2020-02-08', 19, NULL, 'BIKANER', NULL, '', 'WFA', 1, 2, 11, 11, '2020-02-08 16:31:54', '2020-02-08 11:01:54'),
(26, NULL, '2020-02-08', 2, NULL, 'PGCIL', NULL, '', 'WFA', 1, 2, 15, 15, '2020-02-08 16:38:01', '2020-02-08 11:08:01'),
(27, NULL, '2020-02-08', 2, NULL, 'PGCIL', NULL, '', 'WFA', 1, 2, 15, 15, '2020-02-08 16:40:47', '2020-02-08 11:10:47'),
(28, NULL, '2020-02-08', 2, NULL, 'PGCIL', NULL, '', 'WFA', 1, 2, 15, 15, '2020-02-08 16:43:14', '2020-02-08 11:13:14'),
(29, NULL, '2020-02-08', 21, NULL, 'GETCO', NULL, '', 'WFA', 1, 2, 15, 15, '2020-02-08 16:46:41', '2020-02-08 11:16:41'),
(30, NULL, '2020-02-08', 15, NULL, 'MAHARASHTRA', NULL, '', 'WFA', 1, 2, 11, 11, '2020-02-08 16:52:41', '2020-02-08 11:22:41'),
(31, NULL, '2020-02-08', 21, NULL, 'GETCO', NULL, '', 'WFA', 1, 2, 15, 15, '2020-02-08 16:48:46', '2020-02-08 11:18:46'),
(32, NULL, '2020-02-08', 21, NULL, 'GETCO', NULL, '', 'WFA', 1, 2, 15, 15, '2020-02-08 16:51:28', '2020-02-08 11:21:28'),
(33, NULL, '2020-02-08', 21, NULL, 'GETCO', NULL, '', 'WFA', 1, 2, 11, 11, '2020-02-08 16:55:49', '2020-02-08 11:25:49'),
(34, NULL, '2020-02-08', 2, NULL, 'PGCIL', NULL, '', 'WFA', 1, 2, 15, 15, '2020-02-08 16:55:56', '2020-02-08 11:25:56'),
(35, NULL, '2020-02-08', 2, NULL, 'PGCIL', NULL, '', 'WFA', 1, 2, 15, 15, '2020-02-08 16:57:45', '2020-02-08 11:27:45'),
(36, NULL, '2020-02-08', 2, NULL, 'PGCIL', NULL, '', 'WFA', 1, 2, 15, 15, '2020-02-08 16:59:01', '2020-02-08 11:29:01'),
(37, NULL, '2020-02-08', 21, NULL, 'GETCO', NULL, '', 'WFA', 1, 2, 11, 11, '2020-02-08 16:59:35', '2020-02-08 11:29:35'),
(38, NULL, '2020-02-08', 2, NULL, 'PGCIL', NULL, '', 'WFA', 1, 2, 15, 15, '2020-02-08 17:00:23', '2020-02-08 11:30:23'),
(39, NULL, '2020-02-08', 2, NULL, 'PGCIL', NULL, '', 'WFA', 1, 2, 15, 15, '2020-02-08 17:01:45', '2020-02-08 11:31:45'),
(40, NULL, '2020-02-08', 2, NULL, 'PGCIL', NULL, '', 'WFA', 1, 2, 15, 15, '2020-02-08 17:03:15', '2020-02-08 11:33:15'),
(41, NULL, '2020-02-08', 2, NULL, 'PGCIL', NULL, '', 'WFA', 1, 2, 15, 15, '2020-02-08 17:04:48', '2020-02-08 11:34:48'),
(42, NULL, '2020-02-08', 2, NULL, 'PGCIL', NULL, '', 'WFA', 1, 2, 15, 15, '2020-02-08 17:07:48', '2020-02-08 11:37:48'),
(43, NULL, '2020-02-08', 15, NULL, 'MAHARASHTRA', NULL, '', 'WFA', 1, 2, 11, 11, '2020-02-08 17:12:00', '2020-02-08 11:42:00'),
(44, NULL, '2020-02-08', 15, NULL, 'MAHARASHTRA', NULL, '', 'WFA', 1, 2, 15, 15, '2020-02-08 17:13:11', '2020-02-08 11:43:11'),
(45, NULL, '2020-02-08', 15, NULL, 'MAHARASHTRA', NULL, '', 'WFA', 1, 2, 11, 11, '2020-02-08 17:18:13', '2020-02-08 11:48:13'),
(46, NULL, '2020-02-08', 15, NULL, 'MAHARASHTRA', NULL, '', 'WFA', 1, 2, 15, 15, '2020-02-08 17:15:45', '2020-02-08 11:45:45'),
(47, NULL, '2020-02-08', 18, NULL, 'Rajasthan', NULL, '', 'WFA', 1, 2, 11, 11, '2020-02-08 17:20:56', '2020-02-08 11:50:56'),
(48, NULL, '2020-02-08', 7, NULL, 'KPTCL', NULL, '', 'WFA', 1, 2, 11, 11, '2020-02-08 17:25:03', '2020-02-08 11:55:03'),
(49, NULL, '2020-02-08', 2, NULL, 'BIKANER', NULL, 'MARUTI', '19537710003223', 1, 2, 11, 11, '2020-02-11 14:22:15', '2020-02-11 08:52:15'),
(50, NULL, '2020-02-08', 22, NULL, 'new delhi', NULL, 'BLUE DART', '50653380584', 3, 2, 11, 11, '2020-02-10 15:11:03', '2020-02-10 09:41:03'),
(51, NULL, '2020-02-08', 22, NULL, 'PALANPUR', NULL, 'MARUTI', '71000421586', 1, 2, 11, 11, '2020-02-11 10:06:17', '2020-02-11 04:36:17'),
(52, NULL, '2020-02-08', 23, NULL, 'ERODE', 'stores_u1@sakthisugars.com', 'DTDC', 'D56848871', 1, 2, 11, 11, '2020-02-10 09:55:36', '2020-02-10 04:25:36'),
(53, NULL, '2020-02-10', 24, NULL, 'NEYVELI', 'dheeraj1.gupta@ge.com', '', 'BY HAND', 1, 2, 15, 15, '2020-02-10 16:55:30', '2020-02-10 11:25:30'),
(54, NULL, '2020-02-10', 15, NULL, 'KOLHAPUR', 'ee3230@mahatransco.in', NULL, 'BY HAND', 1, 2, 15, 15, '2020-02-13 14:04:17', '2020-02-13 08:34:17'),
(55, NULL, '2020-02-10', 25, NULL, 'Chennai', 'srivari.relay@gmail.com', 'BY HAND', '', 2, 2, 1, 1, '2020-02-12 09:30:14', '2020-02-12 04:00:14'),
(56, NULL, '2020-02-10', 26, NULL, 'MEDINIPUR', NULL, 'DTDC', 'K23625572', 1, 2, 11, 11, '2020-02-11 10:48:27', '2020-02-11 05:18:27'),
(57, NULL, '2020-02-10', 27, NULL, 'RAMGARH', NULL, 'DTDC', 'K23531837', 1, 2, 11, 11, '2020-02-11 13:52:51', '2020-02-11 08:22:51'),
(58, NULL, '2020-02-10', 28, NULL, 'TELANGANA', NULL, 'ICL', '100002788381', 1, 2, 11, 11, '2020-02-11 11:46:32', '2020-02-11 06:16:32'),
(59, NULL, '2020-02-11', 2, NULL, 'VARANASI', NULL, 'DTDC', 'D90632137', 1, 2, 11, 11, '2020-02-12 14:36:42', '2020-02-12 09:06:42'),
(60, NULL, '2020-02-11', 21, NULL, 'AHMADABAD', NULL, 'DTDC', 'D57190805', 1, 2, 11, 11, '2020-02-12 14:09:40', '2020-02-12 08:39:40'),
(61, NULL, '2020-02-11', 29, NULL, 'KARNATAKA', NULL, 'DTDC', 'B70428156', 1, 2, 11, 11, '2020-02-12 13:49:27', '2020-02-12 08:19:27'),
(62, NULL, '2020-02-11', 30, NULL, 'MAHARASHTRA', NULL, 'DTDC', 'D57141261', 1, 2, 15, 15, '2020-02-13 12:03:07', '2020-02-13 06:33:07'),
(63, NULL, '2020-02-12', 31, NULL, 'sikkim', 'nitin.chandel@dansenergy.com', 'DTDC', 'D55724079', 1, 2, 11, 11, '2020-02-12 08:44:29', '2020-02-12 03:14:29'),
(64, NULL, '2020-02-12', 32, NULL, 'ERODE', 'aeemrtgobi@tnebnet.org', 'BY HAND', 'NA', 1, 2, 11, 11, '2020-02-12 09:02:07', '2020-02-12 03:32:07'),
(65, NULL, '2020-02-13', 33, NULL, 'NEW DELHI', NULL, 'BLUE DART', '50647439312', 1, 2, 11, 11, '2020-02-13 10:18:40', '2020-02-13 04:48:40'),
(66, NULL, '2020-02-13', 2, NULL, 'BIHAR', NULL, 'THE PROFESSIONAL', 'PAT50419182', 1, 2, 11, 11, '2020-02-13 11:43:01', '2020-02-13 06:13:01'),
(67, NULL, '2020-02-13', 3, NULL, 'BANGALORE', NULL, 'ST COURIER', '63130992352', 1, 2, 10, 10, '2020-02-14 08:46:56', '2020-02-14 03:16:56'),
(68, NULL, '2020-02-13', 34, NULL, 'CHATTISGARH', NULL, 'DTDC', 'G90790836', 3, 2, 11, 11, '2020-02-14 09:45:29', '2020-02-14 04:15:29'),
(69, NULL, '2020-02-13', 22, NULL, 'NEW DELHI', NULL, 'BLUE DART', '50653380654', 2, 1, 11, 11, '2020-02-13 16:34:51', '2020-02-13 11:04:51'),
(70, NULL, '2020-02-13', 35, NULL, 'JAIPUR', NULL, 'BLUE DART', '50677179980', 1, 2, 11, 11, '2020-02-14 12:17:50', '2020-02-14 06:47:50'),
(71, NULL, '2020-02-13', 35, NULL, 'JAIPUR', NULL, 'TRACKON', '500072053085', 1, 1, 11, 11, '2020-02-13 16:39:11', '2020-02-13 11:09:11'),
(72, NULL, '2020-02-13', 36, NULL, 'KOLKATA', NULL, 'TRACKON', '500064514370', 1, 1, 11, 11, '2020-02-13 16:44:06', '2020-02-13 11:14:06'),
(73, NULL, '2020-02-13', 37, NULL, 'HIMACHAL PRADESH', NULL, 'TRACKON', '500077255688', 1, 1, 11, 11, '2020-02-13 16:47:42', '2020-02-13 11:17:42'),
(74, NULL, '2020-02-13', 2, NULL, 'GUJARAT', NULL, 'TCI EXPRESS', '178885103', 1, 2, 11, 11, '2020-02-14 10:30:37', '2020-02-14 05:00:37'),
(75, NULL, '2020-02-13', 7, NULL, 'HAVERI', 'nodalofficerhaveri@gmail.com', 'hvc', '2254100', 1, 2, 11, 11, '2020-02-13 17:44:38', '2020-02-13 12:14:38'),
(76, NULL, '2020-02-14', 38, NULL, 'CHENNAI', 'guna.vinothkumar@ge.com', 'by hand', '', 5, 2, 11, 11, '2020-02-14 11:27:57', '2020-02-14 05:57:57'),
(77, NULL, '2020-02-14', 9, NULL, 'CHENNAI', 'ekambarm.hariaharan@ge.com', 'by hand', '', 1, 2, 11, 11, '2020-02-25 13:29:50', '2020-02-25 07:59:50');

-- --------------------------------------------------------

--
-- Table structure for table `rma`
--

CREATE TABLE `rma` (
  `id` bigint(20) NOT NULL,
  `receipt_id` bigint(20) NOT NULL,
  `gs_no` varchar(50) DEFAULT NULL,
  `act_reference` varchar(50) DEFAULT NULL,
  `date` date DEFAULT NULL,
  `customer_address_id` int(11) DEFAULT NULL,
  `end_customer` varchar(50) DEFAULT NULL,
  `status` tinyint(4) NOT NULL COMMENT '1.Open, 2.Saved, 3.Completed',
  `service_type` tinyint(4) NOT NULL DEFAULT '1' COMMENT '1.Physical, 2.Site Card',
  `created_by` int(11) NOT NULL,
  `updated_by` int(11) DEFAULT NULL,
  `created_at` timestamp NOT NULL DEFAULT CURRENT_TIMESTAMP ON UPDATE CURRENT_TIMESTAMP,
  `updated_at` datetime DEFAULT NULL
) ENGINE=InnoDB DEFAULT CHARSET=latin1;

--
-- Dumping data for table `rma`
--

INSERT INTO `rma` (`id`, `receipt_id`, `gs_no`, `act_reference`, `date`, `customer_address_id`, `end_customer`, `status`, `service_type`, `created_by`, `updated_by`, `created_at`, `updated_at`) VALUES
(40220001, 1, '', '', '2020-01-03', 1, 'GE', 3, 1, 1, 1, '2020-02-18 18:27:47', '2020-02-18 23:57:47'),
(40220002, 2, '', '', '2020-01-07', 6, 'NR ENERGY SOLUTIONS', 3, 1, 7, 7, '2020-01-07 09:44:28', '2020-01-07 15:14:28'),
(40220003, 0, '', '', '2020-01-07', NULL, 'KPTCL', 3, 2, 7, 7, '2020-01-07 10:52:09', '2020-01-07 16:22:09'),
(40220004, 3, '', '', '2020-01-07', 8, 'ABB BANGALORE', 3, 1, 7, 7, '2020-01-07 11:07:31', '2020-01-07 16:37:31'),
(40220005, 4, '', '', '2020-01-07', 9, 'PCP CONTRACTS', 3, 1, 7, 7, '2020-01-07 11:37:07', '2020-01-07 17:07:07'),
(40220006, 5, NULL, NULL, '2020-02-25', 9, 'PCP CONTRACTS', 3, 1, 1, 1, '2020-02-25 08:37:53', '2020-02-25 14:07:53'),
(40220007, 6, NULL, NULL, NULL, 2, NULL, 1, 1, 1, 1, '2020-01-08 11:41:51', '2020-01-08 17:11:51'),
(40220008, 7, '', '', '2020-02-04', 10, 'DSTPS', 3, 1, 11, 1, '2020-02-04 14:03:08', '2020-02-04 19:33:08'),
(40220009, 8, '', '', '2020-02-05', 2, 'PGCIL', 3, 1, 11, 11, '2020-02-06 04:40:19', '2020-02-06 10:10:19'),
(40220010, 9, '', '', '2020-02-05', 11, 'TECHNO ELECTRIC & ENGINEERING CO.LTD', 3, 1, 11, 11, '2020-02-13 06:47:29', '2020-02-13 12:17:29'),
(40220011, 10, NULL, NULL, NULL, 2, NULL, 1, 1, 11, 11, '2020-02-06 06:13:23', '2020-02-06 11:43:23'),
(40220012, 11, '', '', '2020-02-05', 1, 'APTRANSCO', 3, 1, 11, 11, '2020-02-10 10:36:54', '2020-02-10 16:06:54'),
(40220013, 12, NULL, NULL, '2020-02-05', 12, 'PGCIL', 3, 1, 11, 11, '2020-02-06 06:05:50', '2020-02-06 11:35:50'),
(40220014, 13, '', '', '2020-02-06', 13, 'BHEL', 3, 1, 11, 11, '2020-02-08 04:33:16', '2020-02-08 10:03:16'),
(40220015, 14, '', '', '2020-02-06', 14, 'REFEX ENERGY', 3, 1, 11, 11, '2020-02-08 05:53:20', '2020-02-08 11:23:20'),
(40220016, 15, '', '', '2020-02-06', 15, 'MAHATRANSCO', 3, 1, 11, 11, '2020-02-08 04:56:52', '2020-02-08 10:26:52'),
(40220017, 16, '', '', '2020-02-06', 16, 'ONGC', 3, 1, 11, 11, '2020-02-08 05:22:37', '2020-02-08 10:52:37'),
(40220018, 17, '', '', '2020-02-06', 17, 'POPULAR SWITCH GEAR', 3, 1, 11, 11, '2020-02-08 06:09:37', '2020-02-08 11:39:37'),
(40220019, 18, '', '', '2020-02-06', 11, 'TECHNO ELECTRIC & ENGINEERING CO.LTD', 3, 1, 11, 11, '2020-02-08 06:22:29', '2020-02-08 11:52:29'),
(40220020, 19, '', '', '2020-02-06', 19, 'MAHATRANSCO', 3, 1, 11, 11, '2020-02-08 06:40:36', '2020-02-08 12:10:36'),
(40220021, 20, '', '', '2020-02-08', 20, 'NTPC', 3, 1, 11, 11, '2020-02-08 07:22:41', '2020-02-08 12:52:41'),
(40220022, 21, NULL, NULL, NULL, 11, NULL, 1, 1, 1, NULL, '2020-02-08 07:36:18', '2020-02-08 13:06:18'),
(40220023, 22, '', '', '2020-02-08', 2, 'PGCIL', 3, 1, 15, 15, '2020-02-08 10:46:23', '2020-02-08 16:16:23'),
(40220024, 23, '', '', '2020-02-08', 21, 'GETCO', 3, 1, 15, 15, '2020-02-08 10:56:26', '2020-02-08 16:26:26'),
(40220025, 24, '', '', '2020-02-08', 2, 'PGCIL', 3, 1, 15, 15, '2020-02-08 11:04:42', '2020-02-08 16:34:42'),
(40220026, 25, '', '', '2020-02-08', 19, 'MAHATARANSCO', 3, 1, 11, 11, '2020-02-08 11:07:59', '2020-02-08 16:37:59'),
(40220027, 26, '', '', '2020-02-08', 2, 'PGCIL', 3, 1, 15, 15, '2020-02-08 11:08:35', '2020-02-08 16:38:35'),
(40220028, 27, '', '', '2020-02-08', 2, 'PGCIL', 3, 1, 15, 15, '2020-02-08 11:11:14', '2020-02-08 16:41:14'),
(40220029, 28, '', '', '2020-02-08', 2, 'PGCIL', 3, 1, 15, 15, '2020-02-08 11:13:58', '2020-02-08 16:43:58'),
(40220030, 29, '', '', '2020-02-08', 21, 'GETCO', 3, 1, 15, 15, '2020-02-08 11:17:25', '2020-02-08 16:47:25'),
(40220031, 30, '', '', '2020-02-08', 15, 'MSETCL', 3, 1, 11, 11, '2020-02-08 11:23:06', '2020-02-08 16:53:06'),
(40220032, 31, '', '', '2020-02-08', 21, 'GETCO', 3, 1, 15, 15, '2020-02-08 11:19:13', '2020-02-08 16:49:13'),
(40220033, 32, '', '', '2020-02-08', 21, 'GETCO', 3, 1, 15, 15, '2020-02-08 11:22:04', '2020-02-08 16:52:04'),
(40220034, 33, '', '', '2020-02-08', 21, 'GETCO', 3, 1, 11, 11, '2020-02-08 11:27:20', '2020-02-08 16:57:20'),
(40220035, 34, '', '', '2020-02-08', 2, 'PGCIL', 3, 1, 15, 15, '2020-02-08 11:26:32', '2020-02-08 16:56:32'),
(40220036, 35, '', '', '2020-02-08', 2, 'PGCIL', 3, 1, 15, 15, '2020-02-08 11:28:04', '2020-02-08 16:58:04'),
(40220037, 36, '', '', '2020-02-08', 2, 'PGCIL', 3, 1, 15, 15, '2020-02-08 11:29:29', '2020-02-08 16:59:29'),
(40220038, 37, '', '', '2020-02-08', 21, 'GETCO', 3, 1, 11, 11, '2020-02-08 11:30:13', '2020-02-08 17:00:13'),
(40220039, 38, '', '', '2020-02-08', 2, 'PGCIL', 3, 1, 15, 15, '2020-02-08 11:30:46', '2020-02-08 17:00:46'),
(40220040, 39, '', '', '2020-02-08', 2, 'PGCIL', 3, 1, 15, 15, '2020-02-08 11:32:08', '2020-02-08 17:02:08'),
(40220041, 40, '', '', '2020-02-08', 2, 'PGCIL', 3, 1, 15, 15, '2020-02-08 11:33:36', '2020-02-08 17:03:36'),
(40220042, 41, '', '', '2020-02-08', 2, 'PGCIL', 3, 1, 15, 15, '2020-02-08 11:35:09', '2020-02-08 17:05:09'),
(40220043, 42, '', '', '2020-02-08', 2, 'PGCIL', 3, 1, 15, 15, '2020-02-08 11:38:16', '2020-02-08 17:08:16'),
(40220044, 43, '', '', '2020-02-08', 15, 'MSETCL', 3, 1, 11, 11, '2020-02-08 11:42:37', '2020-02-08 17:12:37'),
(40220045, 44, '', '', '2020-02-08', 15, 'MSETCL', 3, 1, 15, 15, '2020-02-08 11:43:58', '2020-02-08 17:13:58'),
(40220046, 45, '', '', '2020-02-08', 15, 'MSETCL', 3, 1, 11, 11, '2020-02-08 11:48:35', '2020-02-08 17:18:35'),
(40220047, 46, '', '', '2020-02-08', 15, 'MSETCL', 3, 1, 15, 15, '2020-02-08 11:46:09', '2020-02-08 17:16:09'),
(40220048, 47, '', '', '2020-02-08', 18, 'TECHNO ELECTRIC AND ENG INEERING LTD', 3, 1, 11, 11, '2020-02-08 11:52:22', '2020-02-08 17:22:22'),
(40220049, 48, '', '', '2020-02-08', 7, 'KPTCL', 3, 1, 11, 11, '2020-02-08 11:55:35', '2020-02-08 17:25:35'),
(40220050, 49, '', '', '2020-02-11', 2, 'PGCIL', 3, 1, 11, 11, '2020-02-11 09:02:45', '2020-02-11 14:32:45'),
(40220051, 50, '', '', '2020-02-10', 22, 'L  & T', 3, 1, 1, 1, '2020-02-10 09:50:01', '2020-02-10 15:20:01'),
(40220052, 51, '', '', '2020-02-11', 22, 'GETCO', 3, 1, 11, 11, '2020-02-11 04:42:32', '2020-02-11 10:12:32'),
(40220053, 52, '', '', '2020-02-10', 23, 'SAKTHI SUGASR LTD', 3, 1, 15, 15, '2020-02-10 06:19:15', '2020-02-10 11:49:15'),
(40220054, 53, '', '', '2020-02-10', 24, 'NLC', 3, 1, 11, 11, '2020-02-10 11:28:07', '2020-02-10 16:58:07'),
(40220055, 54, '', '', '2020-02-13', 15, 'MSETCL', 3, 1, 10, 10, '2020-02-13 08:36:10', '2020-02-13 14:06:10'),
(40220056, 55, '', '', '2020-02-12', 25, 'SRIVARI AGENCIES', 3, 1, 11, 11, '2020-02-12 04:04:04', '2020-02-12 09:34:04'),
(40220057, 56, '', '', '2020-02-11', 26, 'ORISSA METALIKS', 3, 1, 11, 11, '2020-02-11 05:21:07', '2020-02-11 10:51:07'),
(40220058, 57, '', '', '2020-02-11', 27, '220/132/33KV GSS RAMGARH', 3, 1, 11, 11, '2020-02-11 08:25:10', '2020-02-11 13:55:10'),
(40220059, 58, '', '', '2020-02-11', 28, 'TSTRANSCO', 3, 1, 11, 11, '2020-02-11 06:19:29', '2020-02-11 11:49:29'),
(40220060, 0, '', '', '2020-02-11', NULL, 'PCP CONTRACTS', 3, 2, 11, 11, '2020-02-11 06:33:42', '2020-02-11 12:03:42'),
(40220061, 0, '', '', '2020-02-11', NULL, 'PCP CONTRACTS', 3, 2, 11, 11, '2020-02-11 06:45:23', '2020-02-11 12:15:23'),
(40220062, 59, '', '', '2020-02-12', 2, 'PGCIL', 3, 1, 11, 11, '2020-02-12 09:10:32', '2020-02-12 14:40:32'),
(40220063, 60, '', '', '2020-02-12', 21, 'GETCO', 3, 1, 11, 11, '2020-02-12 08:43:31', '2020-02-12 14:13:31'),
(40220064, 61, '', '', '2020-02-12', 29, 'KPCL', 3, 1, 11, 11, '2020-02-12 08:21:51', '2020-02-12 13:51:51'),
(40220065, 0, '', '', '2020-02-11', NULL, 'PROCUMENT', 3, 2, 11, 11, '2020-02-11 09:34:01', '2020-02-11 15:04:01'),
(40220066, 62, '', '', '2020-02-13', 30, 'MSETCL', 3, 1, 11, 11, '2020-02-13 06:34:23', '2020-02-13 12:04:23'),
(40220067, 63, '', '', '2020-02-12', 31, 'DANS ENERGY', 3, 1, 11, 11, '2020-02-12 03:16:02', '2020-02-12 08:46:02'),
(40220068, 64, '', '', '2020-02-12', 32, 'TANGEDCO', 3, 1, 11, 11, '2020-02-12 03:33:31', '2020-02-12 09:03:31'),
(40220069, 0, '', '', '2020-02-12', NULL, 'RRVPNL', 3, 2, 11, 11, '2020-02-12 04:30:11', '2020-02-12 10:00:11'),
(40220070, 0, NULL, NULL, '2020-02-12', NULL, 'PROCUMENT', 3, 2, 11, 11, '2020-02-13 03:27:34', '2020-02-13 08:57:34'),
(40220071, 65, '', '', '2020-02-13', 33, 'SYSTEM CONTROL', 3, 1, 11, 11, '2020-02-13 04:52:15', '2020-02-13 10:22:15'),
(40220072, 66, '', '', '2020-02-13', 2, 'TNEB', 3, 1, 11, 11, '2020-02-13 06:13:01', '2020-02-13 11:43:01'),
(40220073, 0, '', '', '2020-02-13', NULL, 'GETCO', 3, 2, 11, 11, '2020-02-13 05:32:27', '2020-02-13 11:02:27'),
(40220074, 0, '', '', '2020-02-13', NULL, 'WBPDCL', 3, 2, 11, 11, '2020-02-13 05:35:31', '2020-02-13 11:05:31'),
(40220075, 0, 'Wrong entry', NULL, '2020-02-13', NULL, 'BPCL', 3, 2, 9, 9, '2020-02-13 06:07:28', '2020-02-13 11:37:28'),
(40220076, 0, '', '', '2020-02-13', NULL, 'BPCL', 3, 2, 11, 11, '2020-02-13 06:21:13', '2020-02-13 11:51:13'),
(40220077, 67, '', '', '2020-02-14', 3, 'Venson Electric', 3, 1, 11, 11, '2020-02-14 03:24:46', '2020-02-14 08:54:46'),
(40220078, 68, '', '', '2020-02-14', 34, 'CSPTCL', 3, 1, 11, 11, '2020-02-14 04:22:10', '2020-02-14 09:52:10'),
(40220079, 69, NULL, NULL, NULL, 22, NULL, 1, 1, 11, NULL, '2020-02-13 11:04:52', '2020-02-13 16:34:52'),
(40220080, 70, '', '', '2020-02-14', 35, 'DANISH', 3, 1, 11, 11, '2020-02-14 06:49:39', '2020-02-14 12:19:39'),
(40220081, 71, NULL, NULL, NULL, 35, NULL, 1, 1, 11, NULL, '2020-02-13 11:09:11', '2020-02-13 16:39:11'),
(40220082, 72, NULL, NULL, NULL, 36, NULL, 1, 1, 11, NULL, '2020-02-13 11:14:06', '2020-02-13 16:44:06'),
(40220083, 73, NULL, NULL, NULL, 37, NULL, 1, 1, 11, NULL, '2020-02-13 11:17:42', '2020-02-13 16:47:42'),
(40220084, 74, '', '', '2020-02-14', 2, 'PGCIL', 3, 1, 11, 11, '2020-02-14 05:03:33', '2020-02-14 10:33:33'),
(40220085, 75, '', '', '2020-02-13', 7, 'KPTCL', 3, 1, 11, 11, '2020-02-13 12:17:33', '2020-02-13 17:47:33'),
(40220086, 0, '', '', '2020-02-13', NULL, 'trans global', 3, 2, 11, 11, '2020-02-13 12:34:39', '2020-02-13 18:04:39'),
(40220087, 76, '', '', '2020-02-14', 38, 'PROCUREMENT', 3, 1, 11, 11, '2020-02-14 06:00:36', '2020-02-14 11:30:36'),
(40220088, 77, '', '', '2020-02-14', 9, 'PCP CONTRACTS', 3, 1, 1, 1, '2020-02-25 08:00:38', '2020-02-25 13:30:38'),
(40220089, 0, '', '', '2020-02-14', NULL, 'KPTCL', 3, 2, 11, 11, '2020-02-14 07:59:13', '2020-02-14 13:29:13'),
(40220090, 0, '', '', '2020-03-05', NULL, 'PCP CONTRACTS', 3, 2, 1, 1, '2020-03-05 07:33:33', '2020-03-05 13:03:33'),
(40220091, 0, '', '', '2020-03-05', NULL, 'PCP CONTRACTS', 3, 2, 1, 1, '2020-03-05 07:35:08', '2020-03-05 13:05:08'),
(40220092, 0, '', '', '2020-03-05', NULL, 'PCP CONTRACTS', 3, 2, 1, 1, '2020-03-05 07:35:23', '2020-03-05 13:05:23'),
(40220093, 0, '', '', '2020-03-05', NULL, 'PCP CONTRACTS', 3, 2, 1, 1, '2020-03-05 07:35:57', '2020-03-05 13:05:57'),
(40220094, 0, '', '', '2020-03-05', NULL, 'PCP CONTRACTS', 3, 2, 1, 1, '2020-03-05 07:36:05', '2020-03-05 13:06:05');

-- --------------------------------------------------------

--
-- Table structure for table `rma_delivery_address`
--

CREATE TABLE `rma_delivery_address` (
  `id` bigint(11) NOT NULL,
  `rma_id` bigint(20) NOT NULL,
  `name` varchar(200) DEFAULT NULL,
  `address` varchar(200) DEFAULT NULL,
  `contact_person` varchar(25) DEFAULT NULL,
  `tel_no` varchar(15) DEFAULT NULL,
  `email` varchar(100) DEFAULT NULL,
  `gst` varchar(15) DEFAULT NULL,
  `created_by` int(11) NOT NULL,
  `updated_by` int(11) DEFAULT NULL,
  `created_at` timestamp NOT NULL DEFAULT CURRENT_TIMESTAMP ON UPDATE CURRENT_TIMESTAMP,
  `updated_at` datetime DEFAULT NULL
) ENGINE=InnoDB DEFAULT CHARSET=latin1;

--
-- Dumping data for table `rma_delivery_address`
--

INSERT INTO `rma_delivery_address` (`id`, `rma_id`, `name`, `address`, `contact_person`, `tel_no`, `email`, `gst`, `created_by`, `updated_by`, `created_at`, `updated_at`) VALUES
(1, 40220001, 'APTRANSCO', 'Vidyut Soudha, Gunadala,Eluru Rd, Vijayawada, Andhra Pradesh 520004', 'Praveen Kumar', '87845613366', 'praveenkumar@aptransco.co.in', '29AADCC9174H1ZA', 1, 1, '2020-02-18 18:27:47', '2020-02-18 23:57:47'),
(2, 40220002, 'NR ENERGY SOLUTIONS PVT LTD', 'PLOT NO:89 PANVEL IND \nCO-OP ESTATE LTD PANVEL\nNAVI MUMABI\nMAHARASHTRA', 'MR NIRMAL KUMAR', '9551385141', 'nirmal.kumar@nrec.com', '27AADCN9254B1ZI', 7, NULL, '2020-01-07 09:44:28', '2020-01-07 15:14:28'),
(3, 40220003, 'KPTCL', 'EXECUTIVE ENGINEER\n220KV RS MAHALINGPUR KPTCL \nRABKAVI ROAD\nMAHALINGUR-587312', 'NR JOHN DAS', '7004706833', 'john.das@ge.com', '29AABCK7281M7ZR', 7, 7, '2020-01-07 10:52:09', '2020-01-07 16:22:09'),
(4, 40220004, 'ABB', 'SERVICE CENTRE \nSB-115 3RD CROSS PEENYA INDUSTRIAL AREA \nBANGALORE', 'MRS RASHMI', '8022949687', 'rashmi.ts@abb.com', '29AAACA3834B1ZA', 7, NULL, '2020-01-07 11:07:31', '2020-01-07 16:37:31'),
(5, 40220005, 'PCP CONTRACTS', 'GE TD INDIA LTD\nPALLAVARAM', 'MR  E HARIAHRAN', '9611896000', 'ekambaram.hariharan@ge.com', '33AAACG2115R1ZO', 7, NULL, '2020-01-07 11:37:07', '2020-01-07 17:07:07'),
(6, 40220008, 'SHREE NARAYAN SALES & SERVICES', '219 B, OLD CHINA BAZZAR STREET,\n1ST FLOOR, ROOM F1,\nKOLKATA', 'Customer', '9831000165', 'snss.anil@gmail.com', '19ADWFS6995F1ZX', 11, NULL, '2020-02-04 06:41:47', '2020-02-04 12:11:47'),
(7, 40220009, 'PGCIL', 'Plot No. 54, Beside Riya-Revti Resort, Opp. Ambe Vidhyalaya, 390008, Sama-Savli Rd, Chanakyapuri Society, Kasturba Nagar, New Sama, Vadodara, Gujarat 391740', 'NikalKumar', '7463234499', 'nikalkumar.n@pgcil.com', '24AAACP0252G1ZZ', 11, NULL, '2020-02-06 04:40:19', '2020-02-06 10:10:19'),
(8, 40220010, 'TECHNO ELECTRIC & ENGINEERING CO.LTD', 'S-79,ASHIANA AMARGARH,NEW PALI ROAD SANGARIYA , JODHPUR , RAJASTHAN', 'Mr.GAUTAM', '7976076883', 'jodhpur@techno.co.in', '08AAJCS4400J1ZC', 11, NULL, '2020-02-06 04:55:10', '2020-02-06 10:25:10'),
(9, 40220012, 'APTRANSCO', 'Vidyut Soudha, Gunadala,Eluru Rd, Vijayawada, Andhra Pradesh 520004', 'Praveen Kumar', '87845613366', 'praveenkumar@aptransco.co.in', '29AADCC9174H1ZA', 11, 11, '2020-02-10 10:36:54', '2020-02-10 16:06:54'),
(10, 40220013, 'TATA PROJECTS LTD', '765/400/220KV PGCIL GSS BHADLA, VILLAGE NOOR KE BURJ , BHADLA ROAD , TEHSIL#BAP,JODHPUR', 'S.K.ANBUKARASU', '6377445918', 'anbukarasu@tatprojects.com', '08AAACT4119L1Z8', 11, 11, '2020-02-06 06:05:51', '2020-02-06 11:35:51'),
(11, 40220014, 'BHARAT HEAVY ELECTRICAL LIMITED', '3*6690 MW NPGCIL STPP\nAT SHIVANPUR  ANKHORA AURANGABAD\nBIHAR', 'MR AWADESH KUMAR', '9542491234', 'snathdey@bhel.in', '07AAACG2115R2ZI', 11, NULL, '2020-02-08 04:33:16', '2020-02-08 10:03:16'),
(12, 40220015, 'REFEX ENERGY LTD', '100 MW SOLAR POWER PLANT\nSURVEY NO:337  ONAMAKULAM \nVILLAGE KAYATHAR TALUK \nTHOOTHUKUDI', 'MR MANOHARAN', '9787831387', 'electrical100@refexenergy.com', '33AADCR9790G1Z2', 11, NULL, '2020-02-08 04:45:05', '2020-02-08 10:15:05'),
(13, 40220016, 'MSETCL', '220/110/33 KV SS \n ADDITIONAL EXECUTIVE ENG\nWATHAR KOLHAPUR', 'SHRI V S JADHAV', '8411001869', 'adeeh518@mahatrasnco.in', '27AAECM2936N1Z2', 11, NULL, '2020-02-08 04:56:52', '2020-02-08 10:26:52'),
(14, 40220017, 'STEAG ENERGY PVT LTD', 'C/O ONGC TRIPURA POWER COMPANY LTD\nPALATANA UDAIPUR GOMATI DIST\nTRIPURA', 'MR J PRASAD', '9774346331', 'rawat.kuldeep@ongc.co.in', '16AAFCS1399L1ZV', 11, NULL, '2020-02-08 05:22:37', '2020-02-08 10:52:37'),
(15, 40220018, 'POPULAR SWITCH GEAR PVT LTD', 'BLOCK NO:298/D \nMOUJE VILLAGE LASUNDRA \nTALUK SAVLI DIST \nVADODARA', 'MR SAGAR JANGAM', '0224011112', 'gondequality@popularswitchgears.co.in', '24AABCP6540N1Z8', 11, NULL, '2020-02-08 06:09:37', '2020-02-08 11:39:37'),
(16, 40220019, 'TECHNO ELECTRIC & ENGINEERING CO.LTD', 'S-79,ASHIANA AMARGARH,NEW PALI ROAD SANGARIYA , JODHPUR , RAJASTHAN', 'Mr.GAUTAM', '7976076883', 'jodhpur@techno.co.in', '08AAJCS4400J1ZC', 11, NULL, '2020-02-08 06:22:29', '2020-02-08 11:52:29'),
(17, 40220020, 'MAHATRANSCO', '220/132/33 KV SS BIDRI\nA/P BIDRI TALUKA KAGAL DISTRICT\nKOLHAPUR', 'MR RANJIT CHAVAN', '8411001817', 'adeeh605@mahatransco.in', '27AAECM2936N1Z2', 11, NULL, '2020-02-08 06:40:36', '2020-02-08 12:10:36'),
(18, 40220021, 'NTPC', 'NTPC SWITCHYARD SIPAT BILLASPUR', 'MR J P PATEL', '9424140838', 'jaiprakashpatel@ntpc.co.in', '23AAACL0140P3ZP', 11, 11, '2020-02-08 07:22:41', '2020-02-08 12:52:41'),
(19, 40220023, 'PGCIL', 'Plot No. 54, Beside Riya-Revti Resort, Opp. Ambe Vidhyalaya, 390008, Sama-Savli Rd, Chanakyapuri Society, Kasturba Nagar, New Sama, Vadodara, Gujarat 391740', 'NikalKumar', '7463234499', 'nikalkumar.n@pgcil.com', '24AAACP0252G1ZZ', 15, NULL, '2020-02-08 10:46:23', '2020-02-08 16:16:23'),
(20, 40220024, 'GETCO', 'GETCO 220KV RANASAN SS,S.P RING ROAD CIRCLE RANASAN,NEAR NANA CHILODA,AJMEDABAD', 'desscharaj', '9925208562', 'desscharaj.getco@gebmail.com', '24AABCG4029R2ZC', 15, NULL, '2020-02-08 10:56:26', '2020-02-08 16:26:26'),
(21, 40220025, 'PGCIL', 'Plot No. 54, Beside Riya-Revti Resort, Opp. Ambe Vidhyalaya, 390008, Sama-Savli Rd, Chanakyapuri Society, Kasturba Nagar, New Sama, Vadodara, Gujarat 391740', 'NikalKumar', '7463234499', 'nikalkumar.n@pgcil.com', '24AAACP0252G1ZZ', 15, NULL, '2020-02-08 11:04:43', '2020-02-08 16:34:43'),
(22, 40220026, 'MAHATRANSCO', '220/132/33 KV SS BIDRI\nA/P BIDRI TALUKA KAGAL DISTRICT\nKOLHAPUR', 'MR RANJIT CHAVAN', '8411001817', 'adeeh605@mahatransco.in', '27AAECM2936N1Z2', 11, 11, '2020-02-08 11:07:59', '2020-02-08 16:37:59'),
(23, 40220027, 'PGCIL', 'Plot No. 54, Beside Riya-Revti Resort, Opp. Ambe Vidhyalaya, 390008, Sama-Savli Rd, Chanakyapuri Society, Kasturba Nagar, New Sama, Vadodara, Gujarat 391740', 'NikalKumar', '7463234499', 'nikalkumar.n@pgcil.com', '24AAACP0252G1ZZ', 15, NULL, '2020-02-08 11:08:35', '2020-02-08 16:38:35'),
(24, 40220028, 'PGCIL', 'Plot No. 54, Beside Riya-Revti Resort, Opp. Ambe Vidhyalaya, 390008, Sama-Savli Rd, Chanakyapuri Society, Kasturba Nagar, New Sama, Vadodara, Gujarat 391740', 'NikalKumar', '7463234499', 'nikalkumar.n@pgcil.com', '24AAACP0252G1ZZ', 15, NULL, '2020-02-08 11:11:14', '2020-02-08 16:41:14'),
(25, 40220029, 'PGCIL', 'Plot No. 54, Beside Riya-Revti Resort, Opp. Ambe Vidhyalaya, 390008, Sama-Savli Rd, Chanakyapuri Society, Kasturba Nagar, New Sama, Vadodara, Gujarat 391740', 'NikalKumar', '7463234499', 'nikalkumar.n@pgcil.com', '24AAACP0252G1ZZ', 15, NULL, '2020-02-08 11:13:58', '2020-02-08 16:43:58'),
(26, 40220030, 'GETCO', 'GETCO 220KV RANASAN SS,S.P RING ROAD CIRCLE RANASAN,NEAR NANA CHILODA,AJMEDABAD', 'desscharaj', '9925208562', 'desscharaj.getco@gebmail.com', '24AABCG4029R2ZC', 15, NULL, '2020-02-08 11:17:25', '2020-02-08 16:47:25'),
(27, 40220031, 'MSETCL', '220/110/33 KV SS \n ADDITIONAL EXECUTIVE ENG\nWATHAR KOLHAPUR', 'SHRI V S JADHAV', '8411001869', 'adeeh518@mahatrasnco.in', '27AAECM2936N1Z2', 11, 11, '2020-02-08 11:23:06', '2020-02-08 16:53:06'),
(28, 40220032, 'GETCO', 'GETCO 220KV RANASAN SS,S.P RING ROAD CIRCLE RANASAN,NEAR NANA CHILODA,AJMEDABAD', 'desscharaj', '9925208562', 'desscharaj.getco@gebmail.com', '24AABCG4029R2ZC', 15, NULL, '2020-02-08 11:19:13', '2020-02-08 16:49:13'),
(29, 40220033, 'GETCO', 'GETCO 220KV RANASAN SS,S.P RING ROAD CIRCLE RANASAN,NEAR NANA CHILODA,AJMEDABAD', 'desscharaj', '9925208562', 'desscharaj.getco@gebmail.com', '24AABCG4029R2ZC', 15, NULL, '2020-02-08 11:22:04', '2020-02-08 16:52:04'),
(30, 40220035, 'PGCIL', 'Plot No. 54, Beside Riya-Revti Resort, Opp. Ambe Vidhyalaya, 390008, Sama-Savli Rd, Chanakyapuri Society, Kasturba Nagar, New Sama, Vadodara, Gujarat 391740', 'NikalKumar', '7463234499', 'nikalkumar.n@pgcil.com', '24AAACP0252G1ZZ', 15, NULL, '2020-02-08 11:26:32', '2020-02-08 16:56:32'),
(31, 40220034, 'GETCO', 'GETCO 220KV RANASAN SS,S.P RING ROAD CIRCLE RANASAN,NEAR NANA CHILODA,AJMEDABAD', 'desscharaj', '9925208562', 'desscharaj.getco@gebmail.com', '24AABCG4029R2ZC', 11, NULL, '2020-02-08 11:27:21', '2020-02-08 16:57:21'),
(32, 40220036, 'PGCIL', 'Plot No. 54, Beside Riya-Revti Resort, Opp. Ambe Vidhyalaya, 390008, Sama-Savli Rd, Chanakyapuri Society, Kasturba Nagar, New Sama, Vadodara, Gujarat 391740', 'NikalKumar', '7463234499', 'nikalkumar.n@pgcil.com', '24AAACP0252G1ZZ', 15, NULL, '2020-02-08 11:28:04', '2020-02-08 16:58:04'),
(33, 40220037, 'PGCIL', 'Plot No. 54, Beside Riya-Revti Resort, Opp. Ambe Vidhyalaya, 390008, Sama-Savli Rd, Chanakyapuri Society, Kasturba Nagar, New Sama, Vadodara, Gujarat 391740', 'NikalKumar', '7463234499', 'nikalkumar.n@pgcil.com', '24AAACP0252G1ZZ', 15, NULL, '2020-02-08 11:29:29', '2020-02-08 16:59:29'),
(34, 40220038, 'GETCO', 'GETCO 220KV RANASAN SS,S.P RING ROAD CIRCLE RANASAN,NEAR NANA CHILODA,AJMEDABAD', 'desscharaj', '9925208562', 'desscharaj.getco@gebmail.com', '24AABCG4029R2ZC', 11, NULL, '2020-02-08 11:30:13', '2020-02-08 17:00:13'),
(35, 40220039, 'PGCIL', 'Plot No. 54, Beside Riya-Revti Resort, Opp. Ambe Vidhyalaya, 390008, Sama-Savli Rd, Chanakyapuri Society, Kasturba Nagar, New Sama, Vadodara, Gujarat 391740', 'NikalKumar', '7463234499', 'nikalkumar.n@pgcil.com', '24AAACP0252G1ZZ', 15, NULL, '2020-02-08 11:30:46', '2020-02-08 17:00:46'),
(36, 40220040, 'PGCIL', 'Plot No. 54, Beside Riya-Revti Resort, Opp. Ambe Vidhyalaya, 390008, Sama-Savli Rd, Chanakyapuri Society, Kasturba Nagar, New Sama, Vadodara, Gujarat 391740', 'NikalKumar', '7463234499', 'nikalkumar.n@pgcil.com', '24AAACP0252G1ZZ', 15, NULL, '2020-02-08 11:32:08', '2020-02-08 17:02:08'),
(37, 40220041, 'PGCIL', 'Plot No. 54, Beside Riya-Revti Resort, Opp. Ambe Vidhyalaya, 390008, Sama-Savli Rd, Chanakyapuri Society, Kasturba Nagar, New Sama, Vadodara, Gujarat 391740', 'NikalKumar', '7463234499', 'nikalkumar.n@pgcil.com', '24AAACP0252G1ZZ', 15, NULL, '2020-02-08 11:33:36', '2020-02-08 17:03:36'),
(38, 40220042, 'PGCIL', 'Plot No. 54, Beside Riya-Revti Resort, Opp. Ambe Vidhyalaya, 390008, Sama-Savli Rd, Chanakyapuri Society, Kasturba Nagar, New Sama, Vadodara, Gujarat 391740', 'NikalKumar', '7463234499', 'nikalkumar.n@pgcil.com', '24AAACP0252G1ZZ', 15, NULL, '2020-02-08 11:35:09', '2020-02-08 17:05:09'),
(39, 40220043, 'PGCIL', 'Plot No. 54, Beside Riya-Revti Resort, Opp. Ambe Vidhyalaya, 390008, Sama-Savli Rd, Chanakyapuri Society, Kasturba Nagar, New Sama, Vadodara, Gujarat 391740', 'NikalKumar', '7463234499', 'nikalkumar.n@pgcil.com', '24AAACP0252G1ZZ', 15, NULL, '2020-02-08 11:38:16', '2020-02-08 17:08:16'),
(40, 40220044, 'MSETCL', '220/110/33 KV SS \n ADDITIONAL EXECUTIVE ENG\nWATHAR KOLHAPUR', 'SHRI V S JADHAV', '8411001869', 'adeeh518@mahatrasnco.in', '27AAECM2936N1Z2', 11, NULL, '2020-02-08 11:42:37', '2020-02-08 17:12:37'),
(41, 40220045, 'MSETCL', '220/110/33 KV SS \n ADDITIONAL EXECUTIVE ENG\nWATHAR KOLHAPUR', 'SHRI V S JADHAV', '8411001869', 'adeeh518@mahatrasnco.in', '27AAECM2936N1Z2', 15, NULL, '2020-02-08 11:43:58', '2020-02-08 17:13:58'),
(42, 40220046, 'MSETCL', '220/110/33 KV SS \n ADDITIONAL EXECUTIVE ENG\nWATHAR KOLHAPUR', 'SHRI V S JADHAV', '8411001869', 'adeeh518@mahatrasnco.in', '27AAECM2936N1Z2', 11, 11, '2020-02-08 11:48:35', '2020-02-08 17:18:35'),
(43, 40220047, 'MSETCL', '220/110/33 KV SS \n ADDITIONAL EXECUTIVE ENG\nWATHAR KOLHAPUR', 'SHRI V S JADHAV', '8411001869', 'adeeh518@mahatrasnco.in', '27AAECM2936N1Z2', 15, NULL, '2020-02-08 11:46:09', '2020-02-08 17:16:09'),
(44, 40220048, 'TECHNO ELECTRIC AND ENG INEERING LTD', 'RAJSUKH PALACE TILAKNAGAR\nNEAR SOFIA SCHOOL BIKANEER \nRAJASTHAN', 'MR TARAK NANDY', '7989108029', 'site.bikaner@techno.co.in', '08AAJCS4400J1ZC', 11, NULL, '2020-02-08 11:52:22', '2020-02-08 17:22:22'),
(45, 40220049, 'KPTCL', 'EXECUTIVE ENGINEER \n220KV RS MAHALINGPUR KPTCL \nRABKAVI ROAD\nMAHALINGUR', 'MR. JOHN DAS', '7004706833', 'john.das@ge.com', '29AABCK7281M7ZR', 11, NULL, '2020-02-08 11:55:35', '2020-02-08 17:25:35'),
(46, 40220053, 'SAKTHI SUGARS LIMITED', 'SAKTHI NAGAR , BHAVANI ERODE DISTRICT', '---', '04422648164', 'stores_u1@sakthisugars.com', '33AADCS0651B1Z1', 15, NULL, '2020-02-10 06:19:15', '2020-02-10 11:49:15'),
(47, 40220051, 'L&T ELECTRICAL AUTOMATION', '32,SHIVAJI MARG,NEAR MATI NAGAR , NEW DELHI', 'YASHVEER SINGH', '911141419621', 'yashveer.singh@gmail.com', '07AAACL0140P2ZK', 1, NULL, '2020-02-10 09:50:01', '2020-02-10 15:20:01'),
(48, 40220054, 'NLC', 'VILLA NO-32 , RAMAMOORTHI REDDIYAR NAGAR , P.O.GANDHI NAGAR , VADAKUTHU , NEYVELI', 'DHEERAJ GUPTA', '8280051374', 'dheeraj1.gupta@ge.com', '33AAACN1121C1ZG', 11, NULL, '2020-02-10 11:28:07', '2020-02-10 16:58:07'),
(49, 40220052, 'GETCO', 'CONSTRUCTION  SUB DIVISION OFFICE\n220 KV PALANPUR S/S COMPOUND \nAMBAJI ROAD SADARPUR PALANPUR', 'SHRI P C SONI', '9925212403', 'deconstpln.getco@gebmail.com', '24AABCG4029R2ZC', 11, NULL, '2020-02-11 04:42:33', '2020-02-11 10:12:33'),
(50, 40220057, 'ORISSA METALIKS PVT LIMITED', 'NH-6,GOKULPUR,SHYAMRAIPUR,KHARAGPUR,\nMEDINIPUR WEST BENGAL', 'S.NATRAJ', '9861248869', 'cppeni.rml@rashmigroup.co.in', '19AAACO8663L1ZT', 11, NULL, '2020-02-11 05:21:07', '2020-02-11 10:51:07'),
(51, 40220059, 'TSTRANSCO', 'SE OMC CIRCLE , ARYA NAGAR , BANK COCLONY NIZAMABAD', 'MR.ARUN', '9849005643', 'eeelcnzbtsstransco@gmail.com', '36AAFCT0166J1Z9', 11, NULL, '2020-02-11 06:19:29', '2020-02-11 11:49:29'),
(52, 40220060, 'PCP CONTRACTS', 'GE T D INDIA LTD PALLAVARAM', 'MR E HARIHARAN', '9611896000', 'Ekambaram.hariaharan@ge.com', '33AAACG2115R1ZO', 11, 11, '2020-02-11 06:33:42', '2020-02-11 12:03:42'),
(53, 40220061, 'PCP CONTRACTS', 'GE T D INDIA LTD PALLAVARAM', 'MR E HARIHARAN', '9611896000', 'Ekambaram.hariaharan@ge.com', '33AAACG2115R1ZO', 11, 11, '2020-02-11 06:45:23', '2020-02-11 12:15:23'),
(54, 40220058, '220/132/33KV GSS RAMGARH', 'DVC NAISARAI CHAWK , RAMGARH', 'MR.RAJIB SARKAR', '8617090486', 'rajib.sarkar@ge.com', '20AAACG2115R1ZV', 11, NULL, '2020-02-11 08:25:10', '2020-02-11 13:55:10'),
(55, 40220050, 'PGCIL', '400/220 KVSUBSTATION\nNH-31 BYPASS ROAD PO LALGANJ, \nDIST PURNIA\nBIHAR-854303', 'MR MD DANISH', '7987432854', 'md.danish@tbeaindia.com', '10AAACP0252G1Z8', 11, NULL, '2020-02-11 09:02:46', '2020-02-11 14:32:46'),
(56, 40220065, 'PROCUMENET', 'ALSTOM T D LTD\n19/1 GST ROAD CHENNAI-600043', 'MR GUNA VINOTH KUMAR', '9600067351', 'guna.vinothkumar@ge.com', '33AAACG2115R1ZO', 11, 11, '2020-02-11 09:34:01', '2020-02-11 15:04:01'),
(57, 40220067, 'DANS ENERGY PVT LTD', '2*48 MW JORETHANG LOOP \nHYDRO ELECTRIC PROJECT MAZITAR -J0RETHAN - MELLI ROAD SIKKIM', 'NITIN CHANDEL', '9382057858', 'nitin.chandel@dansenergy.com', '11AACCD022441ZN', 11, NULL, '2020-02-12 03:16:02', '2020-02-12 08:46:02'),
(58, 40220068, 'TANGEDCO', 'ASST EXE ENGN /MRT\n132 D CUTCHERY STREET \nGOBI ELECT DISTRIBUTION CIRCLE ERODE', 'MR JAYAKUMAR', '9445852116', 'aeemrtgobi@tnebnet.org', '33AADCT4784E1ZC', 11, NULL, '2020-02-12 03:33:31', '2020-02-12 09:03:31'),
(59, 40220056, 'SRIVARI AGENCIES', 'NO.13 , MINT STREET', 'SUMATHI', '9600018087', 'srivari.relay@gmail.com', '33ANZPS9777J1ZN', 11, NULL, '2020-02-12 04:04:04', '2020-02-12 09:34:04'),
(60, 40220069, 'RRVPNL', '400 GSS RVPNL AKKAL \nJAISALMAR-345001', 'MR A R P SINGH', '9784529141', 'xen.400.jaisalmar@gmail.com', '08AABCR8312A1ZT', 11, 11, '2020-02-12 04:30:11', '2020-02-12 10:00:11'),
(61, 40220070, 'PROCUREMENT', 'ALSTOM T D INDIA LTD \n19/1 GST ROAD ROAD \nCHENNAI-600043', 'MR GUNA VINOTH KUMAR', '9600067351', 'guna.vinothkumar@ge.com', '33AAACG2115R1ZO', 11, 11, '2020-02-13 03:27:34', '2020-02-13 08:57:34'),
(62, 40220064, 'KPCL', 'JOGFALLS , SHIMAGO , KARNATAKA-577435', 'DYAALN', '08022565658', 'eecontrolsj.kpcl@gmail.com', '29AAACK8032D1ZQ', 11, NULL, '2020-02-12 08:21:51', '2020-02-12 13:51:51'),
(63, 40220063, 'GETCO', 'OFFICE OF  THE EXECUTIVE ER. TRANSMISSION\nTRANSMISSION DIVISION OFFICE NEAR SHIVAM PARK ,\n132 KV SS COMPOUND NAROL ASHALI ROAD\nAHMADABAD-382405', 'NR V Y PATHAN', '9925208542', 'desscharl.getco@gebmail.com', '24AABCG4029R2ZC', 11, NULL, '2020-02-12 08:43:31', '2020-02-12 14:13:31'),
(64, 40220062, 'PGCIL', 'KV GIS VARANASI SS \n VILL POST :THATHARA \nNEAR KACHHWA ROAD MARKET\n KM MIL;E STONE ON NH-2 OF VARANASI TO ALLAHABAD\nPIN-221313', 'MR ANOOP D MISHRA', '9415901091', 'nikalkumar.n@pgcil.com', '09AAACP0252G2ZQ', 11, NULL, '2020-02-12 09:10:32', '2020-02-12 14:40:32'),
(65, 40220072, 'PGCIL', '400/220KV SS \nPATNA RANCHI ROAD NALANDA -803101', 'SHALINENDRA KUMAR', '9811017344', 'suman.shailendra.kumar@tbeaindia.com', '24AAACP0252G1ZZ', 11, 11, '2020-02-13 04:03:35', '2020-02-13 09:33:35'),
(66, 40220071, 'SYSTEM CONTROLS & SWITCHGEARS', 'PLOT NO 8 , BLOCK A , PH-1 , INDUSTRIAL AREA , NARAINA , NEW DELHI', 'MRS.JASPREET', '9810057358', 'sales@systemcontrols.co.in', '07AEAFS1233F1ZH', 11, NULL, '2020-02-13 04:52:15', '2020-02-13 10:22:15'),
(67, 40220073, 'GETCO(CCS REPAIR', 'KYC8\nSS/NAME SHELAVADR', 'MR RAJAMURTHY KUMARAGURUP', '4422648254', 'kumara.gura@ge.com', '33AAACG2115R1Z0', 11, 11, '2020-02-13 05:32:27', '2020-02-13 11:02:27'),
(68, 40220074, 'WBPDCL(CCS REPAIR)', 'KY5Z\nS/S NAME SANTALDIH TPS', 'MR S ANTONY', '44226480254', 'antony.s@ge.com', '33AAACG2115R1ZO', 11, 11, '2020-02-13 05:35:31', '2020-02-13 11:05:31'),
(69, 40220075, 'BPCL (CCS REPAIR)', 'KY6C\nSS NAME KOCHI -220KV GIS', 'MR IDHAYATH NAWABJAN', '4422648259', 'nawabjan.idhayath@ge.com', '33AAACG2115R1ZO', 11, 9, '2020-02-13 06:07:28', '2020-02-13 11:37:28'),
(70, 40220076, 'BPCL (CCS REPAIR)', 'KY6C\nKOCHI 220 KV SS', 'MR IDHAYATH NAWABJAN', '4422648259', 'nawabjan.idhayath@ge.com', '33AAACG2115R1ZO', 11, 11, '2020-02-13 06:21:13', '2020-02-13 11:51:13'),
(71, 40220066, 'STELMEC LTD', '220/132/33KV MSETCL , NARANGWADI , OMERGA , OSMANABAD', 'SANTHOSH MURDANE', '9028856010', 'santhosh.stelmech@gmail.com', '27AAECS5686B3Z6', 11, NULL, '2020-02-13 06:34:23', '2020-02-13 12:04:23'),
(72, 40220055, 'MSETCL', '220/110/33 KV SS \n ADDITIONAL EXECUTIVE ENG\nWATHAR KOLHAPUR', 'SHRI V S JADHAV', '8411001873', 'adeeh518@mahatrasnco.in', '27AAECM2936N1Z2', 10, NULL, '2020-02-13 08:36:10', '2020-02-13 14:06:10'),
(73, 40220085, 'KPTCL', 'EXECUTIVE ENGINEER \ntl & ss divission \nKPTCL near g h collage p,b road haveri 581110', 'MR. ASIFULLA D R', '9448365336', 'nodalofficerhaveri@gmail.com', '29AABCK7281M7ZR', 11, NULL, '2020-02-13 12:17:33', '2020-02-13 17:47:33'),
(74, 40220086, 'TRANSGLOBAL POWER LTD', '230/110KV SANKARAPURAM SS\nNEAR GOVERNMENET POLYTECHNIC \nKATTUVANACHUR , SANKARAPURAM \nKALLAKURCHI-606402 \nTAMIL NADU', 'MR BABU', '9677212141', 'vayalanbabu@gmail.com', '33aaact7258c1zk', 11, 11, '2020-02-13 12:34:39', '2020-02-13 18:04:39'),
(75, 40220077, 'Venson Electric', 'NO 331 9 TH CROSS  4 TH PHASE \nPEENYA INDUSTRIAL AREA \nBANGALORE-560058', 'A MANJUNATHA', '821702446', 'support@vensonelectric.com', '29AABCV7157P1ZH', 11, NULL, '2020-02-14 03:24:46', '2020-02-14 08:54:46'),
(76, 40220078, 'CSPTCL', '400/220KV , KURUD , DHAMTARI , CHATTISGARH-493663', 'GAUTAM KUMAR SINGH', '9970648638', 'gautam.singh@ge.com', '33AAACG2115R1ZO', 11, 11, '2020-02-14 04:22:10', '2020-02-14 09:52:10'),
(77, 40220084, 'PGCIL', '765/400/220 KV BHUJ POOLING SS\nVILLAGE :PALAPUR(BADI)\nTK:NAKHATRANA KUTCH \nGUJARAT-370001', 'GHANSHYAM BHUT', '8980016036', 'nikalkumar.n@pgcil.com', '24AAACP0252G1ZZ', 11, NULL, '2020-02-14 05:03:33', '2020-02-14 10:33:33'),
(78, 40220087, 'PROCUREMENT', 'ALSTOM T D INDIA LTD\n19/1 GST ROAD ,CHENNAI', 'MR GUNA VINOTH KUMAR', '9600067351', 'guna.vinothkumar@ge.com', '33AAACG2115R1ZO', 11, NULL, '2020-02-14 06:00:36', '2020-02-14 11:30:36'),
(79, 40220080, 'DANISH PRIVATE LIMITED', 'F-679-680&G-694 , SITAPURA INDUSTRIAL PARK, JAIPUR-302022', 'MR B S SHEKHAWAT', '911415164500', 'info@danish.co.in', '08AABCD0834B1ZA', 11, NULL, '2020-02-14 06:49:39', '2020-02-14 12:19:39'),
(80, 40220088, 'PCP CONTRACTS', 'GE TD INDIA LTD\nPALLAVARAM', 'MR  E HARIAHRAN', '9611896000', 'ekambaram.hariharan@ge.com', '33AAACG2115R1ZO', 11, 1, '2020-02-25 08:00:38', '2020-02-25 13:30:38'),
(81, 40220089, 'KPTCL', '220KV RECEIVING SS\nVAJAMANGALA MYSORE-570028', 'MR ASHUTHOSH', '9480813595', 'shahabad_220@yahoo.co.in', '29AABCK7281M7ZR', 11, 11, '2020-02-14 07:59:13', '2020-02-14 13:29:13'),
(82, 40220006, 'PCP CONTRACTS', 'GE TD INDIA LTD\nPALLAVARAM', 'MR  E HARIAHRAN', '9611896000', 'ekambaram.hariharan@ge.com', '638jdjwsmidf8us', 1, 1, '2020-02-25 08:37:53', '2020-02-25 14:07:53'),
(83, 40220090, 'PCP CONTRACTS', 'GE TD INDIA LTD PALLAVARAM,', 'ARUN', '1234534', 'arun@pcp.cs', '123456789012345', 1, 1, '2020-03-05 07:33:33', '2020-03-05 13:03:33'),
(84, 40220091, 'PCP CONTRACTS', 'GE TD INDIA LTD PALLAVARAM,', 'ARUN', '1234534', 'arun@pcp.cs', '123456789012345', 1, 1, '2020-03-05 07:35:08', '2020-03-05 13:05:08'),
(85, 40220092, 'PCP CONTRACTS', 'GE TD INDIA LTD PALLAVARAM,', 'ARUN', '1234534', 'arun@pcp.cs', '123456789012345', 1, 1, '2020-03-05 07:35:23', '2020-03-05 13:05:23'),
(86, 40220093, 'PCP CONTRACTS', 'GE TD INDIA LTD PALLAVARAM,', 'ARUN', '1234534', 'arun@pcp.cs', '123456789012345', 1, 1, '2020-03-05 07:35:57', '2020-03-05 13:05:57'),
(87, 40220094, 'PCP CONTRACTS', 'GE TD INDIA LTD PALLAVARAM,', 'ARUN', '1234534', 'arun@pcp.cs', '123456789012345', 1, 1, '2020-03-05 07:36:05', '2020-03-05 13:06:05');

-- --------------------------------------------------------

--
-- Table structure for table `rma_invoice_address`
--

CREATE TABLE `rma_invoice_address` (
  `id` bigint(11) NOT NULL,
  `rma_id` bigint(20) NOT NULL,
  `name` varchar(200) DEFAULT NULL,
  `address` varchar(200) DEFAULT NULL,
  `contact_person` varchar(25) DEFAULT NULL,
  `tel_no` varchar(15) DEFAULT NULL,
  `email` varchar(100) DEFAULT NULL,
  `gst` varchar(15) DEFAULT NULL,
  `created_by` int(11) NOT NULL,
  `updated_by` int(11) DEFAULT NULL,
  `created_at` timestamp NOT NULL DEFAULT CURRENT_TIMESTAMP ON UPDATE CURRENT_TIMESTAMP,
  `updated_at` datetime DEFAULT NULL
) ENGINE=InnoDB DEFAULT CHARSET=latin1;

--
-- Dumping data for table `rma_invoice_address`
--

INSERT INTO `rma_invoice_address` (`id`, `rma_id`, `name`, `address`, `contact_person`, `tel_no`, `email`, `gst`, `created_by`, `updated_by`, `created_at`, `updated_at`) VALUES
(1, 40220001, 'APTRANSCO', 'Vidyut Soudha, Gunadala,Eluru Rd, Vijayawada, Andhra Pradesh 520004', 'Praveen Kumar', '87845613366', 'praveenkumar@aptransco.co.in', '29AADCC9174H1ZA', 1, 1, '2020-02-18 18:27:47', '2020-02-18 23:57:47'),
(2, 40220002, 'NR ENERGY SOLUTIONS PVT LTD', 'PLOT NO:89 PANVEL IND \nCO-OP ESTATE LTD PANVEL\nNAVI MUMABI\nMAHARASHTRA', 'MR NIRMAL KUMAR', '9551385141', 'nirmal.kumar@nrec.com', '27AADCN9254B1ZI', 7, NULL, '2020-01-07 09:44:28', '2020-01-07 15:14:28'),
(3, 40220003, 'KPTCL', 'EXECUTIVE ENGINEER\n220KV RS MAHALINGPUR KPTCL \nRABKAVI ROAD\nMAHALINGUR-587312', 'NR JOHN DAS', '7004706833', 'john.das@ge.com', '29AABCK7281M7ZR', 7, 7, '2020-01-07 10:52:09', '2020-01-07 16:22:09'),
(4, 40220004, 'ABB', 'SERVICE CENTRE \nSB-115 3RD CROSS PEENYA INDUSTRIAL AREA \nBANGALORE', 'MRS RASHMI', '8022949687', 'rashmi.ts@abb.com', '29AAACA3834B1ZA', 7, NULL, '2020-01-07 11:07:31', '2020-01-07 16:37:31'),
(5, 40220005, 'PCP CONTRACTS', 'GE TD INDIA LTD\nPALLAVARAM', 'MR  E HARIAHRAN', '9611896000', 'ekambaram.hariharan@ge.com', '33AAACG2115R1ZO', 7, NULL, '2020-01-07 11:37:07', '2020-01-07 17:07:07'),
(6, 40220008, 'DAMODAR VALLEY CORPORATION', '400 KV SWITCHYARD \nPO- ANDAL DIST BURDAN \nWEST BENGAL-713321', 'MR NEERAJ KUMAR', '9476323464', 'neerajumar@dvc.gov.in', '19ADWFS6995F1ZX', 11, NULL, '2020-02-04 06:41:47', '2020-02-04 12:11:47'),
(7, 40220009, 'PGCIL', '765/400 KV GIS OPPOSITE CINDIAN OIL PUMP KASARI PHATA VILLAGE  BURUNJIWADAI  PUNE AHMEDABAD SHIKRAPUR-412208', 'MISS SNEHA', '9422806140', 'shikapur765@powergrid.co.in', '24AAACP0252G1ZZ', 11, NULL, '2020-02-06 04:40:19', '2020-02-06 10:10:19'),
(8, 40220010, 'TECHNO ELECTRIC & ENGINEERING CO.LTD', 'S-79,ASHIANA AMARGARH,NEW PALI ROAD SANGARIYA , JODHPUR , RAJASTHAN', 'Mr.GAUTAM', '7976076883', 'jodhpur@techno.co.in', '08AAJCS4400J1ZC', 11, NULL, '2020-02-06 04:55:10', '2020-02-06 10:25:10'),
(9, 40220012, 'APTRANSCO', 'Vidyut Soudha, Gunadala,Eluru Rd, Vijayawada, Andhra Pradesh 520004', 'Praveen Kumar', '87845613366', 'praveenkumar@aptransco.co.in', '29AADCC9174H1ZA', 11, 11, '2020-02-10 10:36:54', '2020-02-10 16:06:54'),
(10, 40220013, 'TATA PROJECTS LTD', '765/400/220KV PGCIL GSS BHADLA, VILLAGE NOOR KE BURJ , BHADLA ROAD , TEHSIL#BAP,JODHPUR', 'S.K.ANBUKARASU', '6377445918', 'anbukarasu@tatprojects.com', '08AAACT4119L1Z8', 11, 11, '2020-02-06 06:05:51', '2020-02-06 11:35:51'),
(11, 40220014, 'BHARAT HEAVY ELECTRICAL LIMITED', '3*6690 MW NPGCIL STPP\nAT SHIVANPUR  ANKHORA AURANGABAD\nBIHAR', 'MR AWADESH KUMAR', '9542491234', 'snathdey@bhel.in', '07AAACG2115R2ZI', 11, NULL, '2020-02-08 04:33:16', '2020-02-08 10:03:16'),
(12, 40220015, 'REFEX ENERGY LTD', '100 MW SOLAR POWER PLANT\nSURVEY NO:337  ONAMAKULAM \nVILLAGE KAYATHAR TALUK \nTHOOTHUKUDI', 'MR MANOHARAN', '9787831387', 'electrical100@refexenergy.com', '33AADCR9790G1Z2', 11, NULL, '2020-02-08 04:45:05', '2020-02-08 10:15:05'),
(13, 40220016, 'MSETCL', '220/110/33 KV SS \n ADDITIONAL EXECUTIVE ENG\nWATHAR KOLHAPUR', 'SHRI V S JADHAV', '8411001869', 'adeeh518@mahatrasnco.in', '27AAECM2936N1Z2', 11, NULL, '2020-02-08 04:56:52', '2020-02-08 10:26:52'),
(14, 40220017, 'STEAG ENERGY PVT LTD', 'C/O ONGC TRIPURA POWER COMPANY LTD\nPALATANA UDAIPUR GOMATI DIST\nTRIPURA', 'MR J PRASAD', '9774346331', 'rawat.kuldeep@ongc.co.in', '16AAFCS1399L1ZV', 11, NULL, '2020-02-08 05:22:37', '2020-02-08 10:52:37'),
(15, 40220018, 'POPULAR SWITCH GEAR PVT LTD', 'BLOCK NO:298/D \nMOUJE VILLAGE LASUNDRA \nTALUK SAVLI DIST \nVADODARA', 'MR SAGAR JANGAM', '0224011112', 'gondequality@popularswitchgears.co.in', '24AABCP6540N1Z8', 11, NULL, '2020-02-08 06:09:37', '2020-02-08 11:39:37'),
(16, 40220019, 'TECHNO ELECTRIC & ENGINEERING CO.LTD', 'S-79,ASHIANA AMARGARH,NEW PALI ROAD SANGARIYA , JODHPUR , RAJASTHAN', 'Mr.GAUTAM', '7976076883', 'jodhpur@techno.co.in', '08AAJCS4400J1ZC', 11, NULL, '2020-02-08 06:22:29', '2020-02-08 11:52:29'),
(17, 40220020, 'MAHATRANSCO', '220/132/33 KV SS BIDRI\nA/P BIDRI TALUKA KAGAL DISTRICT\nKOLHAPUR', 'MR RANJIT CHAVAN', '8411001817', 'adeeh605@mahatransco.in', '27AAECM2936N1Z2', 11, NULL, '2020-02-08 06:40:36', '2020-02-08 12:10:36'),
(18, 40220021, 'NTPC', 'NTPC SWITCHYARD SIPAT BILLASPUR', 'MR J P PATEL', '9424140838', 'jaiprakashpatel@ntpc.co.in', '23AAACL0140P3ZP', 11, 11, '2020-02-08 07:22:42', '2020-02-08 12:52:42'),
(19, 40220023, 'PGCIL', 'Plot No. 54, Beside Riya-Revti Resort, Opp. Ambe Vidhyalaya, 390008, Sama-Savli Rd, Chanakyapuri Society, Kasturba Nagar, New Sama, Vadodara, Gujarat 391740', 'NikalKumar', '7463234499', 'nikalkumar.n@pgcil.com', '24AAACP0252G1ZZ', 15, NULL, '2020-02-08 10:46:23', '2020-02-08 16:16:23'),
(20, 40220024, 'GETCO', 'GETCO 220KV RANASAN SS,S.P RING ROAD CIRCLE RANASAN,NEAR NANA CHILODA,AJMEDABAD', 'desscharaj', '9925208562', 'desscharaj.getco@gebmail.com', '24AABCG4029R2ZC', 15, NULL, '2020-02-08 10:56:26', '2020-02-08 16:26:26'),
(21, 40220025, 'PGCIL', 'Plot No. 54, Beside Riya-Revti Resort, Opp. Ambe Vidhyalaya, 390008, Sama-Savli Rd, Chanakyapuri Society, Kasturba Nagar, New Sama, Vadodara, Gujarat 391740', 'NikalKumar', '7463234499', 'nikalkumar.n@pgcil.com', '24AAACP0252G1ZZ', 15, NULL, '2020-02-08 11:04:43', '2020-02-08 16:34:43'),
(22, 40220026, 'MAHATRANSCO', '220/132/33 KV SS BIDRI\nA/P BIDRI TALUKA KAGAL DISTRICT\nKOLHAPUR', 'MR RANJIT CHAVAN', '8411001817', 'adeeh605@mahatransco.in', '27AAECM2936N1Z2', 11, 11, '2020-02-08 11:07:59', '2020-02-08 16:37:59'),
(23, 40220027, 'PGCIL', 'Plot No. 54, Beside Riya-Revti Resort, Opp. Ambe Vidhyalaya, 390008, Sama-Savli Rd, Chanakyapuri Society, Kasturba Nagar, New Sama, Vadodara, Gujarat 391740', 'NikalKumar', '7463234499', 'nikalkumar.n@pgcil.com', '24AAACP0252G1ZZ', 15, NULL, '2020-02-08 11:08:35', '2020-02-08 16:38:35'),
(24, 40220028, 'PGCIL', 'Plot No. 54, Beside Riya-Revti Resort, Opp. Ambe Vidhyalaya, 390008, Sama-Savli Rd, Chanakyapuri Society, Kasturba Nagar, New Sama, Vadodara, Gujarat 391740', 'NikalKumar', '7463234499', 'nikalkumar.n@pgcil.com', '24AAACP0252G1ZZ', 15, NULL, '2020-02-08 11:11:14', '2020-02-08 16:41:14'),
(25, 40220029, 'PGCIL', 'Plot No. 54, Beside Riya-Revti Resort, Opp. Ambe Vidhyalaya, 390008, Sama-Savli Rd, Chanakyapuri Society, Kasturba Nagar, New Sama, Vadodara, Gujarat 391740', 'NikalKumar', '7463234499', 'nikalkumar.n@pgcil.com', '24AAACP0252G1ZZ', 15, NULL, '2020-02-08 11:13:58', '2020-02-08 16:43:58'),
(26, 40220030, 'GETCO', 'GETCO 220KV RANASAN SS,S.P RING ROAD CIRCLE RANASAN,NEAR NANA CHILODA,AJMEDABAD', 'desscharaj', '9925208562', 'desscharaj.getco@gebmail.com', '24AABCG4029R2ZC', 15, NULL, '2020-02-08 11:17:25', '2020-02-08 16:47:25'),
(27, 40220031, 'MSETCL', '220/110/33 KV SS \n ADDITIONAL EXECUTIVE ENG\nWATHAR KOLHAPUR', 'SHRI V S JADHAV', '8411001869', 'adeeh518@mahatrasnco.in', '27AAECM2936N1Z2', 11, 11, '2020-02-08 11:23:06', '2020-02-08 16:53:06'),
(28, 40220032, 'GETCO', 'GETCO 220KV RANASAN SS,S.P RING ROAD CIRCLE RANASAN,NEAR NANA CHILODA,AJMEDABAD', 'desscharaj', '9925208562', 'desscharaj.getco@gebmail.com', '24AABCG4029R2ZC', 15, NULL, '2020-02-08 11:19:13', '2020-02-08 16:49:13'),
(29, 40220033, 'GETCO', 'GETCO 220KV RANASAN SS,S.P RING ROAD CIRCLE RANASAN,NEAR NANA CHILODA,AJMEDABAD', 'desscharaj', '9925208562', 'desscharaj.getco@gebmail.com', '24AABCG4029R2ZC', 15, NULL, '2020-02-08 11:22:04', '2020-02-08 16:52:04'),
(30, 40220035, 'PGCIL', 'Plot No. 54, Beside Riya-Revti Resort, Opp. Ambe Vidhyalaya, 390008, Sama-Savli Rd, Chanakyapuri Society, Kasturba Nagar, New Sama, Vadodara, Gujarat 391740', 'NikalKumar', '7463234499', 'nikalkumar.n@pgcil.com', '24AAACP0252G1ZZ', 15, NULL, '2020-02-08 11:26:32', '2020-02-08 16:56:32'),
(31, 40220034, 'GETCO', 'GETCO 220KV RANASAN SS,S.P RING ROAD CIRCLE RANASAN,NEAR NANA CHILODA,AJMEDABAD', 'desscharaj', '9925208562', 'desscharaj.getco@gebmail.com', '24AABCG4029R2ZC', 11, NULL, '2020-02-08 11:27:21', '2020-02-08 16:57:21'),
(32, 40220036, 'PGCIL', 'Plot No. 54, Beside Riya-Revti Resort, Opp. Ambe Vidhyalaya, 390008, Sama-Savli Rd, Chanakyapuri Society, Kasturba Nagar, New Sama, Vadodara, Gujarat 391740', 'NikalKumar', '7463234499', 'nikalkumar.n@pgcil.com', '24AAACP0252G1ZZ', 15, NULL, '2020-02-08 11:28:04', '2020-02-08 16:58:04'),
(33, 40220037, 'PGCIL', 'Plot No. 54, Beside Riya-Revti Resort, Opp. Ambe Vidhyalaya, 390008, Sama-Savli Rd, Chanakyapuri Society, Kasturba Nagar, New Sama, Vadodara, Gujarat 391740', 'NikalKumar', '7463234499', 'nikalkumar.n@pgcil.com', '24AAACP0252G1ZZ', 15, NULL, '2020-02-08 11:29:29', '2020-02-08 16:59:29'),
(34, 40220038, 'GETCO', 'GETCO 220KV RANASAN SS,S.P RING ROAD CIRCLE RANASAN,NEAR NANA CHILODA,AJMEDABAD', 'desscharaj', '9925208562', 'desscharaj.getco@gebmail.com', '24AABCG4029R2ZC', 11, NULL, '2020-02-08 11:30:13', '2020-02-08 17:00:13'),
(35, 40220039, 'PGCIL', 'Plot No. 54, Beside Riya-Revti Resort, Opp. Ambe Vidhyalaya, 390008, Sama-Savli Rd, Chanakyapuri Society, Kasturba Nagar, New Sama, Vadodara, Gujarat 391740', 'NikalKumar', '7463234499', 'nikalkumar.n@pgcil.com', '24AAACP0252G1ZZ', 15, NULL, '2020-02-08 11:30:46', '2020-02-08 17:00:46'),
(36, 40220040, 'PGCIL', 'Plot No. 54, Beside Riya-Revti Resort, Opp. Ambe Vidhyalaya, 390008, Sama-Savli Rd, Chanakyapuri Society, Kasturba Nagar, New Sama, Vadodara, Gujarat 391740', 'NikalKumar', '7463234499', 'nikalkumar.n@pgcil.com', '24AAACP0252G1ZZ', 15, NULL, '2020-02-08 11:32:08', '2020-02-08 17:02:08'),
(37, 40220041, 'PGCIL', 'Plot No. 54, Beside Riya-Revti Resort, Opp. Ambe Vidhyalaya, 390008, Sama-Savli Rd, Chanakyapuri Society, Kasturba Nagar, New Sama, Vadodara, Gujarat 391740', 'NikalKumar', '7463234499', 'nikalkumar.n@pgcil.com', '24AAACP0252G1ZZ', 15, NULL, '2020-02-08 11:33:36', '2020-02-08 17:03:36'),
(38, 40220042, 'PGCIL', 'Plot No. 54, Beside Riya-Revti Resort, Opp. Ambe Vidhyalaya, 390008, Sama-Savli Rd, Chanakyapuri Society, Kasturba Nagar, New Sama, Vadodara, Gujarat 391740', 'NikalKumar', '7463234499', 'nikalkumar.n@pgcil.com', '24AAACP0252G1ZZ', 15, NULL, '2020-02-08 11:35:09', '2020-02-08 17:05:09'),
(39, 40220043, 'PGCIL', 'Plot No. 54, Beside Riya-Revti Resort, Opp. Ambe Vidhyalaya, 390008, Sama-Savli Rd, Chanakyapuri Society, Kasturba Nagar, New Sama, Vadodara, Gujarat 391740', 'NikalKumar', '7463234499', 'nikalkumar.n@pgcil.com', '24AAACP0252G1ZZ', 15, NULL, '2020-02-08 11:38:16', '2020-02-08 17:08:16'),
(40, 40220044, 'MSETCL', '220/110/33 KV SS \n ADDITIONAL EXECUTIVE ENG\nWATHAR KOLHAPUR', 'SHRI V S JADHAV', '8411001869', 'adeeh518@mahatrasnco.in', '27AAECM2936N1Z2', 11, NULL, '2020-02-08 11:42:37', '2020-02-08 17:12:37'),
(41, 40220045, 'MSETCL', '220/110/33 KV SS \n ADDITIONAL EXECUTIVE ENG\nWATHAR KOLHAPUR', 'SHRI V S JADHAV', '8411001869', 'adeeh518@mahatrasnco.in', '27AAECM2936N1Z2', 15, NULL, '2020-02-08 11:43:58', '2020-02-08 17:13:58'),
(42, 40220046, 'MSETCL', '220/110/33 KV SS \n ADDITIONAL EXECUTIVE ENG\nWATHAR KOLHAPUR', 'SHRI V S JADHAV', '8411001869', 'adeeh518@mahatrasnco.in', '27AAECM2936N1Z2', 11, 11, '2020-02-08 11:48:35', '2020-02-08 17:18:35'),
(43, 40220047, 'MSETCL', '220/110/33 KV SS \n ADDITIONAL EXECUTIVE ENG\nWATHAR KOLHAPUR', 'SHRI V S JADHAV', '8411001869', 'adeeh518@mahatrasnco.in', '27AAECM2936N1Z2', 15, NULL, '2020-02-08 11:46:09', '2020-02-08 17:16:09'),
(44, 40220048, 'TECHNO ELECTRIC AND ENG INEERING LTD', 'RAJSUKH PALACE TILAKNAGAR\nNEAR SOFIA SCHOOL BIKANEER \nRAJASTHAN', 'MR TARAK NANDY', '7989108029', 'site.bikaner@techno.co.in', '08AAJCS4400J1ZC', 11, NULL, '2020-02-08 11:52:22', '2020-02-08 17:22:22'),
(45, 40220049, 'KPTCL', 'EXECUTIVE ENGINEER \n220KV RS MAHALINGPUR KPTCL \nRABKAVI ROAD\nMAHALINGUR', 'MR. JOHN DAS', '7004706833', 'john.das@ge.com', '29AABCK7281M7ZR', 11, NULL, '2020-02-08 11:55:35', '2020-02-08 17:25:35'),
(46, 40220053, 'SAKTHI SUGARS LIMITED', 'SAKTHI NAGAR , BHAVANI ERODE DISTRICT', '---', '04422648164', 'stores_u1@sakthisugars.com', '33AADCS0651B1Z1', 15, NULL, '2020-02-10 06:19:15', '2020-02-10 11:49:15'),
(47, 40220051, 'L&T ELECTRICAL AUTOMATION', '32,SHIVAJI MARG,NEAR MATI NAGAR , NEW DELHI', 'YASHVEER SINGH', '911141419621', 'yashveer.singh@gmail.com', '07AAACL0140P2ZK', 1, NULL, '2020-02-10 09:50:01', '2020-02-10 15:20:01'),
(48, 40220054, 'NLC', 'VILLA NO-32 , RAMAMOORTHI REDDIYAR NAGAR , P.O.GANDHI NAGAR , VADAKUTHU , NEYVELI', 'DHEERAJ GUPTA', '8280051374', 'dheeraj1.gupta@ge.com', '33AAACN1121C1ZG', 11, NULL, '2020-02-10 11:28:08', '2020-02-10 16:58:08'),
(49, 40220052, 'GETCO', 'CONSTRUCTION  SUB DIVISION OFFICE\n220 KV PALANPUR S/S COMPOUND \nAMBAJI ROAD SADARPUR PALANPUR', 'SHRI P C SONI', '9925212403', 'deconstpln.getco@gebmail.com', '24AABCG4029R2ZC', 11, NULL, '2020-02-11 04:42:33', '2020-02-11 10:12:33'),
(50, 40220057, 'ORISSA METALIKS PVT LIMITED', 'NH-6,GOKULPUR,SHYAMRAIPUR,KHARAGPUR,\nMEDINIPUR WEST BENGAL', 'S.NATRAJ', '9861248869', 'cppeni.rml@rashmigroup.co.in', '19AAACO8663L1ZT', 11, NULL, '2020-02-11 05:21:07', '2020-02-11 10:51:07'),
(51, 40220059, 'TSTRANSCO', 'SE OMC CIRCLE , ARYA NAGAR , BANK COCLONY NIZAMABAD', 'MR.ARUN', '9849005643', 'eeelcnzbtsstransco@gmail.com', '36AAFCT0166J1Z9', 11, NULL, '2020-02-11 06:19:29', '2020-02-11 11:49:29'),
(52, 40220060, 'PCP CONTRACTS', 'GE T D INDIA LTD PALLAVARAM', 'MR E HARIHARAN', '9611896000', 'Ekambaram.hariaharan@ge.com', '33AAACG2115R1ZO', 11, 11, '2020-02-11 06:33:42', '2020-02-11 12:03:42'),
(53, 40220061, 'PCP CONTRACTS', 'GE T D INDIA LTD PALLAVARAM', 'MR E HARIHARAN', '9611896000', 'Ekambaram.hariaharan@ge.com', '33AAACG2115R1ZO', 11, 11, '2020-02-11 06:45:24', '2020-02-11 12:15:24'),
(54, 40220058, '220/132/33KV GSS RAMGARH', 'DVC NAISARAI CHAWK , RAMGARH', 'MR.RAJIB SARKAR', '8617090486', 'rajib.sarkar@ge.com', '20AAACG2115R1ZV', 11, NULL, '2020-02-11 08:25:10', '2020-02-11 13:55:10'),
(55, 40220050, 'PGCIL', '400/220 KVSUBSTATION\nNH-31 BYPASS ROAD PO LALGANJ, \nDIST PURNIA\nBIHAR-854303', 'MR MD DANISH', '7987432854', 'md.danish@tbeaindia.com', '10AAACP0252G1Z8', 11, NULL, '2020-02-11 09:02:46', '2020-02-11 14:32:46'),
(56, 40220065, 'PROCUMENET', 'ALSTOM T D LTD\n19/1 GST ROAD CHENNAI-600043', 'MR GUNA VINOTH KUMAR', '9600067351', 'guna.vinothkumar@ge.com', '33AAACG2115R1ZO', 11, 11, '2020-02-11 09:34:01', '2020-02-11 15:04:01'),
(57, 40220067, 'DANS ENERGY PVT LTD', '2*48 MW JORETHANG LOOP \nHYDRO ELECTRIC PROJECT MAZITAR -J0RETHAN - MELLI ROAD SIKKIM', 'NITIN CHANDEL', '9382057858', 'nitin.chandel@dansenergy.com', '11AACCD022441ZN', 11, NULL, '2020-02-12 03:16:02', '2020-02-12 08:46:02'),
(58, 40220068, 'TANGEDCO', 'ASST EXE ENGN /MRT\n132 D CUTCHERY STREET \nGOBI ELECT DISTRIBUTION CIRCLE ERODE', 'MR JAYAKUMAR', '9445852116', 'aeemrtgobi@tnebnet.org', '33AADCT4784E1ZC', 11, NULL, '2020-02-12 03:33:31', '2020-02-12 09:03:31'),
(59, 40220056, 'SRIVARI AGENCIES', 'NO.13 , MINT STREET', 'SUMATHI', '9600018087', 'srivari.relay@gmail.com', '33ANZPS9777J1ZN', 11, NULL, '2020-02-12 04:04:04', '2020-02-12 09:34:04'),
(60, 40220069, 'RRVPNL', '400 GSS RVPNL AKKAL \nJAISALMAR-345001', 'MR A R P SINGH', '9784529141', 'xen.400.jaisalmar@gmail.com', '08AABCR8312A1ZT', 11, 11, '2020-02-12 04:30:11', '2020-02-12 10:00:11'),
(61, 40220070, 'PROCUREMENT', 'ALSTOM T D INDIA LTD \n19/1 GST ROAD ROAD \nCHENNAI-600043', 'MR GUNA VINOTH KUMAR', '9600067351', 'guna.vinothkumar@ge.com', '33AAACG2115R1ZO', 11, 11, '2020-02-13 03:27:34', '2020-02-13 08:57:34'),
(62, 40220064, 'KPCL', 'JOGFALLS , SHIMAGO , KARNATAKA-577435', 'DYAALN', '08022565658', 'eecontrolsj.kpcl@gmail.com', '29AAACK8032D1ZQ', 11, NULL, '2020-02-12 08:21:51', '2020-02-12 13:51:51'),
(63, 40220063, 'GETCO', 'OFFICE OF  THE EXECUTIVE ER. TRANSMISSION\nTRANSMISSION DIVISION OFFICE NEAR SHIVAM PARK ,\n132 KV SS COMPOUND NAROL ASHALI ROAD\nAHMADABAD-382405', 'NR V Y PATHAN', '9925208542', 'desscharl.getco@gebmail.com', '24AABCG4029R2ZC', 11, NULL, '2020-02-12 08:43:31', '2020-02-12 14:13:31'),
(64, 40220062, 'PGCIL', 'KV GIS VARANASI SS \n VILL POST :THATHARA \nNEAR KACHHWA ROAD MARKET\n KM MIL;E STONE ON NH-2 OF VARANASI TO ALLAHABAD\nPIN-221313', 'MR ANOOP D MISHRA', '9415901091', 'nikalkumar.n@pgcil.com', '09AAACP0252G2ZQ', 11, NULL, '2020-02-12 09:10:32', '2020-02-12 14:40:32'),
(65, 40220072, 'PGCIL', '400/220KV SS \nPATNA RANCHI ROAD NALANDA -803101', 'SHALINENDRA KUMAR', '9811017344', 'suman.shailendra.kumar@tbeaindia.com', '24AAACP0252G1ZZ', 11, 11, '2020-02-13 04:03:35', '2020-02-13 09:33:35'),
(66, 40220071, 'SYSTEM CONTROLS & SWITCHGEARS', 'PLOT NO 8 , BLOCK A , PH-1 , INDUSTRIAL AREA , NARAINA , NEW DELHI', 'MRS.JASPREET', '9810057358', 'sales@systemcontrols.co.in', '07AEAFS1233F1ZH', 11, NULL, '2020-02-13 04:52:15', '2020-02-13 10:22:15'),
(67, 40220073, 'GETCO(CCS REPAIR', 'KYC8\nSS/NAME SHELAVADR', 'MR RAJAMURTHY KUMARAGURUP', '4422648254', 'kumara.gura@ge.com', '33AAACG2115R1Z0', 11, 11, '2020-02-13 05:32:27', '2020-02-13 11:02:27'),
(68, 40220074, 'WBPDCL(CCS REPAIR)', 'KY5Z\nS/S NAME SANTALDIH TPS', 'MR S ANTONY', '44226480254', 'antony.s@ge.com', '33AAACG2115R1ZO', 11, 11, '2020-02-13 05:35:31', '2020-02-13 11:05:31'),
(69, 40220075, 'BPCL (CCS REPAIR)', 'KY6C\nSS NAME KOCHI -220KV GIS', 'MR IDHAYATH NAWABJAN', '4422648259', 'nawabjan.idhayath@ge.com', '33AAACG2115R1ZO', 11, 9, '2020-02-13 06:07:28', '2020-02-13 11:37:28'),
(70, 40220076, 'BPCL (CCSREPAIR)', 'KY6C\nKOCHI 220 KV SS', 'MR IDHAYATH NAWABJAN', '4422648259', 'nawabjan.idhayath@ge.com', '33AAACG2115R1ZO', 11, 11, '2020-02-13 06:21:13', '2020-02-13 11:51:13'),
(71, 40220066, 'STELMEC LTD', '220/132/33KV MSETCL , NARANGWADI , OMERGA , OSMANABAD', 'SANTHOSH MURDANE', '9028856010', 'santhosh.stelmech@gmail.com', '27AAECS5686B3Z6', 11, NULL, '2020-02-13 06:34:23', '2020-02-13 12:04:23'),
(72, 40220055, 'MSETCL', '220/110/33 KV SS \n ADDITIONAL EXECUTIVE ENG\nWATHAR KOLHAPUR', 'SHRI V S JADHAV', '8411001873', 'adeeh518@mahatrasnco.in', '27AAECM2936N1Z2', 10, NULL, '2020-02-13 08:36:10', '2020-02-13 14:06:10'),
(73, 40220085, 'KPTCL', 'EXECUTIVE ENGINEER \ntl & ss divission \nKPTCL near g h collage p,b road haveri 581110', 'MR. ASIFULLA D R', '9448365336', 'nodalofficerhaveri@gmail.com', '29AABCK7281M7ZR', 11, NULL, '2020-02-13 12:17:34', '2020-02-13 17:47:34'),
(74, 40220086, 'TRANSGLOBAL POWER LTD', '230/110KV SANKARAPURAM SS\nNEAR GOVERNMENET POLYTECHNIC \nKATTUVANACHUR , SANKARAPURAM \nKALLAKURCHI-606402 \nTAMIL NADU', 'MR BABU', '9677212141', 'vayalanbabu@gmail.com', '33aaact7258c1zk', 11, 11, '2020-02-13 12:34:39', '2020-02-13 18:04:39'),
(75, 40220077, 'Venson Electric', 'NO 331 9 TH CROSS  4 TH PHASE \nPEENYA INDUSTRIAL AREA \nBANGALORE-560058', 'A MANJUNATHA', '821702446', 'support@vensonelectric.com', '29AABCV7157P1ZH', 11, NULL, '2020-02-14 03:24:46', '2020-02-14 08:54:46'),
(76, 40220078, 'CSPTCL', '400/220KV , KURUD , DHAMTARI , CHATTISGARH-493663', 'GAUTAM KUMAR SINGH', '9970648638', 'gautam.singh@ge.com', '33AAACG2115R1ZO', 11, 11, '2020-02-14 04:22:10', '2020-02-14 09:52:10'),
(77, 40220084, 'PGCIL', '765/400/220 KV BHUJ POOLING SS\nVILLAGE :PALAPUR(BADI)\nTK:NAKHATRANA KUTCH \nGUJARAT-370001', 'GHANSHYAM BHUT', '8980016036', 'nikalkumar.n@pgcil.com', '24AAACP0252G1ZZ', 11, NULL, '2020-02-14 05:03:33', '2020-02-14 10:33:33'),
(78, 40220087, 'PROCUREMENT', 'ALSTOM T D INDIA LTD\n19/1 GST ROAD ,CHENNAI', 'MR GUNA VINOTH KUMAR', '9600067351', 'guna.vinothkumar@ge.com', '33AAACG2115R1ZO', 11, NULL, '2020-02-14 06:00:36', '2020-02-14 11:30:36'),
(79, 40220080, 'DANISH PRIVATE LIMITED', 'F-679-680&G-694 , SITAPURA INDUSTRIAL PARK, JAIPUR-302022', 'MR B S SHEKHAWAT', '911415164500', 'info@danish.co.in', '08AABCD0834B1ZA', 11, NULL, '2020-02-14 06:49:39', '2020-02-14 12:19:39'),
(80, 40220088, 'PCP CONTRACTS', 'GE TD INDIA LTD\nPALLAVARAM', 'MR  E HARIAHRAN', '9611896000', 'ekambaram.hariharan@ge.com', '33AAACG2115R1ZO', 11, 1, '2020-02-25 08:00:38', '2020-02-25 13:30:38'),
(81, 40220089, 'KPTCL', '220KV RECEIVING SS\nVAJAMANGALA MYSORE-570028', 'MR ASHUTHOSH', '9480813595', 'shahabad_220@yahoo.co.in', '29AABCK7281M7ZR', 11, 11, '2020-02-14 07:59:13', '2020-02-14 13:29:13'),
(82, 40220006, 'PCP CONTRACTS', 'GE TD INDIA LTD\nPALLAVARAM', 'MR  E HARIAHRAN', '9611896000', 'ekambaram.hariharan@ge.com', '638jdjwsmidf8us', 1, 1, '2020-02-25 08:37:53', '2020-02-25 14:07:53'),
(83, 40220090, 'PCP CONTRACTS', 'GE TD INDIA LTD PALLAVARAM,', 'ARUN', '1234534', 'arun@pcp.cs', '123456789012345', 1, 1, '2020-03-05 07:33:33', '2020-03-05 13:03:33'),
(84, 40220091, 'PCP CONTRACTS', 'GE TD INDIA LTD PALLAVARAM,', 'ARUN', '1234534', 'arun@pcp.cs', '123456789012345', 1, 1, '2020-03-05 07:35:08', '2020-03-05 13:05:08'),
(85, 40220092, 'PCP CONTRACTS', 'GE TD INDIA LTD PALLAVARAM,', 'ARUN', '1234534', 'arun@pcp.cs', '123456789012345', 1, 1, '2020-03-05 07:35:23', '2020-03-05 13:05:23'),
(86, 40220093, 'PCP CONTRACTS', 'GE TD INDIA LTD PALLAVARAM,', 'ARUN', '1234534', 'arun@pcp.cs', '123456789012345', 1, 1, '2020-03-05 07:35:57', '2020-03-05 13:05:57'),
(87, 40220094, 'PCP CONTRACTS', 'GE TD INDIA LTD PALLAVARAM,', 'ARUN', '1234534', 'arun@pcp.cs', '123456789012345', 1, 1, '2020-03-05 07:36:05', '2020-03-05 13:06:05');

-- --------------------------------------------------------

--
-- Table structure for table `rma_unit_information`
--

CREATE TABLE `rma_unit_information` (
  `id` bigint(11) NOT NULL,
  `rma_id` bigint(11) NOT NULL,
  `pv_id` bigint(11) NOT NULL,
  `sw_version` varchar(50) DEFAULT NULL,
  `service_type` tinyint(11) NOT NULL COMMENT '1.Physical,2.SiteCard',
  `desc_of_fault` varchar(200) DEFAULT NULL,
  `sales_order_no` varchar(50) DEFAULT NULL,
  `field_volts_used` tinyint(4) NOT NULL,
  `equip_failed_on_installation` tinyint(4) NOT NULL,
  `equip_failed_on_service` tinyint(4) NOT NULL,
  `how_long` varchar(100) DEFAULT NULL,
  `created_by` int(11) NOT NULL,
  `updated_by` int(11) NOT NULL,
  `created_at` timestamp NOT NULL DEFAULT CURRENT_TIMESTAMP ON UPDATE CURRENT_TIMESTAMP,
  `updated_at` datetime NOT NULL
) ENGINE=InnoDB DEFAULT CHARSET=latin1;

--
-- Dumping data for table `rma_unit_information`
--

INSERT INTO `rma_unit_information` (`id`, `rma_id`, `pv_id`, `sw_version`, `service_type`, `desc_of_fault`, `sales_order_no`, `field_volts_used`, `equip_failed_on_installation`, `equip_failed_on_service`, `how_long`, `created_by`, `updated_by`, `created_at`, `updated_at`) VALUES
(1, 40220001, 2, NULL, 1, '', '', 0, 0, 0, '', 1, 1, '2020-01-03 11:23:40', '2020-01-03 16:53:40'),
(2, 40220001, 1, NULL, 1, '', '', 0, 0, 0, '', 1, 1, '2020-01-03 11:24:41', '2020-01-03 16:54:41'),
(3, 40220001, 4, NULL, 1, '', '', 0, 0, 0, '', 1, 1, '2020-01-03 11:59:42', '2020-01-03 17:29:42'),
(4, 40220001, 3, NULL, 1, '', '', 0, 0, 0, '', 1, 1, '2020-01-03 12:05:41', '2020-01-03 17:35:41'),
(5, 40220001, 5, NULL, 1, '', '', 0, 0, 0, '', 1, 1, '2020-01-03 12:08:06', '2020-01-03 17:38:06'),
(6, 40220001, 7, NULL, 1, '', '', 0, 0, 0, '', 1, 1, '2020-01-03 12:10:03', '2020-01-03 17:40:03'),
(7, 40220001, 6, NULL, 1, '', '', 0, 0, 0, '', 1, 1, '2020-01-03 12:10:26', '2020-01-03 17:40:26'),
(8, 40220002, 9, 'NA', 1, 'REF CT COIL SENSES THE CURRENT MORE THAN 35MA ONLY', '', 0, 0, 0, NULL, 7, 7, '2020-01-07 09:44:29', '2020-01-07 15:14:29'),
(9, 40220003, 10, '51J', 2, 'P743 BUSBAR RELAY DISPALY GOT DAMANGE', '3269PP1210', 0, 0, 0, '', 7, 7, '2020-01-07 10:52:09', '2020-01-07 16:22:09'),
(10, 40220003, 11, '51J', 2, 'P743 BUSBAR RELAY DISPALY GOT DAMANGE', '3269PP1210', 1, 0, 0, '', 7, 7, '2020-01-07 10:52:10', '2020-01-07 16:22:10'),
(11, 40220004, 12, NULL, 1, 'NA', '', 0, 0, 0, '', 7, 7, '2020-01-07 11:07:31', '2020-01-07 16:37:31'),
(12, 40220005, 13, 'NA', 1, 'MODIFY TO P14191AA6M0510J', '', 0, 0, 0, '', 7, 7, '2020-01-07 11:37:07', '2020-01-07 17:07:07'),
(13, 40220008, 14, 'NA', 1, 'AFTER POWER UP THE RELAY ERROR CODE DISPLAYED IN THE RELAY IS 0X81170000 AS WELL AS THE RELAY CANNOT BE COMMUNICATED FROM ANY PORT', '', 0, 0, 0, '', 11, 11, '2020-02-04 06:41:47', '2020-02-04 12:11:47'),
(14, 40220009, 15, NULL, 1, '', '', 0, 0, 0, '', 11, 11, '2020-02-06 04:40:19', '2020-02-06 10:10:19'),
(15, 40220010, 16, 'NA', 1, 'NA', '', 0, 0, 0, '', 11, 11, '2020-02-06 04:55:10', '2020-02-06 10:25:10'),
(16, 40220012, 17, 'NA', 1, 'DURING THE FAULT CURREN T FLOWING CT MODULE R PH GOT OPENED SO CT MODULE GET DAMANGED', 'NA', 1, 0, 0, NULL, 11, 11, '2020-02-06 05:46:48', '2020-02-06 11:16:48'),
(17, 40220013, 18, 'NA', 1, 'TTX2 AUX RELAY NOT RESETING RELAY FOUND FAULTY', 'NA', 0, 0, 0, NULL, 11, 11, '2020-02-06 06:05:51', '2020-02-06 11:35:51'),
(18, 40220014, 19, NULL, 1, 'NA', '', 0, 0, 0, '', 11, 11, '2020-02-08 04:33:16', '2020-02-08 10:03:16'),
(19, 40220015, 20, 'NA', 1, 'RELAY SUSPECTED  AS MAL OPERATE SO SENT FOR FACTORY FOR ANALYSIS', '', 1, 0, 0, '', 11, 11, '2020-02-08 04:45:05', '2020-02-08 10:15:05'),
(20, 40220016, 21, 'NA', 1, 'RELAY SHOWING R PHASE CURRENT LESS THAN Y & B PHASE ALSO CHATTERING NOISE OBSERVED IN RELAY', '', 0, 0, 0, '', 11, 11, '2020-02-08 04:56:52', '2020-02-08 10:26:52'),
(21, 40220017, 22, 'NA', 1, 'NA', '', 0, 0, 0, '', 11, 11, '2020-02-08 05:22:37', '2020-02-08 10:52:37'),
(22, 40220018, 23, 'na', 1, 'modification from 1 vt to 4 vt P64391AA6M0070M TO P643\n92AA6M0070M', '', 0, 0, 0, '', 11, 11, '2020-02-08 06:09:37', '2020-02-08 11:39:37'),
(23, 40220019, 24, '51J', 1, 'RLY HAS COMMUNIOCATION ISSUE WITH PU', '', 0, 0, 0, '', 11, 11, '2020-02-08 06:22:29', '2020-02-08 11:52:29'),
(24, 40220019, 25, '51J', 1, 'RLY HAS COMMUNIOCATION ISSUE WITH PU', '', 0, 0, 0, '', 11, 11, '2020-02-08 06:22:29', '2020-02-08 11:52:29'),
(25, 40220020, 26, 'NA', 1, 'ON THE DISPLAY SCREEN OF THE RELAY NOT CONNECTED ERROR IS SHOWING', '', 0, 0, 0, '', 11, 11, '2020-02-08 06:40:37', '2020-02-08 12:10:37'),
(26, 40220020, 27, 'NA', 1, 'ON THE DISPLAY SCREEN OF THE RELAY NOT CONNECTED ERROR IS SHOWING', '', 0, 0, 0, '', 11, 11, '2020-02-08 06:40:37', '2020-02-08 12:10:37'),
(27, 40220021, 28, 'NA', 1, 'RELAY SOFTWARE VERSION E 2.0 WHICH NEEDS TO BE DOWNGRADED TO C3.5 SO THAT IT CAN COMMUNICATE WITH PRESENT AVAIBLE CU', '', 0, 0, 0, '', 11, 11, '2020-02-08 07:22:00', '2020-02-08 12:52:00'),
(28, 40220021, 29, 'NA', 1, 'WHEN 220V POWER SUPPLY APPLIED TO THE RELAY NOTHING APPEARS ON RELAY DISPLAY AT VTHE SAME TIME SLOW BEEP SOUNSD CAME OUT', '', 0, 0, 0, '', 11, 11, '2020-02-08 07:22:00', '2020-02-08 12:52:00'),
(29, 40220021, 30, 'NA', 1, 'NO LED WAS GLOWING', '', 0, 0, 0, '', 11, 11, '2020-02-08 07:22:00', '2020-02-08 12:52:00'),
(30, 40220021, 32, NULL, 1, 'SPURIOUS OPERATION RESULTING IN TRIGGERING OD DIFF PROTECTION CAUSING UNIT TRIPPING', '', 0, 0, 0, '', 11, 11, '2020-02-08 07:22:00', '2020-02-08 12:52:00'),
(31, 40220021, 31, 'NA', 1, 'NA', '', 0, 0, 0, '', 11, 11, '2020-02-08 07:22:42', '2020-02-08 12:52:42'),
(32, 40220023, 33, 'NA', 1, 'WFA', '', 0, 0, 0, '', 15, 15, '2020-02-08 10:46:23', '2020-02-08 16:16:23'),
(33, 40220024, 34, 'NA', 1, '', '', 0, 0, 0, '', 15, 15, '2020-02-08 10:56:27', '2020-02-08 16:26:27'),
(34, 40220025, 37, 'NO', 1, 'WFA', '', 0, 0, 0, '', 15, 15, '2020-02-08 11:04:43', '2020-02-08 16:34:43'),
(35, 40220026, 35, 'NA', 1, 'WFA', '', 0, 0, 0, '', 11, 11, '2020-02-08 11:07:24', '2020-02-08 16:37:24'),
(36, 40220026, 36, 'NA', 1, 'WFA', '', 0, 0, 0, '', 11, 11, '2020-02-08 11:07:24', '2020-02-08 16:37:24'),
(37, 40220026, 38, 'NA', 1, 'WFA', '', 0, 0, 0, '', 11, 11, '2020-02-08 11:08:00', '2020-02-08 16:38:00'),
(38, 40220027, 39, 'NA', 1, 'WFA', '', 0, 0, 0, '', 15, 15, '2020-02-08 11:08:35', '2020-02-08 16:38:35'),
(39, 40220028, 40, 'NA', 1, 'WFA', '', 0, 0, 0, '', 15, 15, '2020-02-08 11:11:14', '2020-02-08 16:41:14'),
(40, 40220029, 41, 'NA', 1, 'WFA', '', 0, 0, 0, '', 15, 15, '2020-02-08 11:13:58', '2020-02-08 16:43:58'),
(41, 40220030, 42, 'NA', 1, 'WFA', '', 0, 0, 0, '', 15, 15, '2020-02-08 11:17:25', '2020-02-08 16:47:25'),
(42, 40220031, 43, 'NA', 1, 'WFA', '', 0, 0, 0, '', 11, 11, '2020-02-08 11:18:18', '2020-02-08 16:48:18'),
(43, 40220032, 44, 'BA', 1, 'WFA', '', 0, 0, 0, '', 15, 15, '2020-02-08 11:19:14', '2020-02-08 16:49:14'),
(44, 40220031, 45, 'NA', 1, 'WFA', '', 0, 0, 0, '', 11, 11, '2020-02-08 11:20:46', '2020-02-08 16:50:46'),
(45, 40220033, 46, 'NA', 1, 'WFA', '', 0, 0, 0, '', 15, 15, '2020-02-08 11:22:04', '2020-02-08 16:52:04'),
(46, 40220031, 47, 'NA', 1, 'WFA', '', 0, 0, 0, '', 11, 11, '2020-02-08 11:23:06', '2020-02-08 16:53:06'),
(47, 40220035, 49, 'NA', 1, 'WFA', '', 0, 0, 0, '', 15, 15, '2020-02-08 11:26:32', '2020-02-08 16:56:32'),
(48, 40220034, 48, NULL, 1, 'WFA', '', 0, 0, 0, '', 11, 11, '2020-02-08 11:27:21', '2020-02-08 16:57:21'),
(49, 40220036, 50, 'NA', 1, 'WFA', '', 0, 0, 0, '', 15, 15, '2020-02-08 11:28:04', '2020-02-08 16:58:04'),
(50, 40220037, 51, 'NA', 1, 'WFA', '', 0, 0, 0, '', 15, 15, '2020-02-08 11:29:29', '2020-02-08 16:59:29'),
(51, 40220038, 52, NULL, 1, 'WFA', '', 0, 0, 0, '', 11, 11, '2020-02-08 11:30:13', '2020-02-08 17:00:13'),
(52, 40220039, 53, 'NA', 1, 'WFA', '', 0, 0, 0, '', 15, 15, '2020-02-08 11:30:46', '2020-02-08 17:00:46'),
(53, 40220040, 54, 'NA', 1, 'WFA', '', 0, 0, 0, '', 15, 15, '2020-02-08 11:32:08', '2020-02-08 17:02:08'),
(54, 40220041, 55, 'NA', 1, 'WFA', '', 0, 0, 0, '', 15, 15, '2020-02-08 11:33:36', '2020-02-08 17:03:36'),
(55, 40220042, 56, 'NA', 1, 'WFA', '', 0, 0, 0, '', 15, 15, '2020-02-08 11:35:09', '2020-02-08 17:05:09'),
(56, 40220043, 57, 'NA', 1, 'WFA', '', 0, 0, 0, '', 15, 15, '2020-02-08 11:38:16', '2020-02-08 17:08:16'),
(57, 40220044, 58, NULL, 1, 'WFA', '', 0, 0, 0, '', 11, 11, '2020-02-08 11:42:37', '2020-02-08 17:12:37'),
(58, 40220045, 59, 'NA', 1, 'WFA', '', 0, 0, 0, '', 15, 15, '2020-02-08 11:43:58', '2020-02-08 17:13:58'),
(59, 40220046, 60, NULL, 1, 'WFA', '', 0, 0, 0, '', 11, 11, '2020-02-08 11:45:28', '2020-02-08 17:15:28'),
(60, 40220047, 61, 'NA', 1, 'WFA', '', 0, 0, 0, '', 15, 15, '2020-02-08 11:46:09', '2020-02-08 17:16:09'),
(61, 40220046, 62, NULL, 1, 'WFA', '', 0, 0, 0, '', 11, 11, '2020-02-08 11:48:35', '2020-02-08 17:18:35'),
(62, 40220048, 63, NULL, 1, 'WFA', '', 0, 0, 0, '', 11, 11, '2020-02-08 11:52:22', '2020-02-08 17:22:22'),
(63, 40220049, 64, NULL, 1, 'WFA', '', 0, 0, 0, '', 11, 11, '2020-02-08 11:55:35', '2020-02-08 17:25:35'),
(64, 40220053, 65, NULL, 1, 'NO RMA REECIVED', '', 0, 0, 0, '', 15, 15, '2020-02-10 06:19:15', '2020-02-10 11:49:15'),
(65, 40220051, 66, 'NA', 1, 'SHOWING ERROR CODE 0x0c0ed919', '', 0, 0, 0, '', 1, 1, '2020-02-10 09:50:01', '2020-02-10 15:20:01'),
(66, 40220051, 67, 'NA', 1, 'TRIP COMMAND IS BEING GENERATED CONTINOUSLY BECAUSE OF TIME BETWEEN START, EVEN AFTER 3 HOURS OF MOTOR OFF STATE , AS SOON AS ITS IS RESET MANUALLY IN RELAY  TRIP  COMMAND IS RELEASED', '', 0, 0, 0, '', 1, 1, '2020-02-10 09:50:01', '2020-02-10 15:20:01'),
(67, 40220051, 68, 'NA', 1, 'SOME CONTACT ARE NOT CHANGING , HENCE ACB CLOSE COMMAND IS NOT BEING GENERATED', '', 0, 0, 0, '', 1, 1, '2020-02-10 09:50:01', '2020-02-10 15:20:01'),
(68, 40220051, 69, 'NA', 1, 'CONTACT ARE NOT CHANGING FROM NO TO NC EVEN WHWN DI IS  CHNAGED FROM  0 TO 1', '', 0, 0, 0, '', 1, 1, '2020-02-10 09:50:02', '2020-02-10 15:20:02'),
(69, 40220051, 70, 'NA', 1, 'ONE PHASE VOLTAGE IS NOT  BEING READ , EVEN WHEN PH VOLTAGE AT RELAY INPUT IS 110 VOLT FOR  ALL THREE PHASES', '', 0, 0, 0, '', 1, 1, '2020-02-10 09:50:02', '2020-02-10 15:20:02'),
(70, 40220012, 71, NULL, 1, 'R PHASE CURRENT NOT READING', '', 0, 0, 0, '', 11, 11, '2020-02-10 10:36:54', '2020-02-10 16:06:54'),
(71, 40220012, 72, NULL, 1, 'R PHASE CURRENT NOT READING', '', 0, 0, 0, '', 11, 11, '2020-02-10 10:36:54', '2020-02-10 16:06:54'),
(72, 40220012, 73, NULL, 1, 'R PHASE CURRENT NOT READING', '', 0, 0, 0, '', 11, 11, '2020-02-10 10:36:54', '2020-02-10 16:06:54'),
(73, 40220054, 74, '51J', 1, '10 DAYS ONCE RELAY REBOOTING AUTOMATICALLY', '', 0, 0, 0, '', 11, 11, '2020-02-14 08:20:15', '2020-02-14 13:50:15'),
(74, 40220052, 75, 'VX 110-125V DC', 1, 'RELAY COIL  BURNED DUE TO OVER HEATING , HENCE NOT WORKING', '', 0, 0, 0, '', 11, 11, '2020-02-11 04:42:34', '2020-02-11 10:12:34'),
(75, 40220052, 76, 'VX 110-125V DC', 1, 'RELAY COIL  BURNED DUE TO OVER HEATING , HENCE NOT WORKING', '', 0, 0, 0, '', 11, 11, '2020-02-11 04:42:35', '2020-02-11 10:12:35'),
(76, 40220052, 77, 'VX 110-125V DC', 1, 'RELAY COIL  BURNED DUE TO OVER HEATING , HENCE NOT WORKING', '', 0, 0, 0, '', 11, 11, '2020-02-11 04:42:36', '2020-02-11 10:12:36'),
(77, 40220057, 78, 'NA', 1, 'NOT WORKING', '', 0, 0, 0, '', 11, 11, '2020-02-11 05:21:07', '2020-02-11 10:51:07'),
(78, 40220059, 79, 'NA', 1, 'IN THIS RELAY NC CONTACTS  ARE NOT THERE , ALL ARE NO  CONTACTS ONLY', '', 0, 0, 0, '', 11, 11, '2020-02-11 06:19:29', '2020-02-11 11:49:29'),
(79, 40220060, 80, NULL, 2, 'MODIFICATION TO P141916A6M0510J', '3269050728', 0, 0, 0, '', 11, 11, '2020-02-11 06:33:43', '2020-02-11 12:03:43'),
(80, 40220061, 81, NULL, 2, 'MODIFICATION TO P643926B6M0070M', '3269052688', 0, 0, 0, '', 11, 11, '2020-02-11 06:45:24', '2020-02-11 12:15:24'),
(81, 40220061, 82, NULL, 2, 'MODIFICATION TO P643926B6M0070M', '3269052688', 0, 0, 0, '', 11, 11, '2020-02-11 06:45:24', '2020-02-11 12:15:24'),
(82, 40220058, 83, 'CPU4 CX66-2.1.0.10-BUILD1', 1, 'GCU WAS IN DISCVONNECTING MODE AND SHOWING ERROR  OF CALIBRATION FAILED', '', 1, 0, 0, '', 11, 11, '2020-02-11 08:25:10', '2020-02-11 13:55:10'),
(83, 40220050, 84, 'NA', 1, 'DURING INSTILLATION TNC SWITCH FOUND WITHOUT A SCREW', '', 1, 0, 0, '', 11, 11, '2020-02-11 09:02:46', '2020-02-11 14:32:46'),
(84, 40220065, 85, NULL, 2, 'MODIFICATIONT TO P643916D6M0060M', '3269PP1796 ,,, 3269049995', 0, 0, 0, '', 11, 11, '2020-02-11 09:34:02', '2020-02-11 15:04:02'),
(85, 40220067, 86, NULL, 1, 'ERROR CODE 0X0C0DDB15  &  0X0C220028', '', 0, 0, 0, '', 11, 11, '2020-02-12 03:16:02', '2020-02-12 08:46:02'),
(86, 40220068, 87, NULL, 1, 'AUX SUPPLY HAS O BE MODIFIED  FROM 24-48 DC TO 110VDC (WIDE RANGE)', '', 0, 0, 0, '', 11, 11, '2020-02-12 03:33:31', '2020-02-12 09:03:31'),
(87, 40220056, 88, NULL, 1, 'MODIFY  TO P14DG11D2C0620A', '', 0, 0, 0, '', 11, 11, '2020-02-12 04:04:04', '2020-02-12 09:34:04'),
(88, 40220056, 89, NULL, 1, 'MODIFY  TO P14DG11D2C0620A', '', 0, 0, 0, '', 11, 11, '2020-02-12 04:04:04', '2020-02-12 09:34:04'),
(89, 40220069, 90, 'C264-5.0.4.1 BUILD-03', 2, 'C264 GOING TO HALT MODE WHWN CONNECTING TO LHMI          \nETH ID:64781', '3269PWARGASYS17-PP1028', 1, 0, 0, '', 11, 11, '2020-02-12 04:30:11', '2020-02-12 10:00:11'),
(90, 40220069, 91, 'C264-5.0.4.1 BUILD-03', 2, 'C264 GOING TO HALT MODE WHWN CONNECTING TO LHMI \nETH ID:64776', '3269PWARGASYS17-PP1028', 0, 0, 0, '', 11, 11, '2020-02-12 04:30:11', '2020-02-12 10:00:11'),
(91, 40220069, 92, 'C264-5.0.4.1 BUILD-03', 2, 'C264 GOING TO HALT MODE WHWN CONNECTING TO LHMI \nETH ID:64778', '3269PWARGASYS17-PP1028', 0, 0, 0, '', 11, 11, '2020-02-12 04:30:11', '2020-02-12 10:00:11'),
(92, 40220069, 93, 'C264-5.0.4.1 BUILD-03', 2, 'C264 GOING TO HALT MODE WHWN CONNECTING TO LHMI \nETH ID:64775', '3269PWARGASYS17-PP1028', 0, 0, 0, '', 11, 11, '2020-02-12 04:30:11', '2020-02-12 10:00:11'),
(93, 40220070, 94, NULL, 2, 'MODIFY TO P54391RC6M0790M', '3269PP1839/3269050872', 0, 0, 0, NULL, 11, 11, '2020-02-13 03:27:34', '2020-02-13 08:57:34'),
(94, 40220070, 95, NULL, 2, 'MODIFY TO P54391RC6M0790M', NULL, 0, 0, 0, NULL, 11, 11, '2020-02-13 03:27:34', '2020-02-13 08:57:34'),
(95, 40220070, 96, NULL, 2, 'MODIFY TO P54391RC6M0790M', NULL, 0, 0, 0, NULL, 11, 11, '2020-02-13 03:27:34', '2020-02-13 08:57:34'),
(96, 40220064, 97, NULL, 1, 'NO RMA RECEIVED', '', 0, 0, 0, '', 11, 11, '2020-02-12 08:21:52', '2020-02-12 13:51:52'),
(97, 40220063, 98, NULL, 1, '66 KV LINE NO NO BCU HMI LCD DISPLAY FAULTY', '', 0, 0, 0, '', 11, 11, '2020-02-12 08:43:31', '2020-02-12 14:13:31'),
(98, 40220062, 99, NULL, 1, 'NO RMA RECEIVED', '', 0, 0, 0, '', 11, 11, '2020-02-12 09:10:33', '2020-02-12 14:40:33'),
(99, 40220072, 101, NULL, 1, 'NO RMA RECEIVED', '', 0, 0, 0, '', 11, 11, '2020-02-13 03:56:27', '2020-02-13 09:26:27'),
(100, 40220072, 100, NULL, 1, '75B RELAY IS MECHANICAL ISSUE , I TRY TO PICK UP THE MANUALLY 75B RELAY DID NOT PICK UP , IF IS INJECT THE DC VOLTAGE THAT TIME PACK THE RELAY AFTER REMOVE DC MEANCE AUTOMATICALLY DROPPED', '', 0, 0, 0, '', 11, 11, '2020-02-13 04:03:35', '2020-02-13 09:33:35'),
(101, 40220072, 102, NULL, 1, 'SYN SELECTOR SWITCH IS MECHANICAL ISSUE IT STRUCKED THE OFF STAGE ,IN THIS SWITCH IS DID NOT OPERATE ON OR OFF', '', 0, 0, 0, '', 11, 11, '2020-02-13 04:03:35', '2020-02-13 09:33:35'),
(102, 40220071, 103, NULL, 1, 'NOT WORKING', '', 0, 0, 0, '', 11, 11, '2020-02-13 04:52:15', '2020-02-13 10:22:15'),
(103, 40220071, 104, NULL, 1, 'NOT WORKIG', '', 0, 0, 0, '', 11, 11, '2020-02-13 04:52:15', '2020-02-13 10:22:15'),
(104, 40220071, 105, 'NA', 1, 'NOT WORKING', '', 0, 0, 0, '', 11, 11, '2020-02-14 06:34:13', '2020-02-14 12:04:13'),
(105, 40220073, 106, 'VX WORKS', 2, 'NIC NO RESPONSE', '', 0, 0, 0, '', 11, 11, '2020-02-13 05:32:27', '2020-02-13 11:02:27'),
(106, 40220074, 107, 'A VIEW 7.0.4.7', 2, 'CPU4 CARD FAULTY', '', 0, 0, 0, '', 11, 11, '2020-02-13 05:35:32', '2020-02-13 11:05:32'),
(107, 40220075, 108, 'P141_520B', 2, 'Entered wrongly - do not account', '3269PP1773', 0, 0, 0, NULL, 11, 9, '2020-02-13 06:07:28', '2020-02-13 11:37:28'),
(108, 40220076, 109, 'P141_520B', 2, 'ERROR CODE:0X350C002D(AFTER DC POWER)', '3269PP1773', 0, 0, 0, '', 11, 11, '2020-02-13 06:21:13', '2020-02-13 11:51:13'),
(109, 40220076, 110, 'P141_520B', 2, 'ERROR CODE:0X350C002D(AFTER DC POWER)', '3269PP1773', 0, 0, 0, '', 11, 11, '2020-02-13 06:21:13', '2020-02-13 11:51:13'),
(110, 40220076, 111, 'P141_520B', 2, 'ERROR CODE:0X350C002D', '3269PP1773', 0, 0, 0, '', 11, 11, '2020-02-13 06:21:13', '2020-02-13 11:51:13'),
(111, 40220076, 112, 'P141_520B', 2, 'ERROR CODE:0X350C002D', '3269PP1773', 0, 0, 0, '', 11, 11, '2020-02-13 06:21:14', '2020-02-13 11:51:14'),
(112, 40220066, 113, NULL, 1, 'NO RMA RECEIVED', '', 0, 0, 0, '', 11, 11, '2020-02-13 06:34:23', '2020-02-13 12:04:23'),
(113, 40220055, 114, NULL, 1, 'NO RMA RECEIVED', '', 0, 0, 0, '', 10, 10, '2020-02-13 08:36:10', '2020-02-13 14:06:10'),
(114, 40220055, 115, NULL, 1, 'NO RMA RECEIVED', '', 0, 0, 0, '', 10, 10, '2020-02-13 08:36:11', '2020-02-13 14:06:11'),
(115, 40220055, 116, NULL, 1, 'NO RMA RECEIVED', '', 0, 0, 0, '', 10, 10, '2020-02-13 08:36:11', '2020-02-13 14:06:11'),
(116, 40220085, 117, NULL, 1, 'showing field voltage  fail alarm contionously and unable to reset', '', 0, 0, 0, '', 11, 11, '2020-02-13 12:17:34', '2020-02-13 17:47:34'),
(117, 40220086, 118, 'C264-2.4.5.0', 2, 'BCU 1 NO DIU CARD SHOWN DEF\nETHERNET-80B32A980D19', '3269PP1739-17', 0, 0, 0, '', 11, 11, '2020-02-13 12:34:39', '2020-02-13 18:04:39'),
(118, 40220077, 119, NULL, 1, 'REELAY IS NOT OPERATING AND CONTACTS ARE NOT LACHING', '', 0, 0, 0, '', 11, 11, '2020-02-14 03:24:46', '2020-02-14 08:54:46'),
(119, 40220077, 120, NULL, 1, 'CHANGE OVER CONTACTS ARE NOT WORKING', '', 0, 0, 0, '', 11, 11, '2020-02-14 03:24:47', '2020-02-14 08:54:47'),
(120, 40220078, 130, 'P546_6A_790_C', 1, 'O/P CONTACT BURNT', '', 0, 0, 0, '', 11, 11, '2020-02-14 04:17:56', '2020-02-14 09:47:56'),
(121, 40220078, 121, 'P141_6G_520_B', 1, 'ERROR CODE:0X350C002D', '', 0, 0, 0, '', 11, 11, '2020-02-14 04:22:04', '2020-02-14 09:52:04'),
(122, 40220078, 122, NULL, 1, 'NOT WORKING PROPERLY', '', 0, 0, 0, '', 11, 11, '2020-02-14 04:22:04', '2020-02-14 09:52:04'),
(123, 40220078, 123, NULL, 1, 'NOT WORKING PROPERLY', '', 0, 0, 0, '', 11, 11, '2020-02-14 04:22:05', '2020-02-14 09:52:05'),
(124, 40220078, 124, NULL, 1, 'INSIDE CABLE MELTED', '', 0, 0, 0, '', 11, 11, '2020-02-14 04:22:05', '2020-02-14 09:52:05'),
(125, 40220078, 125, NULL, 1, 'RELAY COIL NOT WORKING', '', 0, 0, 0, '', 11, 11, '2020-02-14 04:22:05', '2020-02-14 09:52:05'),
(126, 40220078, 126, NULL, 1, 'RELAY COIL NOT WORKING', '', 0, 0, 0, '', 11, 11, '2020-02-14 04:22:05', '2020-02-14 09:52:05'),
(127, 40220078, 127, NULL, 1, 'VOLTAGE AND CURRENT RATIO MISMATCHINPU', '', 0, 0, 0, '', 11, 11, '2020-02-14 04:22:05', '2020-02-14 09:52:05'),
(128, 40220078, 128, NULL, 1, 'INPUT OPTO LED BURNT V', '', 0, 0, 0, '', 11, 11, '2020-02-14 04:22:05', '2020-02-14 09:52:05'),
(129, 40220078, 129, NULL, 1, 'CPU FAULTY', '', 0, 0, 0, '', 11, 11, '2020-02-14 04:22:05', '2020-02-14 09:52:05'),
(130, 40220078, 121, 'P141_6G_520_B', 1, 'ERROR CODE:0X350C002D', '', 0, 0, 0, '', 11, 11, '2020-02-14 04:22:11', '2020-02-14 09:52:11'),
(131, 40220078, 122, NULL, 1, 'NOT WORKING PROPERLY', '', 0, 0, 0, '', 11, 11, '2020-02-14 04:22:11', '2020-02-14 09:52:11'),
(132, 40220078, 123, NULL, 1, 'NOT WORKING PROPERLY', '', 0, 0, 0, '', 11, 11, '2020-02-14 04:22:11', '2020-02-14 09:52:11'),
(133, 40220078, 124, NULL, 1, 'INSIDE CABLE MELTED', '', 0, 0, 0, '', 11, 11, '2020-02-14 04:22:11', '2020-02-14 09:52:11'),
(134, 40220078, 125, NULL, 1, 'RELAY COIL NOT WORKING', '', 0, 0, 0, '', 11, 11, '2020-02-14 04:22:11', '2020-02-14 09:52:11'),
(135, 40220078, 126, NULL, 1, 'RELAY COIL NOT WORKING', '', 0, 0, 0, '', 11, 11, '2020-02-14 04:22:11', '2020-02-14 09:52:11'),
(136, 40220078, 127, NULL, 1, 'VOLTAGE AND CURRENT RATIO MISMATCHINPU', '', 0, 0, 0, '', 11, 11, '2020-02-14 04:22:11', '2020-02-14 09:52:11'),
(137, 40220078, 128, NULL, 1, 'INPUT OPTO LED BURNT V', '', 0, 0, 0, '', 11, 11, '2020-02-14 04:22:12', '2020-02-14 09:52:12'),
(138, 40220078, 129, NULL, 1, 'CPU FAULTY', '', 0, 0, 0, '', 11, 11, '2020-02-14 04:22:12', '2020-02-14 09:52:12'),
(139, 40220084, 131, NULL, 1, 'NO RMA RECEIVED', '', 0, 0, 0, '', 11, 11, '2020-02-14 05:03:33', '2020-02-14 10:33:33'),
(140, 40220084, 132, NULL, 1, 'NO RMA RECEIVED', '', 0, 0, 0, '', 11, 11, '2020-02-14 05:03:33', '2020-02-14 10:33:33'),
(141, 40220084, 133, NULL, 1, 'NO RMA RECEIVED', '', 0, 0, 0, '', 11, 11, '2020-02-14 05:03:33', '2020-02-14 10:33:33'),
(142, 40220084, 134, NULL, 1, 'NO RMA RECEIVED', '', 0, 0, 0, '', 11, 11, '2020-02-14 05:03:33', '2020-02-14 10:33:33'),
(143, 40220087, 135, NULL, 1, 'P141916A6M0520J', '', 0, 0, 0, '', 11, 11, '2020-02-14 06:00:36', '2020-02-14 11:30:36'),
(144, 40220087, 136, NULL, 1, 'P141916A6M0520J', '', 0, 0, 0, '', 11, 11, '2020-02-14 06:00:36', '2020-02-14 11:30:36'),
(145, 40220087, 137, NULL, 1, 'P141916A6M0520J', '', 0, 0, 0, '', 11, 11, '2020-02-14 06:00:36', '2020-02-14 11:30:36'),
(146, 40220087, 138, NULL, 1, 'P141916A6M0520J', '', 0, 0, 0, '', 11, 11, '2020-02-14 06:00:37', '2020-02-14 11:30:37'),
(147, 40220087, 139, NULL, 1, 'P642926D6M0070P', '', 0, 0, 0, '', 11, 11, '2020-02-14 06:00:37', '2020-02-14 11:30:37'),
(148, 40220087, 140, NULL, 1, 'P642926D6M0070P', '', 0, 0, 0, '3269PP1955/3269053274', 11, 11, '2020-02-14 06:00:37', '2020-02-14 11:30:37'),
(149, 40220080, 141, '51', 1, 'ERROR CODE PROBLEM', '', 0, 0, 0, '', 11, 11, '2020-02-14 06:49:39', '2020-02-14 12:19:39'),
(150, 40220088, 142, NULL, 1, 'TO P64392AE6M0060M', '', 0, 0, 0, '', 11, 11, '2020-02-14 07:52:05', '2020-02-14 13:22:05'),
(151, 40220089, 143, '710_C', 2, 'NEED TO MODIFY RELSY TO P442916B7M0710M\nCOMMUNICATION CARD IS REQUIRED', '', 0, 0, 0, '', 11, 11, '2020-02-14 07:59:13', '2020-02-14 13:29:13'),
(152, 40220001, 145, NULL, 1, '', '', 0, 0, 0, '', 1, 1, '2020-02-18 18:24:34', '2020-02-18 23:54:34'),
(153, 40220001, 145, NULL, 1, '', '', 0, 0, 0, '', 1, 1, '2020-02-18 18:26:37', '2020-02-18 23:56:37'),
(154, 40220001, 144, NULL, 1, '', '', 0, 0, 0, '', 1, 1, '2020-02-18 18:27:47', '2020-02-18 23:57:47'),
(155, 40220088, 146, NULL, 1, 'CUSTOMER FAULT', '', 0, 0, 0, '', 1, 1, '2020-02-25 08:00:38', '2020-02-25 13:30:38'),
(156, 40220006, 147, NULL, 1, 'CUSTOEMR DESC', NULL, 0, 0, 0, NULL, 1, 1, '2020-02-25 08:37:53', '2020-02-25 14:07:53'),
(157, 40220090, 148, 'CX', 2, '', '', 0, 0, 0, '', 1, 1, '2020-03-05 07:33:33', '2020-03-05 13:03:33'),
(158, 40220091, 149, 'CX', 2, '', '', 0, 0, 0, '', 1, 1, '2020-03-05 07:35:08', '2020-03-05 13:05:08'),
(159, 40220092, 150, 'CX', 2, '', '', 0, 0, 0, '', 1, 1, '2020-03-05 07:35:23', '2020-03-05 13:05:23'),
(160, 40220093, 151, 'CX', 2, '', '', 0, 0, 0, '', 1, 1, '2020-03-05 07:35:57', '2020-03-05 13:05:57'),
(161, 40220094, 152, 'CX', 2, '', '', 0, 0, 0, '', 1, 1, '2020-03-05 07:36:05', '2020-03-05 13:06:05'),
(162, 40220094, 153, 'VBC', 2, '', '', 0, 0, 0, '', 1, 1, '2020-03-05 07:36:05', '2020-03-05 13:06:05'),
(163, 40220094, 154, '12', 2, '', '', 0, 0, 0, '', 1, 1, '2020-03-05 07:36:05', '2020-03-05 13:06:05');

-- --------------------------------------------------------

--
-- Table structure for table `rma_unit_serial_number`
--

CREATE TABLE `rma_unit_serial_number` (
  `id` bigint(11) NOT NULL,
  `rma_unit_information_id` bigint(11) NOT NULL,
  `serial_number` varchar(10) NOT NULL,
  `created_by` int(11) NOT NULL,
  `updated_by` int(11) NOT NULL,
  `created_at` timestamp NOT NULL DEFAULT CURRENT_TIMESTAMP ON UPDATE CURRENT_TIMESTAMP,
  `updated_at` datetime NOT NULL
) ENGINE=InnoDB DEFAULT CHARSET=latin1;

-- --------------------------------------------------------

--
-- Table structure for table `rms`
--

CREATE TABLE `rms` (
  `pv_id` bigint(20) NOT NULL,
  `rack_id` varchar(15) DEFAULT NULL,
  `rack_type` tinyint(4) DEFAULT NULL COMMENT '1.Repair, 2.Customer Rack, 3.Post Lab, 4.Application Lab, 5.PV Rack',
  `moved_date` date NOT NULL,
  `updated_at` timestamp NOT NULL DEFAULT CURRENT_TIMESTAMP,
  `created_at` timestamp NOT NULL DEFAULT CURRENT_TIMESTAMP,
  `updated_by` bigint(20) NOT NULL,
  `created_by` bigint(20) NOT NULL
) ENGINE=InnoDB DEFAULT CHARSET=latin1;

--
-- Dumping data for table `rms`
--

INSERT INTO `rms` (`pv_id`, `rack_id`, `rack_type`, `moved_date`, `updated_at`, `created_at`, `updated_by`, `created_by`) VALUES
(7, 'ABC', 1, '2020-02-26', '2020-02-26 14:49:37', '2020-01-03 12:09:33', 1, 1),
(8, 'A005', 5, '2020-02-06', '2020-02-06 09:34:12', '2020-01-07 09:41:54', 1, 7),
(9, '', 1, '2020-02-10', '2020-02-10 13:53:16', '2020-01-07 09:41:54', 12, 7),
(10, '', 1, '2020-02-10', '2020-02-10 14:00:59', '2020-02-10 14:00:59', 12, 12),
(11, '', 1, '2020-02-10', '2020-02-10 14:02:05', '2020-02-10 14:02:05', 12, 12),
(12, '', 1, '2020-02-10', '2020-02-10 13:48:03', '2020-01-07 11:06:38', 12, 7),
(13, '', 1, '2020-02-10', '2020-02-10 13:48:03', '2020-01-07 11:33:54', 12, 7),
(14, 'A007', 1, '2020-02-06', '2020-02-06 09:36:54', '2020-02-04 06:30:56', 1, 11),
(15, '', 1, '2020-02-10', '2020-02-10 14:05:17', '2020-02-06 04:26:41', 12, 11),
(16, '', 1, '2020-02-11', '2020-02-11 11:08:27', '2020-02-06 04:52:42', 6, 11),
(17, '', 1, '2020-02-10', '2020-02-10 14:03:49', '2020-02-06 05:29:53', 12, 11),
(18, '', 1, '2020-02-11', '2020-02-11 03:45:43', '2020-02-06 05:58:55', 12, 11),
(19, '', 5, '2020-02-08', '2020-02-08 04:31:03', '2020-02-08 04:31:03', 11, 11),
(20, '', 5, '2020-02-08', '2020-02-08 04:42:26', '2020-02-08 04:42:26', 11, 11),
(21, '', 1, '2020-02-10', '2020-02-10 14:02:32', '2020-02-08 04:54:49', 12, 11),
(22, '', 5, '2020-02-08', '2020-02-08 05:21:33', '2020-02-08 05:21:33', 11, 11),
(23, '', 5, '2020-02-08', '2020-02-08 06:07:45', '2020-02-08 06:07:45', 11, 11),
(24, '', 5, '2020-02-08', '2020-02-08 06:18:50', '2020-02-08 06:18:50', 11, 11),
(25, '', 5, '2020-02-08', '2020-02-08 06:20:27', '2020-02-08 06:20:27', 11, 11),
(26, '', 5, '2020-02-08', '2020-02-08 06:36:13', '2020-02-08 06:36:13', 11, 11),
(27, '', 5, '2020-02-08', '2020-02-08 06:38:46', '2020-02-08 06:38:46', 11, 11),
(28, '', 5, '2020-02-08', '2020-02-08 07:10:51', '2020-02-08 07:10:51', 11, 11),
(29, '', 5, '2020-02-08', '2020-02-08 07:12:46', '2020-02-08 07:12:46', 11, 11),
(30, '', 5, '2020-02-08', '2020-02-08 07:13:49', '2020-02-08 07:13:49', 11, 11),
(31, '', 5, '2020-02-08', '2020-02-08 07:14:58', '2020-02-08 07:14:58', 11, 11),
(32, '', 5, '2020-02-08', '2020-02-08 07:17:44', '2020-02-08 07:17:44', 11, 11),
(33, '', 5, '2020-02-08', '2020-02-08 10:45:12', '2020-02-08 10:45:12', 15, 15),
(34, '', 5, '2020-02-08', '2020-02-08 10:52:34', '2020-02-08 10:52:34', 15, 15),
(35, '', 5, '2020-02-08', '2020-02-08 10:59:25', '2020-02-08 10:59:25', 11, 11),
(36, '', 5, '2020-02-08', '2020-02-08 11:00:19', '2020-02-08 11:00:19', 11, 11),
(37, '', 5, '2020-02-08', '2020-02-08 11:01:08', '2020-02-08 11:01:08', 15, 15),
(38, '', 5, '2020-02-08', '2020-02-08 11:01:54', '2020-02-08 11:01:54', 11, 11),
(39, '', 5, '2020-02-08', '2020-02-08 11:08:01', '2020-02-08 11:08:01', 15, 15),
(40, '', 5, '2020-02-08', '2020-02-08 11:10:47', '2020-02-08 11:10:47', 15, 15),
(41, '', 5, '2020-02-08', '2020-02-08 11:13:14', '2020-02-08 11:13:14', 15, 15),
(42, '', 5, '2020-02-08', '2020-02-08 11:16:41', '2020-02-08 11:16:41', 15, 15),
(43, '', 5, '2020-02-08', '2020-02-08 11:17:40', '2020-02-08 11:17:40', 11, 11),
(44, '', 5, '2020-02-08', '2020-02-08 11:18:46', '2020-02-08 11:18:46', 15, 15),
(45, '', 5, '2020-02-08', '2020-02-08 11:19:55', '2020-02-08 11:19:55', 11, 11),
(46, '', 5, '2020-02-08', '2020-02-08 11:21:28', '2020-02-08 11:21:28', 15, 15),
(47, '', 5, '2020-02-08', '2020-02-08 11:22:41', '2020-02-08 11:22:41', 11, 11),
(48, '', 5, '2020-02-08', '2020-02-08 11:25:49', '2020-02-08 11:25:49', 11, 11),
(49, '', 5, '2020-02-08', '2020-02-08 11:25:56', '2020-02-08 11:25:56', 15, 15),
(50, '', 5, '2020-02-08', '2020-02-08 11:27:45', '2020-02-08 11:27:45', 15, 15),
(51, '', 5, '2020-02-08', '2020-02-08 11:29:01', '2020-02-08 11:29:01', 15, 15),
(52, '', 5, '2020-02-08', '2020-02-08 11:29:36', '2020-02-08 11:29:36', 11, 11),
(53, '', 5, '2020-02-08', '2020-02-08 11:30:23', '2020-02-08 11:30:23', 15, 15),
(54, '', 5, '2020-02-08', '2020-02-08 11:31:46', '2020-02-08 11:31:46', 15, 15),
(55, '', 5, '2020-02-08', '2020-02-08 11:33:16', '2020-02-08 11:33:16', 15, 15),
(56, '', 5, '2020-02-08', '2020-02-08 11:34:48', '2020-02-08 11:34:48', 15, 15),
(57, '', 5, '2020-02-08', '2020-02-08 11:37:48', '2020-02-08 11:37:48', 15, 15),
(58, '', 5, '2020-02-08', '2020-02-08 11:42:01', '2020-02-08 11:42:01', 11, 11),
(59, '', 5, '2020-02-08', '2020-02-08 11:43:12', '2020-02-08 11:43:12', 15, 15),
(60, '', 5, '2020-02-08', '2020-02-08 11:44:54', '2020-02-08 11:44:54', 11, 11),
(61, '', 5, '2020-02-08', '2020-02-08 11:45:46', '2020-02-08 11:45:46', 15, 15),
(62, '', 5, '2020-02-08', '2020-02-08 11:48:13', '2020-02-08 11:48:13', 11, 11),
(63, '', 5, '2020-02-08', '2020-02-08 11:50:57', '2020-02-08 11:50:57', 11, 11),
(64, '', 2, '2020-02-11', '2020-02-11 11:48:38', '2020-02-08 11:55:03', 12, 11),
(65, '', 2, '2020-02-11', '2020-02-11 03:09:48', '2020-02-10 04:25:36', 12, 15),
(66, '', 1, '2020-02-11', '2020-02-11 03:12:37', '2020-02-10 09:28:51', 12, 1),
(67, '', 1, '2020-02-11', '2020-02-11 03:12:41', '2020-02-10 09:32:48', 12, 1),
(68, '', 5, '2020-02-10', '2020-02-10 09:37:07', '2020-02-10 09:37:07', 1, 1),
(69, '', 5, '2020-02-10', '2020-02-10 09:39:01', '2020-02-10 09:39:01', 1, 1),
(70, '', 5, '2020-02-10', '2020-02-10 09:41:03', '2020-02-10 09:41:03', 1, 1),
(71, '', 1, '2020-02-13', '2020-02-13 09:20:53', '2020-02-10 10:33:43', 6, 11),
(72, '', 1, '2020-02-19', '2020-02-18 19:02:37', '2020-02-10 10:34:29', 1, 11),
(73, '', 1, '2020-02-13', '2020-02-13 09:22:07', '2020-02-10 10:35:22', 6, 11),
(74, '', 1, '2020-02-11', '2020-02-11 03:57:47', '2020-02-10 11:25:30', 12, 11),
(75, '', 1, '2020-02-11', '2020-02-11 11:22:37', '2020-02-11 04:30:24', 6, 11),
(76, '', 1, '2020-02-11', '2020-02-11 11:23:02', '2020-02-11 04:33:43', 6, 11),
(77, '', 1, '2020-02-11', '2020-02-11 11:23:28', '2020-02-11 04:36:17', 6, 11),
(78, '', 1, '2020-02-11', '2020-02-11 11:20:00', '2020-02-11 05:18:27', 6, 11),
(79, '', 1, '2020-02-11', '2020-02-11 11:21:07', '2020-02-11 06:16:33', 6, 11),
(80, '', 1, '2020-02-11', '2020-02-11 11:41:20', '2020-02-11 11:41:20', 6, 6),
(81, '', 1, '2020-02-11', '2020-02-11 11:15:22', '2020-02-11 11:15:22', 6, 6),
(82, '', 1, '2020-02-11', '2020-02-11 11:08:28', '2020-02-11 11:08:28', 6, 6),
(83, '', 1, '2020-02-11', '2020-02-11 11:11:40', '2020-02-11 08:22:51', 6, 11),
(84, '', 1, '2020-02-11', '2020-02-11 11:10:52', '2020-02-11 08:52:15', 6, 11),
(85, '', 1, '2020-02-11', '2020-02-11 11:09:10', '2020-02-11 11:09:10', 6, 6),
(86, '', 1, '2020-02-12', '2020-02-12 05:51:29', '2020-02-12 03:14:29', 6, 11),
(87, '', 1, '2020-02-12', '2020-02-12 07:21:51', '2020-02-12 03:32:09', 6, 11),
(88, '', 1, '2020-02-12', '2020-02-12 05:58:18', '2020-02-12 03:58:21', 6, 11),
(89, '', 1, '2020-02-12', '2020-02-12 05:57:41', '2020-02-12 04:00:15', 6, 11),
(90, '', 1, '2020-02-12', '2020-02-12 05:56:57', '2020-02-12 05:56:57', 6, 6),
(91, '', 1, '2020-02-12', '2020-02-12 05:54:33', '2020-02-12 05:54:33', 6, 6),
(92, '', 1, '2020-02-12', '2020-02-12 05:54:06', '2020-02-12 05:54:06', 6, 6),
(93, '', 1, '2020-02-12', '2020-02-12 05:53:35', '2020-02-12 05:53:35', 6, 6),
(94, '', 1, '2020-02-12', '2020-02-12 05:52:46', '2020-02-12 05:52:46', 6, 6),
(95, '', 1, '2020-02-12', '2020-02-12 05:52:17', '2020-02-12 05:52:17', 6, 6),
(96, '', 1, '2020-02-12', '2020-02-12 05:51:30', '2020-02-12 05:51:30', 6, 6),
(97, '', 2, '2020-02-13', '2020-02-13 06:02:45', '2020-02-12 08:19:27', 6, 11),
(98, '', 5, '2020-02-12', '2020-02-12 08:39:41', '2020-02-12 08:39:41', 11, 11),
(99, '', 5, '2020-02-12', '2020-02-12 09:06:43', '2020-02-12 09:06:43', 11, 11),
(100, '', 1, '2020-02-13', '2020-02-13 09:07:57', '2020-02-13 03:43:10', 6, 11),
(101, '', 1, '2020-02-13', '2020-02-13 09:12:42', '2020-02-13 03:47:08', 6, 11),
(102, '', 1, '2020-02-13', '2020-02-13 09:13:04', '2020-02-13 03:53:10', 6, 11),
(103, '', 1, '2020-02-13', '2020-02-13 09:06:03', '2020-02-13 04:30:35', 6, 11),
(104, '', 1, '2020-02-13', '2020-02-13 09:06:36', '2020-02-13 04:40:19', 6, 11),
(105, '', 1, '2020-02-13', '2020-02-13 05:58:42', '2020-02-13 04:48:40', 6, 11),
(106, '', 1, '2020-02-13', '2020-02-13 05:59:37', '2020-02-13 05:59:37', 6, 6),
(107, '', 1, '2020-02-13', '2020-02-13 05:57:39', '2020-02-13 05:57:39', 6, 6),
(108, '', 1, '2020-02-13', '2020-02-13 06:00:47', '2020-02-13 06:00:47', 6, 6),
(109, '', 1, '2020-02-13', '2020-02-13 09:11:10', '2020-02-13 09:11:10', 6, 6),
(110, '', 1, '2020-02-13', '2020-02-13 09:10:44', '2020-02-13 09:10:44', 6, 6),
(111, '', 1, '2020-02-13', '2020-02-13 09:10:22', '2020-02-13 09:10:22', 6, 6),
(112, '', 1, '2020-02-13', '2020-02-13 09:09:55', '2020-02-13 09:09:55', 6, 6),
(113, '', 1, '2020-02-13', '2020-02-13 09:23:03', '2020-02-13 06:33:07', 6, 11),
(114, '', 5, '2020-02-13', '2020-02-13 08:25:27', '2020-02-13 08:25:27', 10, 10),
(115, '', 5, '2020-02-13', '2020-02-13 08:32:15', '2020-02-13 08:32:15', 10, 10),
(116, '', 5, '2020-02-13', '2020-02-13 08:34:17', '2020-02-13 08:34:17', 10, 10),
(117, '', 5, '2020-02-13', '2020-02-13 12:14:38', '2020-02-13 12:14:38', 11, 11),
(119, '', 5, '2020-02-14', '2020-02-14 03:13:19', '2020-02-14 03:13:19', 11, 11),
(120, '', 5, '2020-02-14', '2020-02-14 03:16:56', '2020-02-14 03:16:56', 11, 11),
(121, '', 5, '2020-02-14', '2020-02-14 03:44:37', '2020-02-14 03:44:37', 11, 11),
(122, '', 5, '2020-02-14', '2020-02-14 03:46:56', '2020-02-14 03:46:56', 11, 11),
(123, '', 5, '2020-02-14', '2020-02-14 03:48:58', '2020-02-14 03:48:58', 11, 11),
(124, '', 5, '2020-02-14', '2020-02-14 03:51:37', '2020-02-14 03:51:37', 11, 11),
(125, '', 5, '2020-02-14', '2020-02-14 03:54:24', '2020-02-14 03:54:24', 11, 11),
(126, '', 5, '2020-02-14', '2020-02-14 03:56:54', '2020-02-14 03:56:54', 11, 11),
(127, '', 5, '2020-02-14', '2020-02-14 04:05:34', '2020-02-14 04:05:34', 11, 11),
(128, '', 5, '2020-02-14', '2020-02-14 04:09:17', '2020-02-14 04:09:17', 11, 11),
(129, '', 5, '2020-02-14', '2020-02-14 04:11:50', '2020-02-14 04:11:50', 11, 11),
(130, '', 5, '2020-02-14', '2020-02-14 04:15:30', '2020-02-14 04:15:30', 11, 11),
(131, '', 1, '2020-02-14', '2020-02-14 08:41:47', '2020-02-14 04:55:55', 6, 11),
(132, '', 1, '2020-02-14', '2020-02-14 08:40:36', '2020-02-14 04:57:19', 6, 11),
(133, '', 1, '2020-02-14', '2020-02-14 08:42:38', '2020-02-14 04:58:47', 6, 11),
(134, '', 1, '2020-02-14', '2020-02-14 08:43:39', '2020-02-14 05:00:37', 6, 11),
(135, '', 1, '2020-02-14', '2020-02-14 07:22:44', '2020-02-14 05:49:04', 6, 11),
(136, '', 1, '2020-02-14', '2020-02-14 07:18:33', '2020-02-14 05:50:30', 6, 11),
(137, '', 1, '2020-02-14', '2020-02-14 07:19:02', '2020-02-14 05:51:26', 6, 11),
(138, '', 1, '2020-02-14', '2020-02-14 07:20:35', '2020-02-14 05:55:09', 6, 11),
(139, '', 1, '2020-02-14', '2020-02-14 07:21:05', '2020-02-14 05:57:05', 6, 11),
(140, '', 1, '2020-02-14', '2020-02-14 07:21:40', '2020-02-14 05:57:57', 6, 11),
(141, '', 5, '2020-02-14', '2020-02-14 06:47:50', '2020-02-14 06:47:50', 11, 11),
(142, '', 1, '2020-02-14', '2020-02-14 08:44:38', '2020-02-14 07:48:50', 6, 11),
(144, '', 5, '2020-02-18', '2020-02-18 18:20:27', '2020-02-18 18:20:27', 1, 1),
(145, '', 5, '2020-02-18', '2020-02-18 18:24:04', '2020-02-18 18:24:04', 1, 1),
(146, '', 5, '2020-02-25', '2020-02-25 07:59:50', '2020-02-25 07:59:50', 1, 1),
(147, '', 5, '2020-02-25', '2020-02-25 08:30:26', '2020-02-25 08:30:26', 1, 1);

-- --------------------------------------------------------

--
-- Table structure for table `roles`
--

CREATE TABLE `roles` (
  `id` int(10) UNSIGNED NOT NULL,
  `name` varchar(255) COLLATE utf8mb4_unicode_ci NOT NULL
) ENGINE=InnoDB DEFAULT CHARSET=utf8mb4 COLLATE=utf8mb4_unicode_ci;

--
-- Dumping data for table `roles`
--

INSERT INTO `roles` (`id`, `name`) VALUES
(1, 'Admin'),
(2, 'Manager'),
(3, 'Technician');

-- --------------------------------------------------------

--
-- Table structure for table `role_user`
--

CREATE TABLE `role_user` (
  `user_id` bigint(20) NOT NULL,
  `role_id` bigint(20) NOT NULL
) ENGINE=InnoDB DEFAULT CHARSET=latin1;

--
-- Dumping data for table `role_user`
--

INSERT INTO `role_user` (`user_id`, `role_id`) VALUES
(1, 1),
(8, 2),
(9, 3),
(10, 3),
(11, 3),
(12, 2),
(13, 3),
(14, 3),
(15, 3),
(6, 2),
(16, 3);

-- --------------------------------------------------------

--
-- Table structure for table `users`
--

CREATE TABLE `users` (
  `id` bigint(20) UNSIGNED NOT NULL,
  `name` varchar(255) COLLATE utf8mb4_unicode_ci NOT NULL,
  `username` varchar(255) COLLATE utf8mb4_unicode_ci NOT NULL,
  `email` varchar(255) COLLATE utf8mb4_unicode_ci DEFAULT NULL,
  `email_verified_at` timestamp NULL DEFAULT NULL,
  `password` varchar(500) COLLATE utf8mb4_unicode_ci NOT NULL,
  `remember_token` varchar(100) COLLATE utf8mb4_unicode_ci DEFAULT NULL,
  `created_at` timestamp NULL DEFAULT NULL,
  `updated_at` timestamp NULL DEFAULT NULL,
  `created_by` tinyint(11) NOT NULL,
  `updated_by` tinyint(11) NOT NULL
) ENGINE=InnoDB DEFAULT CHARSET=utf8mb4 COLLATE=utf8mb4_unicode_ci;

--
-- Dumping data for table `users`
--

INSERT INTO `users` (`id`, `name`, `username`, `email`, `email_verified_at`, `password`, `remember_token`, `created_at`, `updated_at`, `created_by`, `updated_by`) VALUES
(1, 'Admin', 'admin', 'krishnan.sudhakar@ge.com', NULL, '$2y$10$zutaXj/ixnJzsHtRWGtgCefFdBnoDg.X3g3l6PcmkeEK9Ymck1TdS', NULL, NULL, '2020-01-08 11:26:16', 0, 1),
(6, 'Loganathan', 'loganathan', 'krishnan.loganathan@ge.com', NULL, '$2y$10$lf8DNhUuL33DLBUDZk2N0.G0qudeKn9SlCNaE4pX9JneMduJJV.QK', NULL, '2020-01-02 06:18:34', '2020-02-10 13:38:19', 1, 0),
(8, 'Pazhanivelu D', 'Pazhani', 'pazhanivelu.dhandapani@ge.com', NULL, '$2y$10$.d1Jvy7JpjGxzhfRDqaoQOJeB0sf9dMJ7bKZyi91R71EZSfoSIN5C', NULL, '2020-01-08 11:24:28', '2020-02-10 13:43:10', 1, 0),
(9, 'Robin Revanth', 'Robin', '', NULL, '$2y$10$UXqa0PprQaWFT6vVfM2Ake4.jyd9dXoOVVdQqHh/tWtin8sKNNRFi', NULL, '2020-01-08 11:25:28', '2020-02-11 07:05:10', 1, 0),
(10, 'Vinoth G', 'Vinoth', '', NULL, '$2y$10$ArBZkDcDpIdEdxSj8Loy5uiv7wONOqfuarOwu/GQ3lBeKMrxwsISW', NULL, '2020-01-08 11:32:19', '2020-01-08 11:32:19', 1, 0),
(11, 'Mohammed Sajid', 'Sajid', '', NULL, '$2y$10$MnQLxSCcuvWMxe.lOZNlKekyOitTy7EQdjEHUGX9I5gENMGW8kkrK', NULL, '2020-01-08 11:33:45', '2020-01-08 11:33:45', 1, 0),
(12, 'Sudhakar', 'Sudhakar', 'krishnan.sudhakar@ge.com', NULL, '$2y$10$f1HvX0g8YJ9y68mTgvpHyuWjKnpTGwdjZ8Wv4tcH..CWc0fh024Ja', NULL, '2020-01-08 11:38:09', '2020-02-10 13:44:54', 1, 0),
(13, 'Murali', 'murali', '', NULL, '$2y$10$dHukIPc379tVXy1vfsDWleVLoRsA.zdEVOisbWk6GEp.lONMyz5lm', NULL, '2020-02-04 03:44:10', '2020-02-04 03:44:10', 1, 0),
(14, 'Muthu', 'muthu', '', NULL, '$2y$10$5BuBdvb90fVfhBrxdDUyseDXBlv4X1ZHqkRXKskHI61.hHP.ODXnC', NULL, '2020-02-04 03:44:43', '2020-02-04 03:44:43', 1, 0),
(15, 'Suresh', 'suresh', 'support.repair@ge.com', NULL, '$2y$10$wQS7yDvkZW04HFt8L9Kup.hogAW28bdTSIiSwrmCEpoWxs//kONMm', NULL, '2020-02-04 10:04:50', '2020-02-04 10:04:50', 1, 0),
(16, 'Gunasekar K', 'Gunasekar', 'kesavan.gunasekar@ge.com', NULL, '$2y$10$ERA2mylgmhAQ29cFVuJ/U.QHzqu/mEq7/dcqn0s8uxSny4nqdAXCm', NULL, '2020-02-10 12:39:26', '2020-02-11 03:01:35', 12, 0);

-- --------------------------------------------------------

--
-- Table structure for table `verification_completion`
--

CREATE TABLE `verification_completion` (
  `pv_id` bigint(20) NOT NULL,
  `updated_no_of_terminal_blocks` varchar(11) DEFAULT NULL,
  `updated_sw_version` varchar(100) DEFAULT NULL,
  `updated_no_of_short_links` smallint(6) DEFAULT NULL,
  `clio_test` tinyint(1) NOT NULL,
  `rtd_test` tinyint(1) NOT NULL,
  `nic_test` tinyint(1) NOT NULL,
  `received_with_screws` tinyint(1) NOT NULL,
  `received_with_terminal` tinyint(1) NOT NULL,
  `case` tinyint(4) NOT NULL,
  `battery` tinyint(4) NOT NULL,
  `flops` tinyint(4) NOT NULL,
  `created_by` tinyint(4) NOT NULL,
  `updated_by` int(11) NOT NULL,
  `created_at` timestamp NOT NULL DEFAULT CURRENT_TIMESTAMP,
  `updated_at` datetime NOT NULL
) ENGINE=InnoDB DEFAULT CHARSET=latin1;

--
-- Dumping data for table `verification_completion`
--

INSERT INTO `verification_completion` (`pv_id`, `updated_no_of_terminal_blocks`, `updated_sw_version`, `updated_no_of_short_links`, `clio_test`, `rtd_test`, `nic_test`, `received_with_screws`, `received_with_terminal`, `case`, `battery`, `flops`, `created_by`, `updated_by`, `created_at`, `updated_at`) VALUES
(1, NULL, NULL, NULL, 0, 0, 0, 1, 1, 1, 1, 0, 1, 1, '2020-01-04 10:27:44', '2020-01-04 15:57:44'),
(2, NULL, NULL, NULL, 0, 0, 0, 1, 0, 1, 1, 0, 1, 1, '2020-01-04 10:49:10', '2020-01-04 16:19:10'),
(3, NULL, NULL, NULL, 0, 0, 0, 1, 0, 1, 1, 0, 1, 1, '2020-01-04 10:53:01', '2020-01-04 16:23:01'),
(4, NULL, NULL, NULL, 0, 0, 0, 1, 1, 1, 1, 0, 1, 1, '2020-01-04 10:56:36', '2020-01-04 16:26:36'),
(5, NULL, NULL, NULL, 0, 0, 0, 1, 1, 1, 1, 0, 1, 1, '2020-01-04 11:00:39', '2020-01-04 16:30:39'),
(6, NULL, NULL, NULL, 0, 0, 0, 0, 0, 1, 1, 0, 7, 7, '2020-01-04 11:16:30', '2020-01-04 16:46:30'),
(14, '0000', 'D 1.2', 0, 0, 0, 1, 1, 0, 1, 1, 0, 9, 9, '2020-02-12 05:11:11', '2020-02-12 10:41:11'),
(16, '0402', NULL, 0, 0, 0, 1, 1, 1, 1, 1, 0, 9, 9, '2020-02-12 06:42:52', '2020-02-12 12:12:52'),
(66, '0502', '60_F', 0, 1, 1, 1, 0, 1, 1, 1, 0, 9, 9, '2020-02-13 04:50:58', '2020-02-13 10:20:58'),
(67, NULL, NULL, 0, 1, 1, 1, 0, 0, 1, 1, 0, 9, 9, '2020-02-13 05:06:43', '2020-02-13 10:36:43'),
(71, NULL, NULL, NULL, 0, 0, 0, 1, 0, 0, 1, 0, 1, 1, '2020-02-26 14:32:36', '2020-02-26 20:02:36'),
(74, '0003', '51_K', 0, 1, 1, 1, 0, 1, 1, 1, 0, 9, 9, '2020-02-14 08:32:18', '2020-02-14 14:02:18'),
(80, NULL, NULL, 0, 1, 1, 1, 0, 0, 0, 1, 0, 9, 9, '2020-02-12 07:08:38', '2020-02-12 12:38:38'),
(81, '0402', '60_D', 0, 1, 1, 1, 0, 0, 0, 1, 0, 9, 9, '2020-02-12 08:45:17', '2020-02-12 14:15:17'),
(82, '0502', NULL, 0, 0, 0, 0, 0, 0, 0, 1, 0, 9, 9, '2020-02-12 08:21:55', '2020-02-12 13:51:55'),
(83, '0000', 'NA', 0, 1, 1, 1, 0, 0, 0, 1, 0, 9, 9, '2020-02-12 09:25:19', '2020-02-12 14:55:19'),
(85, '0502', '60_D', 0, 1, 1, 1, 0, 0, 0, 1, 0, 9, 9, '2020-02-12 06:24:57', '2020-02-12 11:54:57'),
(86, '0301', '440_J', 0, 1, 1, 1, 0, 1, 1, 1, 0, 9, 9, '2020-02-13 06:23:04', '2020-02-13 11:53:04'),
(87, '0601', '440_J', 0, 1, 1, 1, 0, 1, 0, 1, 0, 9, 9, '2020-02-13 07:00:41', '2020-02-13 12:30:41'),
(88, '0002', '620_D', 0, 1, 1, 1, 0, 1, 1, 1, 0, 9, 9, '2020-02-13 12:54:53', '2020-02-13 18:24:53'),
(89, '0002', '620_D', 0, 1, 1, 1, 1, 1, 1, 1, 0, 9, 9, '2020-02-13 12:54:19', '2020-02-13 18:24:19'),
(94, '0501', '790_D', 0, 1, 1, 1, 0, 0, 0, 1, 0, 9, 9, '2020-02-13 13:04:05', '2020-02-13 18:34:05'),
(95, '0502', '790_D', 0, 1, 1, 1, 0, 0, 0, 1, 0, 9, 9, '2020-02-13 13:08:46', '2020-02-13 18:38:46'),
(96, '0501', NULL, 0, 1, 1, 1, 0, 0, 0, 1, 0, 9, 9, '2020-02-13 13:13:08', '2020-02-13 18:43:08'),
(105, '0001', 'NA', 0, 1, 1, 1, 1, 1, 1, 1, 0, 9, 9, '2020-02-14 08:34:01', '2020-02-14 14:04:01'),
(106, '0000', 'Vx WorkS', 0, 1, 1, 1, 0, 0, 0, 1, 0, 9, 9, '2020-02-13 12:32:28', '2020-02-13 18:02:28'),
(107, '0000', 'A VIEW 7.0.4.7', 0, 1, 1, 1, 0, 0, 0, 1, 0, 9, 9, '2020-02-13 12:39:07', '2020-02-13 18:09:07'),
(108, '0000', '520_B', 0, 1, 1, 1, 0, 0, 0, 1, 0, 9, 9, '2020-02-14 08:35:19', '2020-02-14 14:05:19'),
(109, '0000', '520_B', 0, 1, 1, 1, 0, 0, 0, 1, 0, 9, 9, '2020-02-14 05:52:49', '2020-02-14 11:22:49'),
(110, '0000', '520_B', 0, 1, 1, 1, 0, 0, 0, 1, 0, 9, 9, '2020-02-14 06:04:57', '2020-02-14 11:34:57'),
(111, '0000', '520_B', 0, 1, 1, 1, 0, 0, 0, 1, 0, 9, 9, '2020-02-14 06:00:33', '2020-02-14 11:30:33'),
(112, '0000', '520_B', 0, 1, 1, 1, 0, 0, 0, 1, 0, 9, 9, '2020-02-14 05:55:58', '2020-02-14 11:25:58');

-- --------------------------------------------------------

--
-- Table structure for table `warranty`
--

CREATE TABLE `warranty` (
  `id` int(11) NOT NULL,
  `pv_id` bigint(11) DEFAULT NULL,
  `smp` tinyint(11) DEFAULT NULL,
  `pcp` tinyint(11) DEFAULT NULL,
  `type` tinyint(11) DEFAULT NULL,
  `move` tinyint(11) DEFAULT NULL,
  `rca` tinyint(11) DEFAULT NULL,
  `comment` varchar(200) DEFAULT NULL,
  `mail_to` varchar(100) DEFAULT NULL,
  `cc` varchar(200) DEFAULT NULL,
  `message` varchar(300) DEFAULT NULL,
  `po` varchar(100) DEFAULT NULL,
  `wbs` varchar(100) DEFAULT NULL,
  `updated_at` timestamp NULL DEFAULT NULL,
  `updated_by` tinyint(4) DEFAULT NULL,
  `created_at` timestamp NULL DEFAULT NULL,
  `created_by` tinyint(4) DEFAULT NULL
) ENGINE=InnoDB DEFAULT CHARSET=latin1;

--
-- Dumping data for table `warranty`
--

INSERT INTO `warranty` (`id`, `pv_id`, `smp`, `pcp`, `type`, `move`, `rca`, `comment`, `mail_to`, `cc`, `message`, `po`, `wbs`, `updated_at`, `updated_by`, `created_at`, `created_by`) VALUES
(1, 1, 2, 2, 1, 1, 0, '', NULL, NULL, NULL, '', '', '2020-01-04 10:11:08', 1, '2020-01-04 10:11:08', 1),
(2, 2, 2, 2, 1, 1, 0, '', NULL, NULL, NULL, '', '', '2020-01-04 10:25:29', 1, '2020-01-04 10:25:29', 1),
(3, 3, 1, 1, 1, 1, 0, '', NULL, NULL, NULL, '45678', '', '2020-01-04 10:51:45', 1, '2020-01-04 10:51:45', 1),
(4, 4, 2, 2, 1, 1, 0, '', NULL, NULL, NULL, '', '', '2020-01-04 10:55:15', 1, '2020-01-04 10:55:15', 1),
(5, 5, 2, 2, 1, 1, 0, '', NULL, NULL, NULL, '', '', '2020-01-04 10:59:00', 1, '2020-01-04 10:59:00', 1),
(6, 6, 1, 2, 1, 1, 0, '', NULL, NULL, NULL, '', 'LKJ878996THJ', '2020-01-04 11:09:36', 1, '2020-01-04 11:09:36', 1),
(7, 14, 1, 1, 1, 1, 0, 'DATE 25.01.2020', NULL, NULL, NULL, 'SNSS/19/GE-16', '', '2020-02-06 09:32:29', 1, '2020-02-06 09:32:29', 1),
(8, 12, 2, 2, 1, 1, 0, 'Trial items - not to be accounted', NULL, NULL, NULL, '', '', '2020-02-10 13:48:03', 12, '2020-02-10 13:48:03', 12),
(9, 13, 2, 2, 1, 1, 0, 'Trial items - not to be accounted', NULL, NULL, NULL, '', '', '2020-02-10 13:48:03', 12, '2020-02-10 13:48:03', 12),
(10, 9, 2, 2, 1, 1, 0, 'Trial Item - donot account', NULL, NULL, NULL, '', '', '2020-02-10 13:53:16', 12, '2020-02-10 13:53:16', 12),
(11, 7, 2, 2, 1, 1, 0, 'Test', NULL, NULL, NULL, '', '', '2020-02-10 13:57:20', 12, '2020-02-10 13:57:20', 12),
(12, 10, 2, 2, 1, 1, 0, 'Test', NULL, NULL, NULL, '', '', '2020-02-10 14:00:59', 12, '2020-02-10 14:00:59', 12),
(13, 11, 2, 2, 1, 1, 0, '', NULL, NULL, NULL, '', '', '2020-02-10 14:02:05', 12, '2020-02-10 14:02:05', 12),
(14, 21, 2, 2, 1, 1, 0, '', NULL, NULL, NULL, '', '', '2020-02-10 14:02:31', 12, '2020-02-10 14:02:31', 12),
(15, 17, 2, 2, 1, 1, 0, 'Test', NULL, NULL, NULL, '', '', '2020-02-10 14:03:49', 12, '2020-02-10 14:03:49', 12),
(16, 15, 2, 2, 1, 1, 0, 'Test', NULL, NULL, NULL, '', '', '2020-02-10 14:05:12', 12, '2020-02-10 14:05:12', 12),
(17, 65, 1, 1, 1, 2, 0, 'To be converted to J hardware.', NULL, NULL, NULL, 'NOT YET', '', '2020-02-11 03:09:44', 12, '2020-02-11 03:09:44', 12),
(18, 66, 2, 2, 1, 1, 0, '', NULL, NULL, NULL, '', '', '2020-02-11 03:12:34', 12, '2020-02-11 03:12:34', 12),
(19, 67, 2, 2, 1, 1, 0, '', NULL, NULL, NULL, '', '', '2020-02-11 03:12:37', 12, '2020-02-11 03:12:37', 12),
(20, 18, 1, 2, 1, 1, 0, '', NULL, NULL, NULL, '', '3269PP1395-9', '2020-02-11 03:45:39', 12, '2020-02-11 03:45:39', 12),
(21, 74, 2, 2, 1, 1, 0, 'Replacement already given to site. To be be given to PCP store after repair.', NULL, NULL, NULL, '', '', '2020-02-11 03:57:43', 12, '2020-02-11 03:57:43', 12),
(22, 16, 1, 1, 2, 1, 0, 'SDSU modification', NULL, NULL, NULL, 'SO  3269052688', '', '2020-02-11 11:08:18', 6, '2020-02-11 11:08:18', 6),
(24, 82, 1, 1, 2, 1, 0, 'SDSU modification', NULL, NULL, NULL, 'SO  3269052688', '', '2020-02-11 11:08:28', 6, '2020-02-11 11:08:28', 6),
(25, 85, 1, 1, 2, 1, 0, '', NULL, NULL, NULL, 'SO 3269052688', '', '2020-02-11 11:09:10', 6, '2020-02-11 11:09:10', 6),
(26, 84, 1, 2, 1, 1, 0, '', NULL, NULL, NULL, '', 'Replacement', '2020-02-11 11:10:48', 6, '2020-02-11 11:10:48', 6),
(27, 83, 2, 2, 1, 1, 0, '', NULL, NULL, NULL, '', '', '2020-02-11 11:11:35', 6, '2020-02-11 11:11:35', 6),
(28, 81, 1, 2, 2, 1, 0, '', NULL, NULL, NULL, '', '3269PP1796', '2020-02-11 11:15:22', 6, '2020-02-11 11:15:22', 6),
(29, 78, 1, 2, 1, 1, 0, '', NULL, NULL, NULL, '', 'SO- 3269046741', '2020-02-11 11:19:55', 6, '2020-02-11 11:19:55', 6),
(30, 79, 1, 2, 1, 1, 0, '', NULL, NULL, NULL, '', '3269PP1476-17', '2020-02-11 11:21:03', 6, '2020-02-11 11:21:03', 6),
(31, 75, 1, 2, 1, 1, 0, '', NULL, NULL, NULL, '', '3269PP996-9', '2020-02-11 11:22:34', 6, '2020-02-11 11:22:34', 6),
(32, 76, 1, 2, 1, 1, 0, '', NULL, NULL, NULL, '', '3269PP996-9', '2020-02-11 11:22:58', 6, '2020-02-11 11:22:58', 6),
(33, 77, 1, 2, 1, 1, 0, '', NULL, NULL, NULL, '', '3269PP996-9', '2020-02-11 11:23:23', 6, '2020-02-11 11:23:23', 6),
(34, 80, 1, 2, 2, 1, 0, '', NULL, NULL, NULL, '', '3269046580', '2020-02-11 11:41:20', 6, '2020-02-11 11:41:20', 6),
(35, 64, 1, 1, 1, 2, 0, 'WFA - Before software implementation', NULL, NULL, NULL, 'PO awaited', '', '2020-02-11 11:48:34', 12, '2020-02-11 11:48:34', 12),
(36, 86, 1, 2, 2, 1, 0, '', NULL, NULL, NULL, '', '3269PP1839', '2020-02-12 05:51:25', 6, '2020-02-12 05:51:25', 6),
(37, 96, 1, 2, 2, 1, 0, '', NULL, NULL, NULL, '', '3269PP1839', '2020-02-12 05:51:29', 6, '2020-02-12 05:51:29', 6),
(38, 95, 1, 2, 2, 1, 0, '', NULL, NULL, NULL, '', '3269PP1839', '2020-02-12 05:52:17', 6, '2020-02-12 05:52:17', 6),
(39, 94, 1, 2, 2, 1, 0, '', NULL, NULL, NULL, '', '3269PP1839', '2020-02-12 05:52:46', 6, '2020-02-12 05:52:46', 6),
(40, 93, 1, 2, 1, 1, 0, '', NULL, NULL, NULL, '', '3269PP1028-6', '2020-02-12 05:53:35', 6, '2020-02-12 05:53:35', 6),
(41, 92, 1, 2, 1, 1, 0, '', NULL, NULL, NULL, '', '3269PP1028-6', '2020-02-12 05:54:06', 6, '2020-02-12 05:54:06', 6),
(42, 91, 1, 2, 1, 1, 0, '', NULL, NULL, NULL, '', '3269PP1028-6', '2020-02-12 05:54:32', 6, '2020-02-12 05:54:32', 6),
(43, 90, 1, 2, 1, 1, 0, '', NULL, NULL, NULL, '', '3269PP1028-6', '2020-02-12 05:56:57', 6, '2020-02-12 05:56:57', 6),
(44, 89, 1, 2, 2, 1, 0, 'FIRMWARE CHANGE REQUEST', NULL, NULL, NULL, '', '3269048178', '2020-02-12 05:57:37', 6, '2020-02-12 05:57:37', 6),
(45, 88, 1, 2, 2, 1, 0, 'FIRMWARE CHANGE', NULL, NULL, NULL, '', '3269048178', '2020-02-12 05:58:14', 6, '2020-02-12 05:58:14', 6),
(46, 87, 1, 1, 2, 1, 0, 'Modify to  110V', NULL, NULL, NULL, 'GEDC APPL/PR.016/20', '', '2020-02-12 07:21:46', 6, '2020-02-12 07:21:46', 6),
(47, 107, 2, 2, 1, 1, 0, 'CCS  repair', NULL, NULL, NULL, '', '', '2020-02-13 05:57:39', 6, '2020-02-13 05:57:39', 6),
(48, 105, 2, 2, 1, 1, 0, 'Despatch relay  to Ashidha for repair & return', NULL, NULL, NULL, '', '', '2020-02-13 05:58:38', 6, '2020-02-13 05:58:38', 6),
(49, 106, 2, 2, 1, 1, 0, 'CCS repair', NULL, NULL, NULL, '', '', '2020-02-13 05:59:37', 6, '2020-02-13 05:59:37', 6),
(50, 108, 2, 2, 1, 1, 0, 'CCS repair', NULL, NULL, NULL, '', '', '2020-02-13 06:00:47', 6, '2020-02-13 06:00:47', 6),
(51, 97, 1, 1, 1, 2, 0, 'Offer to be  sent to  customer', NULL, NULL, NULL, '', '', '2020-02-13 06:02:39', 6, '2020-02-13 06:02:39', 6),
(52, 103, 1, 2, 1, 1, 0, 'Transit damage', NULL, NULL, NULL, '', '3269050884', '2020-02-13 09:05:59', 6, '2020-02-13 09:05:59', 6),
(53, 104, 2, 2, 1, 1, 0, 'Not working', NULL, NULL, NULL, '', '', '2020-02-13 09:06:32', 6, '2020-02-13 09:06:32', 6),
(54, 100, 1, 2, 1, 1, 0, 'Dust found  between core &  armature', NULL, NULL, NULL, '', '3269PP1511-46', '2020-02-13 09:07:53', 6, '2020-02-13 09:07:53', 6),
(55, 112, 2, 2, 1, 1, 0, '', NULL, NULL, NULL, '', '', '2020-02-13 09:09:55', 6, '2020-02-13 09:09:55', 6),
(56, 111, 2, 2, 1, 1, 0, '', NULL, NULL, NULL, '', '', '2020-02-13 09:10:22', 6, '2020-02-13 09:10:22', 6),
(57, 110, 2, 2, 1, 1, 0, '', NULL, NULL, NULL, '', '', '2020-02-13 09:10:44', 6, '2020-02-13 09:10:44', 6),
(58, 109, 2, 2, 1, 1, 0, 'CCS repair', NULL, NULL, NULL, '', '', '2020-02-13 09:11:10', 6, '2020-02-13 09:11:10', 6),
(59, 101, 2, 2, 1, 1, 0, '', NULL, NULL, NULL, '', '', '2020-02-13 09:12:38', 6, '2020-02-13 09:12:38', 6),
(60, 102, 2, 2, 1, 1, 0, '', NULL, NULL, NULL, '', '', '2020-02-13 09:12:58', 6, '2020-02-13 09:12:58', 6),
(61, 71, 2, 2, 1, 1, 0, 'BOJ', NULL, NULL, NULL, '', '', '2020-02-13 09:20:49', 6, '2020-02-13 09:20:49', 6),
(62, 72, 2, 2, 1, 1, 0, '', NULL, NULL, NULL, '', '', '2020-02-18 19:02:34', 1, '2020-02-18 19:02:34', 1),
(63, 73, 2, 2, 1, 1, 0, '', NULL, NULL, NULL, '', '', '2020-02-13 09:22:03', 6, '2020-02-13 09:22:03', 6),
(64, 113, 2, 2, 1, 1, 0, 'BOJ-  Intel   SMPS', NULL, NULL, NULL, '', '', '2020-02-13 09:22:59', 6, '2020-02-13 09:22:59', 6),
(65, 136, 1, 2, 2, 1, 0, '', NULL, NULL, NULL, '', '3269PP1965', '2020-02-14 07:18:29', 6, '2020-02-14 07:18:29', 6),
(66, 137, 1, 2, 2, 1, 0, '', NULL, NULL, NULL, '', '3269PP1965', '2020-02-14 07:18:58', 6, '2020-02-14 07:18:58', 6),
(67, 138, 1, 2, 2, 1, 0, '', NULL, NULL, NULL, '', '3269PP1965', '2020-02-14 07:20:31', 6, '2020-02-14 07:20:31', 6),
(68, 139, 1, 2, 2, 1, 0, '', NULL, NULL, NULL, '', '3269PP1965', '2020-02-14 07:21:01', 6, '2020-02-14 07:21:01', 6),
(69, 140, 1, 2, 2, 1, 0, '', NULL, NULL, NULL, '', '3269PP1965', '2020-02-14 07:21:36', 6, '2020-02-14 07:21:36', 6),
(70, 135, 1, 2, 2, 1, 0, '', NULL, NULL, NULL, '', '3269PP1965', '2020-02-14 07:22:40', 6, '2020-02-14 07:22:40', 6),
(71, 132, 2, 2, 3, 1, 0, 'RCA  required', NULL, NULL, NULL, '', '', '2020-02-14 08:40:32', 6, '2020-02-14 08:40:32', 6),
(72, 131, 2, 2, 3, 1, 0, 'RCA required', NULL, NULL, NULL, '', '', '2020-02-14 08:41:43', 6, '2020-02-14 08:41:43', 6),
(73, 133, 2, 2, 3, 1, 0, 'RCA required', NULL, NULL, NULL, '', '', '2020-02-14 08:42:34', 6, '2020-02-14 08:42:34', 6),
(74, 134, 2, 2, 3, 1, 0, 'RCA required', NULL, NULL, NULL, '', '', '2020-02-14 08:43:35', 6, '2020-02-14 08:43:35', 6),
(75, 142, 1, 2, 2, 1, 0, '', NULL, NULL, NULL, '', '3269044352', '2020-02-14 08:44:33', 6, '2020-02-14 08:44:33', 6);

--
-- Indexes for dumped tables
--

--
-- Indexes for table `aging`
--
ALTER TABLE `aging`
  ADD UNIQUE KEY `pv_id` (`pv_id`);

--
-- Indexes for table `auto_test_bench`
--
ALTER TABLE `auto_test_bench`
  ADD UNIQUE KEY `pv_id` (`pv_id`);

--
-- Indexes for table `dispatch`
--
ALTER TABLE `dispatch`
  ADD PRIMARY KEY (`id`);

--
-- Indexes for table `job_tickets`
--
ALTER TABLE `job_tickets`
  ADD PRIMARY KEY (`id`),
  ADD UNIQUE KEY `pv_id` (`pv_id`);

--
-- Indexes for table `job_ticket_materials`
--
ALTER TABLE `job_ticket_materials`
  ADD PRIMARY KEY (`id`);

--
-- Indexes for table `ma_customer`
--
ALTER TABLE `ma_customer`
  ADD PRIMARY KEY (`id`);

--
-- Indexes for table `ma_location`
--
ALTER TABLE `ma_location`
  ADD PRIMARY KEY (`id`);

--
-- Indexes for table `ma_manufacture`
--
ALTER TABLE `ma_manufacture`
  ADD PRIMARY KEY (`id`);

--
-- Indexes for table `ma_material`
--
ALTER TABLE `ma_material`
  ADD PRIMARY KEY (`id`);

--
-- Indexes for table `ma_material_type`
--
ALTER TABLE `ma_material_type`
  ADD PRIMARY KEY (`id`);

--
-- Indexes for table `ma_packing_style`
--
ALTER TABLE `ma_packing_style`
  ADD PRIMARY KEY (`id`);

--
-- Indexes for table `ma_product`
--
ALTER TABLE `ma_product`
  ADD PRIMARY KEY (`id`);

--
-- Indexes for table `ma_product_type`
--
ALTER TABLE `ma_product_type`
  ADD PRIMARY KEY (`id`);

--
-- Indexes for table `ma_pv_status`
--
ALTER TABLE `ma_pv_status`
  ADD PRIMARY KEY (`id`);

--
-- Indexes for table `ma_rack`
--
ALTER TABLE `ma_rack`
  ADD PRIMARY KEY (`id`);

--
-- Indexes for table `ma_rack_type`
--
ALTER TABLE `ma_rack_type`
  ADD PRIMARY KEY (`id`);

--
-- Indexes for table `ma_site`
--
ALTER TABLE `ma_site`
  ADD PRIMARY KEY (`id`);

--
-- Indexes for table `migrations`
--
ALTER TABLE `migrations`
  ADD PRIMARY KEY (`id`);

--
-- Indexes for table `physical_verification`
--
ALTER TABLE `physical_verification`
  ADD PRIMARY KEY (`id`);

--
-- Indexes for table `pv_status`
--
ALTER TABLE `pv_status`
  ADD UNIQUE KEY `pv_id` (`pv_id`);

--
-- Indexes for table `receipt`
--
ALTER TABLE `receipt`
  ADD PRIMARY KEY (`id`);

--
-- Indexes for table `rma`
--
ALTER TABLE `rma`
  ADD PRIMARY KEY (`id`);

--
-- Indexes for table `rma_delivery_address`
--
ALTER TABLE `rma_delivery_address`
  ADD PRIMARY KEY (`id`);

--
-- Indexes for table `rma_invoice_address`
--
ALTER TABLE `rma_invoice_address`
  ADD PRIMARY KEY (`id`);

--
-- Indexes for table `rma_unit_information`
--
ALTER TABLE `rma_unit_information`
  ADD PRIMARY KEY (`id`);

--
-- Indexes for table `rma_unit_serial_number`
--
ALTER TABLE `rma_unit_serial_number`
  ADD PRIMARY KEY (`id`);

--
-- Indexes for table `rms`
--
ALTER TABLE `rms`
  ADD UNIQUE KEY `pv_id` (`pv_id`);

--
-- Indexes for table `roles`
--
ALTER TABLE `roles`
  ADD PRIMARY KEY (`id`);

--
-- Indexes for table `users`
--
ALTER TABLE `users`
  ADD PRIMARY KEY (`id`);

--
-- Indexes for table `verification_completion`
--
ALTER TABLE `verification_completion`
  ADD UNIQUE KEY `pv_id` (`pv_id`);

--
-- Indexes for table `warranty`
--
ALTER TABLE `warranty`
  ADD PRIMARY KEY (`id`),
  ADD UNIQUE KEY `pv_id` (`pv_id`);

--
-- AUTO_INCREMENT for dumped tables
--

--
-- AUTO_INCREMENT for table `dispatch`
--
ALTER TABLE `dispatch`
  MODIFY `id` bigint(20) NOT NULL AUTO_INCREMENT, AUTO_INCREMENT=7;

--
-- AUTO_INCREMENT for table `job_tickets`
--
ALTER TABLE `job_tickets`
  MODIFY `id` bigint(20) NOT NULL AUTO_INCREMENT, AUTO_INCREMENT=33;

--
-- AUTO_INCREMENT for table `job_ticket_materials`
--
ALTER TABLE `job_ticket_materials`
  MODIFY `id` bigint(20) NOT NULL AUTO_INCREMENT, AUTO_INCREMENT=147;

--
-- AUTO_INCREMENT for table `ma_customer`
--
ALTER TABLE `ma_customer`
  MODIFY `id` bigint(20) UNSIGNED NOT NULL AUTO_INCREMENT, AUTO_INCREMENT=39;

--
-- AUTO_INCREMENT for table `ma_location`
--
ALTER TABLE `ma_location`
  MODIFY `id` bigint(20) UNSIGNED NOT NULL AUTO_INCREMENT, AUTO_INCREMENT=774;

--
-- AUTO_INCREMENT for table `ma_manufacture`
--
ALTER TABLE `ma_manufacture`
  MODIFY `id` bigint(20) UNSIGNED NOT NULL AUTO_INCREMENT;

--
-- AUTO_INCREMENT for table `ma_material`
--
ALTER TABLE `ma_material`
  MODIFY `id` bigint(20) UNSIGNED NOT NULL AUTO_INCREMENT;

--
-- AUTO_INCREMENT for table `ma_material_type`
--
ALTER TABLE `ma_material_type`
  MODIFY `id` bigint(20) UNSIGNED NOT NULL AUTO_INCREMENT, AUTO_INCREMENT=2;

--
-- AUTO_INCREMENT for table `ma_packing_style`
--
ALTER TABLE `ma_packing_style`
  MODIFY `id` bigint(20) UNSIGNED NOT NULL AUTO_INCREMENT;

--
-- AUTO_INCREMENT for table `ma_product`
--
ALTER TABLE `ma_product`
  MODIFY `id` bigint(20) UNSIGNED NOT NULL AUTO_INCREMENT, AUTO_INCREMENT=618;

--
-- AUTO_INCREMENT for table `ma_product_type`
--
ALTER TABLE `ma_product_type`
  MODIFY `id` bigint(20) UNSIGNED NOT NULL AUTO_INCREMENT, AUTO_INCREMENT=31;

--
-- AUTO_INCREMENT for table `ma_pv_status`
--
ALTER TABLE `ma_pv_status`
  MODIFY `id` tinyint(4) NOT NULL AUTO_INCREMENT, AUTO_INCREMENT=16;

--
-- AUTO_INCREMENT for table `ma_rack`
--
ALTER TABLE `ma_rack`
  MODIFY `id` bigint(20) UNSIGNED NOT NULL AUTO_INCREMENT, AUTO_INCREMENT=3;

--
-- AUTO_INCREMENT for table `ma_rack_type`
--
ALTER TABLE `ma_rack_type`
  MODIFY `id` bigint(20) UNSIGNED NOT NULL AUTO_INCREMENT, AUTO_INCREMENT=3;

--
-- AUTO_INCREMENT for table `ma_site`
--
ALTER TABLE `ma_site`
  MODIFY `id` bigint(20) UNSIGNED NOT NULL AUTO_INCREMENT, AUTO_INCREMENT=32;

--
-- AUTO_INCREMENT for table `migrations`
--
ALTER TABLE `migrations`
  MODIFY `id` int(10) UNSIGNED NOT NULL AUTO_INCREMENT, AUTO_INCREMENT=30;

--
-- AUTO_INCREMENT for table `physical_verification`
--
ALTER TABLE `physical_verification`
  MODIFY `id` bigint(20) NOT NULL AUTO_INCREMENT, AUTO_INCREMENT=155;

--
-- AUTO_INCREMENT for table `receipt`
--
ALTER TABLE `receipt`
  MODIFY `id` bigint(20) NOT NULL AUTO_INCREMENT, AUTO_INCREMENT=78;

--
-- AUTO_INCREMENT for table `rma`
--
ALTER TABLE `rma`
  MODIFY `id` bigint(20) NOT NULL AUTO_INCREMENT, AUTO_INCREMENT=40220095;

--
-- AUTO_INCREMENT for table `rma_delivery_address`
--
ALTER TABLE `rma_delivery_address`
  MODIFY `id` bigint(11) NOT NULL AUTO_INCREMENT, AUTO_INCREMENT=88;

--
-- AUTO_INCREMENT for table `rma_invoice_address`
--
ALTER TABLE `rma_invoice_address`
  MODIFY `id` bigint(11) NOT NULL AUTO_INCREMENT, AUTO_INCREMENT=88;

--
-- AUTO_INCREMENT for table `rma_unit_information`
--
ALTER TABLE `rma_unit_information`
  MODIFY `id` bigint(11) NOT NULL AUTO_INCREMENT, AUTO_INCREMENT=164;

--
-- AUTO_INCREMENT for table `rma_unit_serial_number`
--
ALTER TABLE `rma_unit_serial_number`
  MODIFY `id` bigint(11) NOT NULL AUTO_INCREMENT;

--
-- AUTO_INCREMENT for table `roles`
--
ALTER TABLE `roles`
  MODIFY `id` int(10) UNSIGNED NOT NULL AUTO_INCREMENT, AUTO_INCREMENT=4;

--
-- AUTO_INCREMENT for table `users`
--
ALTER TABLE `users`
  MODIFY `id` bigint(20) UNSIGNED NOT NULL AUTO_INCREMENT, AUTO_INCREMENT=17;

--
-- AUTO_INCREMENT for table `warranty`
--
ALTER TABLE `warranty`
  MODIFY `id` int(11) NOT NULL AUTO_INCREMENT, AUTO_INCREMENT=76;
COMMIT;

/*!40101 SET CHARACTER_SET_CLIENT=@OLD_CHARACTER_SET_CLIENT */;
/*!40101 SET CHARACTER_SET_RESULTS=@OLD_CHARACTER_SET_RESULTS */;
/*!40101 SET COLLATION_CONNECTION=@OLD_COLLATION_CONNECTION */;
